<?xml version="1.0" encoding="UTF-8"?>
<gpx xmlns:gpxdata="http://www.cluetrust.com/XML/GPXDATA/1/0" xmlns:xsi="http://www.w3.org/2001/XMLSchema-instance" xmlns="http://www.topografix.com/GPX/1/1" version="1.1" creator="http://ridewithgps.com/" xsi:schemaLocation="http://www.topografix.com/GPX/1/1 http://www.topografix.com/GPX/1/1/gpx.xsd http://www.cluetrust.com/XML/GPXDATA/1/0 http://www.cluetrust.com/Schemas/gpxdata10.xsd">
  <metadata>
    <name>solstice ride</name>
    <link href="https://ridewithgps.com/routes/55675093">
      <text>solstice ride</text>
    </link>
    <time>2026-06-15T21:27:41Z</time>
  </metadata>
  <trk>
    <name>solstice ride</name>
    <trkseg>
      <trkpt lat="41.69861" lon="-73.91958">
        <ele>63.3</ele>
      </trkpt>
      <trkpt lat="41.69844" lon="-73.91903">
        <ele>62.0</ele>
      </trkpt>
      <trkpt lat="41.69852" lon="-73.91906">
        <ele>62.3</ele>
      </trkpt>
      <trkpt lat="41.69844" lon="-73.91879">
        <ele>61.0</ele>
      </trkpt>
      <trkpt lat="41.69835" lon="-73.91836">
        <ele>59.6</ele>
      </trkpt>
      <trkpt lat="41.69844" lon="-73.91837">
        <ele>59.6</ele>
      </trkpt>
      <trkpt lat="41.69868" lon="-73.91839">
        <ele>59.5</ele>
      </trkpt>
      <trkpt lat="41.69881" lon="-73.91839">
        <ele>59.4</ele>
      </trkpt>
      <trkpt lat="41.69956" lon="-73.9183">
        <ele>58.8</ele>
      </trkpt>
      <trkpt lat="41.70009" lon="-73.91819">
        <ele>58.2</ele>
      </trkpt>
      <trkpt lat="41.70063" lon="-73.91808">
        <ele>56.9</ele>
      </trkpt>
      <trkpt lat="41.7008" lon="-73.91808">
        <ele>56.6</ele>
      </trkpt>
      <trkpt lat="41.70114" lon="-73.91912">
        <ele>55.9</ele>
      </trkpt>
      <trkpt lat="41.70148" lon="-73.92015">
        <ele>55.7</ele>
      </trkpt>
      <trkpt lat="41.70176" lon="-73.92105">
        <ele>54.8</ele>
      </trkpt>
      <trkpt lat="41.70183" lon="-73.92135">
        <ele>55.3</ele>
      </trkpt>
      <trkpt lat="41.70189" lon="-73.92181">
        <ele>55.5</ele>
      </trkpt>
      <trkpt lat="41.70195" lon="-73.92249">
        <ele>55.1</ele>
      </trkpt>
      <trkpt lat="41.70199" lon="-73.92284">
        <ele>55.0</ele>
      </trkpt>
      <trkpt lat="41.70205" lon="-73.92315">
        <ele>55.0</ele>
      </trkpt>
      <trkpt lat="41.70211" lon="-73.92347">
        <ele>55.0</ele>
      </trkpt>
      <trkpt lat="41.70236" lon="-73.9242">
        <ele>54.9</ele>
      </trkpt>
      <trkpt lat="41.7026" lon="-73.92493">
        <ele>55.1</ele>
      </trkpt>
      <trkpt lat="41.70281" lon="-73.92551">
        <ele>55.2</ele>
      </trkpt>
      <trkpt lat="41.70315" lon="-73.92631">
        <ele>54.9</ele>
      </trkpt>
      <trkpt lat="41.70349" lon="-73.92712">
        <ele>54.9</ele>
      </trkpt>
      <trkpt lat="41.70382" lon="-73.92793">
        <ele>54.3</ele>
      </trkpt>
      <trkpt lat="41.704" lon="-73.92841">
        <ele>53.7</ele>
      </trkpt>
      <trkpt lat="41.70416" lon="-73.92885">
        <ele>52.9</ele>
      </trkpt>
      <trkpt lat="41.70499" lon="-73.92855">
        <ele>53.0</ele>
      </trkpt>
      <trkpt lat="41.70578" lon="-73.92823">
        <ele>53.0</ele>
      </trkpt>
      <trkpt lat="41.70625" lon="-73.92806">
        <ele>53.2</ele>
      </trkpt>
      <trkpt lat="41.70701" lon="-73.92773">
        <ele>54.4</ele>
      </trkpt>
      <trkpt lat="41.70714" lon="-73.92867">
        <ele>51.7</ele>
      </trkpt>
      <trkpt lat="41.70718" lon="-73.92874">
        <ele>51.5</ele>
      </trkpt>
      <trkpt lat="41.70725" lon="-73.9288">
        <ele>51.6</ele>
      </trkpt>
      <trkpt lat="41.70732" lon="-73.92883">
        <ele>52.0</ele>
      </trkpt>
      <trkpt lat="41.70738" lon="-73.92885">
        <ele>52.4</ele>
      </trkpt>
      <trkpt lat="41.70763" lon="-73.92883">
        <ele>53.6</ele>
      </trkpt>
      <trkpt lat="41.70777" lon="-73.92887">
        <ele>53.7</ele>
      </trkpt>
      <trkpt lat="41.7079" lon="-73.92887">
        <ele>53.7</ele>
      </trkpt>
      <trkpt lat="41.70804" lon="-73.9289">
        <ele>53.5</ele>
      </trkpt>
      <trkpt lat="41.70844" lon="-73.92902">
        <ele>51.2</ele>
      </trkpt>
      <trkpt lat="41.70917" lon="-73.9292">
        <ele>46.9</ele>
      </trkpt>
      <trkpt lat="41.7095" lon="-73.9293">
        <ele>45.1</ele>
      </trkpt>
      <trkpt lat="41.70963" lon="-73.92933">
        <ele>44.4</ele>
      </trkpt>
      <trkpt lat="41.70967" lon="-73.92936">
        <ele>44.2</ele>
      </trkpt>
      <trkpt lat="41.70987" lon="-73.9294">
        <ele>43.2</ele>
      </trkpt>
      <trkpt lat="41.71038" lon="-73.9295">
        <ele>45.2</ele>
      </trkpt>
      <trkpt lat="41.71085" lon="-73.92958">
        <ele>50.0</ele>
      </trkpt>
      <trkpt lat="41.71132" lon="-73.92966">
        <ele>51.0</ele>
      </trkpt>
      <trkpt lat="41.71152" lon="-73.92858">
        <ele>51.5</ele>
      </trkpt>
      <trkpt lat="41.71172" lon="-73.92751">
        <ele>51.1</ele>
      </trkpt>
      <trkpt lat="41.71175" lon="-73.92741">
        <ele>51.2</ele>
      </trkpt>
      <trkpt lat="41.71185" lon="-73.92715">
        <ele>51.0</ele>
      </trkpt>
      <trkpt lat="41.71164" lon="-73.92697">
        <ele>54.7</ele>
      </trkpt>
      <trkpt lat="41.7113" lon="-73.92785">
        <ele>55.3</ele>
      </trkpt>
      <trkpt lat="41.71111" lon="-73.9284">
        <ele>56.3</ele>
      </trkpt>
      <trkpt lat="41.71082" lon="-73.92936">
        <ele>56.6</ele>
      </trkpt>
      <trkpt lat="41.71074" lon="-73.9297">
        <ele>56.7</ele>
      </trkpt>
      <trkpt lat="41.71068" lon="-73.93">
        <ele>56.8</ele>
      </trkpt>
      <trkpt lat="41.7106" lon="-73.93055">
        <ele>57.0</ele>
      </trkpt>
      <trkpt lat="41.71055" lon="-73.93109">
        <ele>57.1</ele>
      </trkpt>
      <trkpt lat="41.71051" lon="-73.93193">
        <ele>57.4</ele>
      </trkpt>
      <trkpt lat="41.71052" lon="-73.9331">
        <ele>57.8</ele>
      </trkpt>
      <trkpt lat="41.71053" lon="-73.93428">
        <ele>58.2</ele>
      </trkpt>
      <trkpt lat="41.71054" lon="-73.93545">
        <ele>58.5</ele>
      </trkpt>
      <trkpt lat="41.71054" lon="-73.93663">
        <ele>58.9</ele>
      </trkpt>
      <trkpt lat="41.71055" lon="-73.93781">
        <ele>59.3</ele>
      </trkpt>
      <trkpt lat="41.71056" lon="-73.93898">
        <ele>59.7</ele>
      </trkpt>
      <trkpt lat="41.71057" lon="-73.94016">
        <ele>60.0</ele>
      </trkpt>
      <trkpt lat="41.71058" lon="-73.94133">
        <ele>60.4</ele>
      </trkpt>
      <trkpt lat="41.71059" lon="-73.94251">
        <ele>60.8</ele>
      </trkpt>
      <trkpt lat="41.71059" lon="-73.94368">
        <ele>61.2</ele>
      </trkpt>
      <trkpt lat="41.7106" lon="-73.94486">
        <ele>61.6</ele>
      </trkpt>
      <trkpt lat="41.71061" lon="-73.94604">
        <ele>61.9</ele>
      </trkpt>
      <trkpt lat="41.71062" lon="-73.94721">
        <ele>62.3</ele>
      </trkpt>
      <trkpt lat="41.71063" lon="-73.94839">
        <ele>62.7</ele>
      </trkpt>
      <trkpt lat="41.71064" lon="-73.94956">
        <ele>63.1</ele>
      </trkpt>
      <trkpt lat="41.71064" lon="-73.95074">
        <ele>63.4</ele>
      </trkpt>
      <trkpt lat="41.71065" lon="-73.95191">
        <ele>63.8</ele>
      </trkpt>
      <trkpt lat="41.71066" lon="-73.95309">
        <ele>64.2</ele>
      </trkpt>
      <trkpt lat="41.71067" lon="-73.95427">
        <ele>64.6</ele>
      </trkpt>
      <trkpt lat="41.71066" lon="-73.95486">
        <ele>64.8</ele>
      </trkpt>
      <trkpt lat="41.71067" lon="-73.95506">
        <ele>66.2</ele>
      </trkpt>
      <trkpt lat="41.71071" lon="-73.95557">
        <ele>67.5</ele>
      </trkpt>
      <trkpt lat="41.7107" lon="-73.95582">
        <ele>68.3</ele>
      </trkpt>
      <trkpt lat="41.71068" lon="-73.95614">
        <ele>69.8</ele>
      </trkpt>
      <trkpt lat="41.71065" lon="-73.95663">
        <ele>70.2</ele>
      </trkpt>
      <trkpt lat="41.71054" lon="-73.95749">
        <ele>69.8</ele>
      </trkpt>
      <trkpt lat="41.71044" lon="-73.95835">
        <ele>72.0</ele>
      </trkpt>
      <trkpt lat="41.71037" lon="-73.95882">
        <ele>72.3</ele>
      </trkpt>
      <trkpt lat="41.71032" lon="-73.95926">
        <ele>72.4</ele>
      </trkpt>
      <trkpt lat="41.7103" lon="-73.95955">
        <ele>73.5</ele>
      </trkpt>
      <trkpt lat="41.71029" lon="-73.95984">
        <ele>74.7</ele>
      </trkpt>
      <trkpt lat="41.71029" lon="-73.96012">
        <ele>77.6</ele>
      </trkpt>
      <trkpt lat="41.71032" lon="-73.9604">
        <ele>78.8</ele>
      </trkpt>
      <trkpt lat="41.7104" lon="-73.96093">
        <ele>81.7</ele>
      </trkpt>
      <trkpt lat="41.71045" lon="-73.96118">
        <ele>82.0</ele>
      </trkpt>
      <trkpt lat="41.71051" lon="-73.96142">
        <ele>82.3</ele>
      </trkpt>
      <trkpt lat="41.71059" lon="-73.96165">
        <ele>82.5</ele>
      </trkpt>
      <trkpt lat="41.71068" lon="-73.96188">
        <ele>82.7</ele>
      </trkpt>
      <trkpt lat="41.71078" lon="-73.9621">
        <ele>82.7</ele>
      </trkpt>
      <trkpt lat="41.71088" lon="-73.96229">
        <ele>82.7</ele>
      </trkpt>
      <trkpt lat="41.71112" lon="-73.96265">
        <ele>82.8</ele>
      </trkpt>
      <trkpt lat="41.71124" lon="-73.96283">
        <ele>82.6</ele>
      </trkpt>
      <trkpt lat="41.71181" lon="-73.9635">
        <ele>82.3</ele>
      </trkpt>
      <trkpt lat="41.71237" lon="-73.96418">
        <ele>82.2</ele>
      </trkpt>
      <trkpt lat="41.7125" lon="-73.96434">
        <ele>81.6</ele>
      </trkpt>
      <trkpt lat="41.71267" lon="-73.96458">
        <ele>83.1</ele>
      </trkpt>
      <trkpt lat="41.71294" lon="-73.96491">
        <ele>83.0</ele>
      </trkpt>
      <trkpt lat="41.71336" lon="-73.96539">
        <ele>83.7</ele>
      </trkpt>
      <trkpt lat="41.71379" lon="-73.96586">
        <ele>84.9</ele>
      </trkpt>
      <trkpt lat="41.71441" lon="-73.96652">
        <ele>85.3</ele>
      </trkpt>
      <trkpt lat="41.71504" lon="-73.96719">
        <ele>87.9</ele>
      </trkpt>
      <trkpt lat="41.71517" lon="-73.96731">
        <ele>87.9</ele>
      </trkpt>
      <trkpt lat="41.71531" lon="-73.96742">
        <ele>87.5</ele>
      </trkpt>
      <trkpt lat="41.71558" lon="-73.96762">
        <ele>88.1</ele>
      </trkpt>
      <trkpt lat="41.71586" lon="-73.96779">
        <ele>88.0</ele>
      </trkpt>
      <trkpt lat="41.71614" lon="-73.96791">
        <ele>87.3</ele>
      </trkpt>
      <trkpt lat="41.71644" lon="-73.96802">
        <ele>86.1</ele>
      </trkpt>
      <trkpt lat="41.71703" lon="-73.96819">
        <ele>86.3</ele>
      </trkpt>
      <trkpt lat="41.71738" lon="-73.96827">
        <ele>86.5</ele>
      </trkpt>
      <trkpt lat="41.71768" lon="-73.96834">
        <ele>86.7</ele>
      </trkpt>
      <trkpt lat="41.71826" lon="-73.96849">
        <ele>88.1</ele>
      </trkpt>
      <trkpt lat="41.71884" lon="-73.96864">
        <ele>85.4</ele>
      </trkpt>
      <trkpt lat="41.71934" lon="-73.9688">
        <ele>85.3</ele>
      </trkpt>
      <trkpt lat="41.71984" lon="-73.96896">
        <ele>85.4</ele>
      </trkpt>
      <trkpt lat="41.72036" lon="-73.96911">
        <ele>85.1</ele>
      </trkpt>
      <trkpt lat="41.72117" lon="-73.9693">
        <ele>85.1</ele>
      </trkpt>
      <trkpt lat="41.72198" lon="-73.96949">
        <ele>85.2</ele>
      </trkpt>
      <trkpt lat="41.7228" lon="-73.96968">
        <ele>85.5</ele>
      </trkpt>
      <trkpt lat="41.72328" lon="-73.9698">
        <ele>85.7</ele>
      </trkpt>
      <trkpt lat="41.72376" lon="-73.96992">
        <ele>85.9</ele>
      </trkpt>
      <trkpt lat="41.72462" lon="-73.97013">
        <ele>88.2</ele>
      </trkpt>
      <trkpt lat="41.72549" lon="-73.97034">
        <ele>89.4</ele>
      </trkpt>
      <trkpt lat="41.72635" lon="-73.97055">
        <ele>88.9</ele>
      </trkpt>
      <trkpt lat="41.72713" lon="-73.97075">
        <ele>89.0</ele>
      </trkpt>
      <trkpt lat="41.72791" lon="-73.97094">
        <ele>90.4</ele>
      </trkpt>
      <trkpt lat="41.72869" lon="-73.97114">
        <ele>93.0</ele>
      </trkpt>
      <trkpt lat="41.72944" lon="-73.97134">
        <ele>88.8</ele>
      </trkpt>
      <trkpt lat="41.72976" lon="-73.97145">
        <ele>90.5</ele>
      </trkpt>
      <trkpt lat="41.72991" lon="-73.97153">
        <ele>91.3</ele>
      </trkpt>
      <trkpt lat="41.73067" lon="-73.97196">
        <ele>92.2</ele>
      </trkpt>
      <trkpt lat="41.73084" lon="-73.97207">
        <ele>92.8</ele>
      </trkpt>
      <trkpt lat="41.73149" lon="-73.97255">
        <ele>94.4</ele>
      </trkpt>
      <trkpt lat="41.73214" lon="-73.97303">
        <ele>94.8</ele>
      </trkpt>
      <trkpt lat="41.7326" lon="-73.97342">
        <ele>95.8</ele>
      </trkpt>
      <trkpt lat="41.73272" lon="-73.97351">
        <ele>95.7</ele>
      </trkpt>
      <trkpt lat="41.73286" lon="-73.97363">
        <ele>95.8</ele>
      </trkpt>
      <trkpt lat="41.7332" lon="-73.974">
        <ele>96.2</ele>
      </trkpt>
      <trkpt lat="41.73353" lon="-73.9744">
        <ele>96.7</ele>
      </trkpt>
      <trkpt lat="41.73367" lon="-73.97459">
        <ele>96.7</ele>
      </trkpt>
      <trkpt lat="41.73389" lon="-73.97492">
        <ele>96.7</ele>
      </trkpt>
      <trkpt lat="41.73411" lon="-73.97534">
        <ele>99.0</ele>
      </trkpt>
      <trkpt lat="41.7344" lon="-73.97595">
        <ele>105.0</ele>
      </trkpt>
      <trkpt lat="41.73455" lon="-73.97634">
        <ele>100.9</ele>
      </trkpt>
      <trkpt lat="41.73468" lon="-73.97675">
        <ele>100.3</ele>
      </trkpt>
      <trkpt lat="41.73479" lon="-73.97714">
        <ele>100.3</ele>
      </trkpt>
      <trkpt lat="41.73487" lon="-73.97752">
        <ele>102.9</ele>
      </trkpt>
      <trkpt lat="41.73494" lon="-73.97792">
        <ele>103.0</ele>
      </trkpt>
      <trkpt lat="41.73499" lon="-73.97828">
        <ele>102.8</ele>
      </trkpt>
      <trkpt lat="41.73505" lon="-73.97893">
        <ele>104.0</ele>
      </trkpt>
      <trkpt lat="41.73512" lon="-73.97958">
        <ele>101.1</ele>
      </trkpt>
      <trkpt lat="41.7352" lon="-73.98062">
        <ele>103.2</ele>
      </trkpt>
      <trkpt lat="41.73523" lon="-73.98097">
        <ele>103.9</ele>
      </trkpt>
      <trkpt lat="41.73532" lon="-73.98198">
        <ele>106.0</ele>
      </trkpt>
      <trkpt lat="41.73542" lon="-73.98299">
        <ele>106.2</ele>
      </trkpt>
      <trkpt lat="41.73551" lon="-73.984">
        <ele>106.3</ele>
      </trkpt>
      <trkpt lat="41.73561" lon="-73.98501">
        <ele>105.7</ele>
      </trkpt>
      <trkpt lat="41.7357" lon="-73.98603">
        <ele>104.9</ele>
      </trkpt>
      <trkpt lat="41.73579" lon="-73.98718">
        <ele>103.3</ele>
      </trkpt>
      <trkpt lat="41.73588" lon="-73.98833">
        <ele>100.9</ele>
      </trkpt>
      <trkpt lat="41.73596" lon="-73.98948">
        <ele>101.7</ele>
      </trkpt>
      <trkpt lat="41.73605" lon="-73.99064">
        <ele>101.0</ele>
      </trkpt>
      <trkpt lat="41.73609" lon="-73.99144">
        <ele>98.0</ele>
      </trkpt>
      <trkpt lat="41.73613" lon="-73.99224">
        <ele>98.1</ele>
      </trkpt>
      <trkpt lat="41.73617" lon="-73.99304">
        <ele>92.7</ele>
      </trkpt>
      <trkpt lat="41.73623" lon="-73.99402">
        <ele>97.3</ele>
      </trkpt>
      <trkpt lat="41.73629" lon="-73.99499">
        <ele>97.4</ele>
      </trkpt>
      <trkpt lat="41.73635" lon="-73.99597">
        <ele>100.9</ele>
      </trkpt>
      <trkpt lat="41.7364" lon="-73.99694">
        <ele>101.4</ele>
      </trkpt>
      <trkpt lat="41.73646" lon="-73.99792">
        <ele>102.7</ele>
      </trkpt>
      <trkpt lat="41.73651" lon="-73.99893">
        <ele>103.4</ele>
      </trkpt>
      <trkpt lat="41.73655" lon="-73.99995">
        <ele>103.5</ele>
      </trkpt>
      <trkpt lat="41.7366" lon="-74.00096">
        <ele>106.8</ele>
      </trkpt>
      <trkpt lat="41.73654" lon="-74.00113">
        <ele>107.3</ele>
      </trkpt>
      <trkpt lat="41.73653" lon="-74.00127">
        <ele>107.7</ele>
      </trkpt>
      <trkpt lat="41.73651" lon="-74.00132">
        <ele>107.8</ele>
      </trkpt>
      <trkpt lat="41.73648" lon="-74.00139">
        <ele>107.9</ele>
      </trkpt>
      <trkpt lat="41.73619" lon="-74.00175">
        <ele>110.1</ele>
      </trkpt>
      <trkpt lat="41.73593" lon="-74.00233">
        <ele>112.2</ele>
      </trkpt>
      <trkpt lat="41.73589" lon="-74.00249">
        <ele>112.8</ele>
      </trkpt>
      <trkpt lat="41.73588" lon="-74.00274">
        <ele>113.7</ele>
      </trkpt>
      <trkpt lat="41.7358" lon="-74.00309">
        <ele>114.4</ele>
      </trkpt>
      <trkpt lat="41.73582" lon="-74.00326">
        <ele>114.7</ele>
      </trkpt>
      <trkpt lat="41.73587" lon="-74.00333">
        <ele>115.0</ele>
      </trkpt>
      <trkpt lat="41.73598" lon="-74.00316">
        <ele>115.0</ele>
      </trkpt>
      <trkpt lat="41.73615" lon="-74.00295">
        <ele>115.0</ele>
      </trkpt>
      <trkpt lat="41.73636" lon="-74.00264">
        <ele>110.7</ele>
      </trkpt>
      <trkpt lat="41.73669" lon="-74.00223">
        <ele>109.8</ele>
      </trkpt>
      <trkpt lat="41.73694" lon="-74.00195">
        <ele>112.0</ele>
      </trkpt>
      <trkpt lat="41.73715" lon="-74.00175">
        <ele>114.0</ele>
      </trkpt>
      <trkpt lat="41.73744" lon="-74.00154">
        <ele>116.3</ele>
      </trkpt>
      <trkpt lat="41.73779" lon="-74.0013">
        <ele>116.5</ele>
      </trkpt>
      <trkpt lat="41.73838" lon="-74.00094">
        <ele>116.8</ele>
      </trkpt>
      <trkpt lat="41.73897" lon="-74.00057">
        <ele>117.4</ele>
      </trkpt>
      <trkpt lat="41.73951" lon="-74.00026">
        <ele>118.6</ele>
      </trkpt>
      <trkpt lat="41.73979" lon="-74.00008">
        <ele>118.7</ele>
      </trkpt>
      <trkpt lat="41.73993" lon="-74.00068">
        <ele>122.7</ele>
      </trkpt>
      <trkpt lat="41.74001" lon="-74.00069">
        <ele>123.0</ele>
      </trkpt>
      <trkpt lat="41.74068" lon="-74.00093">
        <ele>128.2</ele>
      </trkpt>
      <trkpt lat="41.74109" lon="-74.00111">
        <ele>130.1</ele>
      </trkpt>
      <trkpt lat="41.74139" lon="-74.00127">
        <ele>131.4</ele>
      </trkpt>
      <trkpt lat="41.74147" lon="-74.0013">
        <ele>131.6</ele>
      </trkpt>
      <trkpt lat="41.74162" lon="-74.00132">
        <ele>131.8</ele>
      </trkpt>
      <trkpt lat="41.74235" lon="-74.0013">
        <ele>131.9</ele>
      </trkpt>
      <trkpt lat="41.74292" lon="-74.00132">
        <ele>130.3</ele>
      </trkpt>
      <trkpt lat="41.74309" lon="-74.00132">
        <ele>130.4</ele>
      </trkpt>
      <trkpt lat="41.74328" lon="-74.0013">
        <ele>130.2</ele>
      </trkpt>
      <trkpt lat="41.74344" lon="-74.00135">
        <ele>130.8</ele>
      </trkpt>
      <trkpt lat="41.74358" lon="-74.00141">
        <ele>131.5</ele>
      </trkpt>
      <trkpt lat="41.74397" lon="-74.00171">
        <ele>131.7</ele>
      </trkpt>
      <trkpt lat="41.74415" lon="-74.00178">
        <ele>130.5</ele>
      </trkpt>
      <trkpt lat="41.74469" lon="-74.00193">
        <ele>129.1</ele>
      </trkpt>
      <trkpt lat="41.7452" lon="-74.0021">
        <ele>128.4</ele>
      </trkpt>
      <trkpt lat="41.74538" lon="-74.00217">
        <ele>127.7</ele>
      </trkpt>
      <trkpt lat="41.74552" lon="-74.00225">
        <ele>127.2</ele>
      </trkpt>
      <trkpt lat="41.74561" lon="-74.00234">
        <ele>126.7</ele>
      </trkpt>
      <trkpt lat="41.74567" lon="-74.00241">
        <ele>126.6</ele>
      </trkpt>
      <trkpt lat="41.74597" lon="-74.0029">
        <ele>126.6</ele>
      </trkpt>
      <trkpt lat="41.74628" lon="-74.00338">
        <ele>126.6</ele>
      </trkpt>
      <trkpt lat="41.74665" lon="-74.00396">
        <ele>126.6</ele>
      </trkpt>
      <trkpt lat="41.74678" lon="-74.00413">
        <ele>126.6</ele>
      </trkpt>
      <trkpt lat="41.74696" lon="-74.00444">
        <ele>126.6</ele>
      </trkpt>
      <trkpt lat="41.74706" lon="-74.00464">
        <ele>126.6</ele>
      </trkpt>
      <trkpt lat="41.74714" lon="-74.00492">
        <ele>127.1</ele>
      </trkpt>
      <trkpt lat="41.74725" lon="-74.00557">
        <ele>127.9</ele>
      </trkpt>
      <trkpt lat="41.74731" lon="-74.00589">
        <ele>127.9</ele>
      </trkpt>
      <trkpt lat="41.7474" lon="-74.00613">
        <ele>128.4</ele>
      </trkpt>
      <trkpt lat="41.74748" lon="-74.00628">
        <ele>129.4</ele>
      </trkpt>
      <trkpt lat="41.7476" lon="-74.00644">
        <ele>130.2</ele>
      </trkpt>
      <trkpt lat="41.74784" lon="-74.00668">
        <ele>130.5</ele>
      </trkpt>
      <trkpt lat="41.74808" lon="-74.00689">
        <ele>129.9</ele>
      </trkpt>
      <trkpt lat="41.74821" lon="-74.00696">
        <ele>129.4</ele>
      </trkpt>
      <trkpt lat="41.74879" lon="-74.00717">
        <ele>127.6</ele>
      </trkpt>
      <trkpt lat="41.74936" lon="-74.00738">
        <ele>126.8</ele>
      </trkpt>
      <trkpt lat="41.74959" lon="-74.00749">
        <ele>125.7</ele>
      </trkpt>
      <trkpt lat="41.74969" lon="-74.00756">
        <ele>125.4</ele>
      </trkpt>
      <trkpt lat="41.74985" lon="-74.00771">
        <ele>125.2</ele>
      </trkpt>
      <trkpt lat="41.75" lon="-74.00792">
        <ele>125.3</ele>
      </trkpt>
      <trkpt lat="41.75021" lon="-74.00812">
        <ele>125.4</ele>
      </trkpt>
      <trkpt lat="41.75041" lon="-74.00828">
        <ele>126.0</ele>
      </trkpt>
      <trkpt lat="41.75061" lon="-74.00842">
        <ele>126.8</ele>
      </trkpt>
      <trkpt lat="41.75086" lon="-74.00855">
        <ele>127.5</ele>
      </trkpt>
      <trkpt lat="41.75098" lon="-74.00866">
        <ele>127.1</ele>
      </trkpt>
      <trkpt lat="41.75132" lon="-74.00911">
        <ele>127.4</ele>
      </trkpt>
      <trkpt lat="41.75148" lon="-74.00926">
        <ele>128.2</ele>
      </trkpt>
      <trkpt lat="41.75157" lon="-74.00933">
        <ele>128.7</ele>
      </trkpt>
      <trkpt lat="41.75175" lon="-74.0094">
        <ele>129.1</ele>
      </trkpt>
      <trkpt lat="41.75236" lon="-74.00954">
        <ele>129.3</ele>
      </trkpt>
      <trkpt lat="41.75308" lon="-74.00978">
        <ele>128.1</ele>
      </trkpt>
      <trkpt lat="41.75337" lon="-74.00986">
        <ele>127.0</ele>
      </trkpt>
      <trkpt lat="41.7535" lon="-74.00987">
        <ele>126.7</ele>
      </trkpt>
      <trkpt lat="41.75369" lon="-74.00983">
        <ele>126.1</ele>
      </trkpt>
      <trkpt lat="41.75381" lon="-74.00978">
        <ele>125.3</ele>
      </trkpt>
      <trkpt lat="41.75406" lon="-74.00966">
        <ele>124.7</ele>
      </trkpt>
      <trkpt lat="41.75429" lon="-74.00958">
        <ele>124.9</ele>
      </trkpt>
      <trkpt lat="41.755" lon="-74.0095">
        <ele>127.4</ele>
      </trkpt>
      <trkpt lat="41.75518" lon="-74.00949">
        <ele>127.7</ele>
      </trkpt>
      <trkpt lat="41.75535" lon="-74.00952">
        <ele>127.8</ele>
      </trkpt>
      <trkpt lat="41.75561" lon="-74.0096">
        <ele>127.9</ele>
      </trkpt>
      <trkpt lat="41.75629" lon="-74.00987">
        <ele>128.2</ele>
      </trkpt>
      <trkpt lat="41.75696" lon="-74.01013">
        <ele>128.8</ele>
      </trkpt>
      <trkpt lat="41.75742" lon="-74.01029">
        <ele>129.3</ele>
      </trkpt>
      <trkpt lat="41.75787" lon="-74.01045">
        <ele>130.7</ele>
      </trkpt>
      <trkpt lat="41.75861" lon="-74.01063">
        <ele>132.0</ele>
      </trkpt>
      <trkpt lat="41.75889" lon="-74.01074">
        <ele>131.2</ele>
      </trkpt>
      <trkpt lat="41.75925" lon="-74.01092">
        <ele>127.4</ele>
      </trkpt>
      <trkpt lat="41.75939" lon="-74.01097">
        <ele>127.2</ele>
      </trkpt>
      <trkpt lat="41.75959" lon="-74.01101">
        <ele>127.1</ele>
      </trkpt>
      <trkpt lat="41.76004" lon="-74.01104">
        <ele>128.0</ele>
      </trkpt>
      <trkpt lat="41.76047" lon="-74.01103">
        <ele>130.8</ele>
      </trkpt>
      <trkpt lat="41.76126" lon="-74.01099">
        <ele>132.5</ele>
      </trkpt>
      <trkpt lat="41.76172" lon="-74.01095">
        <ele>133.3</ele>
      </trkpt>
      <trkpt lat="41.76218" lon="-74.01091">
        <ele>136.8</ele>
      </trkpt>
      <trkpt lat="41.76268" lon="-74.01081">
        <ele>138.3</ele>
      </trkpt>
      <trkpt lat="41.76346" lon="-74.01061">
        <ele>138.4</ele>
      </trkpt>
      <trkpt lat="41.76408" lon="-74.01043">
        <ele>139.0</ele>
      </trkpt>
      <trkpt lat="41.76469" lon="-74.01024">
        <ele>137.3</ele>
      </trkpt>
      <trkpt lat="41.76536" lon="-74.01006">
        <ele>135.8</ele>
      </trkpt>
      <trkpt lat="41.76604" lon="-74.00988">
        <ele>135.3</ele>
      </trkpt>
      <trkpt lat="41.76671" lon="-74.0097">
        <ele>130.7</ele>
      </trkpt>
      <trkpt lat="41.76735" lon="-74.00948">
        <ele>127.2</ele>
      </trkpt>
      <trkpt lat="41.76799" lon="-74.00926">
        <ele>122.8</ele>
      </trkpt>
      <trkpt lat="41.76862" lon="-74.00904">
        <ele>120.0</ele>
      </trkpt>
      <trkpt lat="41.76881" lon="-74.00938">
        <ele>120.0</ele>
      </trkpt>
      <trkpt lat="41.76896" lon="-74.0096">
        <ele>120.0</ele>
      </trkpt>
      <trkpt lat="41.76917" lon="-74.00989">
        <ele>120.0</ele>
      </trkpt>
      <trkpt lat="41.76936" lon="-74.01007">
        <ele>121.2</ele>
      </trkpt>
      <trkpt lat="41.76971" lon="-74.01032">
        <ele>127.2</ele>
      </trkpt>
      <trkpt lat="41.77009" lon="-74.01071">
        <ele>134.4</ele>
      </trkpt>
      <trkpt lat="41.77023" lon="-74.01082">
        <ele>135.4</ele>
      </trkpt>
      <trkpt lat="41.77035" lon="-74.0109">
        <ele>136.2</ele>
      </trkpt>
      <trkpt lat="41.77081" lon="-74.01108">
        <ele>135.4</ele>
      </trkpt>
      <trkpt lat="41.77092" lon="-74.01117">
        <ele>135.3</ele>
      </trkpt>
      <trkpt lat="41.77098" lon="-74.01128">
        <ele>135.7</ele>
      </trkpt>
      <trkpt lat="41.77137" lon="-74.01206">
        <ele>134.9</ele>
      </trkpt>
      <trkpt lat="41.77168" lon="-74.01268">
        <ele>140.7</ele>
      </trkpt>
      <trkpt lat="41.77189" lon="-74.01312">
        <ele>143.3</ele>
      </trkpt>
      <trkpt lat="41.77196" lon="-74.01333">
        <ele>143.7</ele>
      </trkpt>
      <trkpt lat="41.77228" lon="-74.01444">
        <ele>143.3</ele>
      </trkpt>
      <trkpt lat="41.77258" lon="-74.01542">
        <ele>141.3</ele>
      </trkpt>
      <trkpt lat="41.7727" lon="-74.01574">
        <ele>138.6</ele>
      </trkpt>
      <trkpt lat="41.77282" lon="-74.01596">
        <ele>134.9</ele>
      </trkpt>
      <trkpt lat="41.77292" lon="-74.01612">
        <ele>133.6</ele>
      </trkpt>
      <trkpt lat="41.77325" lon="-74.01654">
        <ele>133.3</ele>
      </trkpt>
      <trkpt lat="41.77351" lon="-74.0169">
        <ele>128.6</ele>
      </trkpt>
      <trkpt lat="41.7737" lon="-74.01709">
        <ele>124.4</ele>
      </trkpt>
      <trkpt lat="41.77384" lon="-74.01717">
        <ele>121.7</ele>
      </trkpt>
      <trkpt lat="41.77404" lon="-74.01723">
        <ele>120.2</ele>
      </trkpt>
      <trkpt lat="41.77414" lon="-74.01728">
        <ele>118.8</ele>
      </trkpt>
      <trkpt lat="41.7743" lon="-74.01739">
        <ele>116.2</ele>
      </trkpt>
      <trkpt lat="41.77474" lon="-74.01775">
        <ele>114.9</ele>
      </trkpt>
      <trkpt lat="41.77484" lon="-74.01785">
        <ele>114.7</ele>
      </trkpt>
      <trkpt lat="41.77495" lon="-74.018">
        <ele>114.3</ele>
      </trkpt>
      <trkpt lat="41.77509" lon="-74.01819">
        <ele>113.8</ele>
      </trkpt>
      <trkpt lat="41.77534" lon="-74.01875">
        <ele>113.9</ele>
      </trkpt>
      <trkpt lat="41.77555" lon="-74.01913">
        <ele>114.7</ele>
      </trkpt>
      <trkpt lat="41.77566" lon="-74.01928">
        <ele>114.5</ele>
      </trkpt>
      <trkpt lat="41.77649" lon="-74.01909">
        <ele>116.9</ele>
      </trkpt>
      <trkpt lat="41.77708" lon="-74.01898">
        <ele>118.5</ele>
      </trkpt>
      <trkpt lat="41.77767" lon="-74.01887">
        <ele>119.8</ele>
      </trkpt>
      <trkpt lat="41.77828" lon="-74.01872">
        <ele>121.2</ele>
      </trkpt>
      <trkpt lat="41.7789" lon="-74.01857">
        <ele>121.3</ele>
      </trkpt>
      <trkpt lat="41.77962" lon="-74.01841">
        <ele>122.7</ele>
      </trkpt>
      <trkpt lat="41.78034" lon="-74.01825">
        <ele>122.1</ele>
      </trkpt>
      <trkpt lat="41.78112" lon="-74.0181">
        <ele>117.4</ele>
      </trkpt>
      <trkpt lat="41.7818" lon="-74.01793">
        <ele>114.6</ele>
      </trkpt>
      <trkpt lat="41.78228" lon="-74.01778">
        <ele>116.5</ele>
      </trkpt>
      <trkpt lat="41.78275" lon="-74.01762">
        <ele>119.7</ele>
      </trkpt>
      <trkpt lat="41.78326" lon="-74.01752">
        <ele>119.8</ele>
      </trkpt>
      <trkpt lat="41.78394" lon="-74.01744">
        <ele>120.5</ele>
      </trkpt>
      <trkpt lat="41.78462" lon="-74.01736">
        <ele>121.1</ele>
      </trkpt>
      <trkpt lat="41.78505" lon="-74.01725">
        <ele>124.9</ele>
      </trkpt>
      <trkpt lat="41.7856" lon="-74.01703">
        <ele>124.7</ele>
      </trkpt>
      <trkpt lat="41.78582" lon="-74.01699">
        <ele>122.2</ele>
      </trkpt>
      <trkpt lat="41.78641" lon="-74.01692">
        <ele>121.6</ele>
      </trkpt>
      <trkpt lat="41.78663" lon="-74.01687">
        <ele>120.9</ele>
      </trkpt>
      <trkpt lat="41.7867" lon="-74.01685">
        <ele>120.6</ele>
      </trkpt>
      <trkpt lat="41.78691" lon="-74.01671">
        <ele>119.8</ele>
      </trkpt>
      <trkpt lat="41.78702" lon="-74.01664">
        <ele>119.6</ele>
      </trkpt>
      <trkpt lat="41.78741" lon="-74.01643">
        <ele>119.7</ele>
      </trkpt>
      <trkpt lat="41.78762" lon="-74.01637">
        <ele>120.0</ele>
      </trkpt>
      <trkpt lat="41.78797" lon="-74.01631">
        <ele>119.5</ele>
      </trkpt>
      <trkpt lat="41.78828" lon="-74.01624">
        <ele>118.4</ele>
      </trkpt>
      <trkpt lat="41.78893" lon="-74.01606">
        <ele>114.6</ele>
      </trkpt>
      <trkpt lat="41.78921" lon="-74.01596">
        <ele>114.2</ele>
      </trkpt>
      <trkpt lat="41.78939" lon="-74.01589">
        <ele>113.0</ele>
      </trkpt>
      <trkpt lat="41.78998" lon="-74.01559">
        <ele>110.8</ele>
      </trkpt>
      <trkpt lat="41.79056" lon="-74.01529">
        <ele>110.3</ele>
      </trkpt>
      <trkpt lat="41.7911" lon="-74.01497">
        <ele>113.9</ele>
      </trkpt>
      <trkpt lat="41.79123" lon="-74.01487">
        <ele>114.8</ele>
      </trkpt>
      <trkpt lat="41.79129" lon="-74.01478">
        <ele>115.3</ele>
      </trkpt>
      <trkpt lat="41.79136" lon="-74.01466">
        <ele>115.8</ele>
      </trkpt>
      <trkpt lat="41.79179" lon="-74.01372">
        <ele>118.4</ele>
      </trkpt>
      <trkpt lat="41.79222" lon="-74.01308">
        <ele>120.6</ele>
      </trkpt>
      <trkpt lat="41.79239" lon="-74.01286">
        <ele>121.2</ele>
      </trkpt>
      <trkpt lat="41.79258" lon="-74.01271">
        <ele>121.3</ele>
      </trkpt>
      <trkpt lat="41.79277" lon="-74.01263">
        <ele>121.3</ele>
      </trkpt>
      <trkpt lat="41.793" lon="-74.01255">
        <ele>121.2</ele>
      </trkpt>
      <trkpt lat="41.79342" lon="-74.01243">
        <ele>121.4</ele>
      </trkpt>
      <trkpt lat="41.79394" lon="-74.01232">
        <ele>121.3</ele>
      </trkpt>
      <trkpt lat="41.79415" lon="-74.01226">
        <ele>121.1</ele>
      </trkpt>
      <trkpt lat="41.79424" lon="-74.01222">
        <ele>121.1</ele>
      </trkpt>
      <trkpt lat="41.79434" lon="-74.01217">
        <ele>121.2</ele>
      </trkpt>
      <trkpt lat="41.79448" lon="-74.01205">
        <ele>121.5</ele>
      </trkpt>
      <trkpt lat="41.79466" lon="-74.01194">
        <ele>121.6</ele>
      </trkpt>
      <trkpt lat="41.79499" lon="-74.01183">
        <ele>121.7</ele>
      </trkpt>
      <trkpt lat="41.79539" lon="-74.01172">
        <ele>121.7</ele>
      </trkpt>
      <trkpt lat="41.79603" lon="-74.01161">
        <ele>119.6</ele>
      </trkpt>
      <trkpt lat="41.79668" lon="-74.01149">
        <ele>118.7</ele>
      </trkpt>
      <trkpt lat="41.79724" lon="-74.01143">
        <ele>120.8</ele>
      </trkpt>
      <trkpt lat="41.7974" lon="-74.01139">
        <ele>123.1</ele>
      </trkpt>
      <trkpt lat="41.79755" lon="-74.01132">
        <ele>123.8</ele>
      </trkpt>
      <trkpt lat="41.79779" lon="-74.01115">
        <ele>124.0</ele>
      </trkpt>
      <trkpt lat="41.79815" lon="-74.01076">
        <ele>123.7</ele>
      </trkpt>
      <trkpt lat="41.79869" lon="-74.01037">
        <ele>123.2</ele>
      </trkpt>
      <trkpt lat="41.79896" lon="-74.01021">
        <ele>122.7</ele>
      </trkpt>
      <trkpt lat="41.79963" lon="-74.00988">
        <ele>125.3</ele>
      </trkpt>
      <trkpt lat="41.80016" lon="-74.00966">
        <ele>125.5</ele>
      </trkpt>
      <trkpt lat="41.80026" lon="-74.0096">
        <ele>125.7</ele>
      </trkpt>
      <trkpt lat="41.80033" lon="-74.00954">
        <ele>126.1</ele>
      </trkpt>
      <trkpt lat="41.80039" lon="-74.00947">
        <ele>126.4</ele>
      </trkpt>
      <trkpt lat="41.80044" lon="-74.00939">
        <ele>126.7</ele>
      </trkpt>
      <trkpt lat="41.80056" lon="-74.00914">
        <ele>126.6</ele>
      </trkpt>
      <trkpt lat="41.80064" lon="-74.00903">
        <ele>126.7</ele>
      </trkpt>
      <trkpt lat="41.80078" lon="-74.00889">
        <ele>126.7</ele>
      </trkpt>
      <trkpt lat="41.80124" lon="-74.0085">
        <ele>126.2</ele>
      </trkpt>
      <trkpt lat="41.80141" lon="-74.00832">
        <ele>126.2</ele>
      </trkpt>
      <trkpt lat="41.80147" lon="-74.00822">
        <ele>126.1</ele>
      </trkpt>
      <trkpt lat="41.80155" lon="-74.00802">
        <ele>126.1</ele>
      </trkpt>
      <trkpt lat="41.80162" lon="-74.00766">
        <ele>126.0</ele>
      </trkpt>
      <trkpt lat="41.80168" lon="-74.00709">
        <ele>126.4</ele>
      </trkpt>
      <trkpt lat="41.80172" lon="-74.00676">
        <ele>126.8</ele>
      </trkpt>
      <trkpt lat="41.80173" lon="-74.00653">
        <ele>126.3</ele>
      </trkpt>
      <trkpt lat="41.80172" lon="-74.00636">
        <ele>125.9</ele>
      </trkpt>
      <trkpt lat="41.80169" lon="-74.00628">
        <ele>125.9</ele>
      </trkpt>
      <trkpt lat="41.80165" lon="-74.00624">
        <ele>125.9</ele>
      </trkpt>
      <trkpt lat="41.80158" lon="-74.00622">
        <ele>125.9</ele>
      </trkpt>
      <trkpt lat="41.80127" lon="-74.00614">
        <ele>127.1</ele>
      </trkpt>
      <trkpt lat="41.80113" lon="-74.00605">
        <ele>127.4</ele>
      </trkpt>
      <trkpt lat="41.80106" lon="-74.00599">
        <ele>127.3</ele>
      </trkpt>
      <trkpt lat="41.80098" lon="-74.00588">
        <ele>126.9</ele>
      </trkpt>
      <trkpt lat="41.80096" lon="-74.00582">
        <ele>126.7</ele>
      </trkpt>
      <trkpt lat="41.80094" lon="-74.00571">
        <ele>126.4</ele>
      </trkpt>
      <trkpt lat="41.80094" lon="-74.00565">
        <ele>126.3</ele>
      </trkpt>
      <trkpt lat="41.80095" lon="-74.00561">
        <ele>126.4</ele>
      </trkpt>
      <trkpt lat="41.80098" lon="-74.00555">
        <ele>126.6</ele>
      </trkpt>
      <trkpt lat="41.80106" lon="-74.00544">
        <ele>127.4</ele>
      </trkpt>
      <trkpt lat="41.8012" lon="-74.0053">
        <ele>130.6</ele>
      </trkpt>
      <trkpt lat="41.80134" lon="-74.00514">
        <ele>133.5</ele>
      </trkpt>
      <trkpt lat="41.80147" lon="-74.00492">
        <ele>136.5</ele>
      </trkpt>
      <trkpt lat="41.80153" lon="-74.0048">
        <ele>137.6</ele>
      </trkpt>
      <trkpt lat="41.80197" lon="-74.00413">
        <ele>144.1</ele>
      </trkpt>
      <trkpt lat="41.80235" lon="-74.0034">
        <ele>139.2</ele>
      </trkpt>
      <trkpt lat="41.80241" lon="-74.00331">
        <ele>138.9</ele>
      </trkpt>
      <trkpt lat="41.80289" lon="-74.00272">
        <ele>138.0</ele>
      </trkpt>
      <trkpt lat="41.80301" lon="-74.0025">
        <ele>138.4</ele>
      </trkpt>
      <trkpt lat="41.8032" lon="-74.0021">
        <ele>140.5</ele>
      </trkpt>
      <trkpt lat="41.80328" lon="-74.00196">
        <ele>140.8</ele>
      </trkpt>
      <trkpt lat="41.80346" lon="-74.00173">
        <ele>138.9</ele>
      </trkpt>
      <trkpt lat="41.80353" lon="-74.00165">
        <ele>138.3</ele>
      </trkpt>
      <trkpt lat="41.80376" lon="-74.00148">
        <ele>137.8</ele>
      </trkpt>
      <trkpt lat="41.80394" lon="-74.00133">
        <ele>137.8</ele>
      </trkpt>
      <trkpt lat="41.80413" lon="-74.00112">
        <ele>138.0</ele>
      </trkpt>
      <trkpt lat="41.8043" lon="-74.0009">
        <ele>138.1</ele>
      </trkpt>
      <trkpt lat="41.80449" lon="-74.00069">
        <ele>138.1</ele>
      </trkpt>
      <trkpt lat="41.80505" lon="-74.00018">
        <ele>138.2</ele>
      </trkpt>
      <trkpt lat="41.80514" lon="-74.00011">
        <ele>137.9</ele>
      </trkpt>
      <trkpt lat="41.80526" lon="-74.00006">
        <ele>137.1</ele>
      </trkpt>
      <trkpt lat="41.80554" lon="-73.99996">
        <ele>135.5</ele>
      </trkpt>
      <trkpt lat="41.80578" lon="-73.99984">
        <ele>134.2</ele>
      </trkpt>
      <trkpt lat="41.80593" lon="-73.99973">
        <ele>134.0</ele>
      </trkpt>
      <trkpt lat="41.80607" lon="-73.99957">
        <ele>134.3</ele>
      </trkpt>
      <trkpt lat="41.80618" lon="-73.99943">
        <ele>134.8</ele>
      </trkpt>
      <trkpt lat="41.80647" lon="-73.99897">
        <ele>135.1</ele>
      </trkpt>
      <trkpt lat="41.80662" lon="-73.99878">
        <ele>134.8</ele>
      </trkpt>
      <trkpt lat="41.80707" lon="-73.99834">
        <ele>131.6</ele>
      </trkpt>
      <trkpt lat="41.8076" lon="-73.99786">
        <ele>131.4</ele>
      </trkpt>
      <trkpt lat="41.8081" lon="-73.99744">
        <ele>129.1</ele>
      </trkpt>
      <trkpt lat="41.8086" lon="-73.99702">
        <ele>130.0</ele>
      </trkpt>
      <trkpt lat="41.8093" lon="-73.9963">
        <ele>128.9</ele>
      </trkpt>
      <trkpt lat="41.80967" lon="-73.99596">
        <ele>125.8</ele>
      </trkpt>
      <trkpt lat="41.81027" lon="-73.99548">
        <ele>122.9</ele>
      </trkpt>
      <trkpt lat="41.8105" lon="-73.99528">
        <ele>121.9</ele>
      </trkpt>
      <trkpt lat="41.81061" lon="-73.99516">
        <ele>121.2</ele>
      </trkpt>
      <trkpt lat="41.81077" lon="-73.99491">
        <ele>120.7</ele>
      </trkpt>
      <trkpt lat="41.81094" lon="-73.99467">
        <ele>120.5</ele>
      </trkpt>
      <trkpt lat="41.81106" lon="-73.99455">
        <ele>120.3</ele>
      </trkpt>
      <trkpt lat="41.81117" lon="-73.99447">
        <ele>119.9</ele>
      </trkpt>
      <trkpt lat="41.81145" lon="-73.99432">
        <ele>117.5</ele>
      </trkpt>
      <trkpt lat="41.81188" lon="-73.99405">
        <ele>117.5</ele>
      </trkpt>
      <trkpt lat="41.81231" lon="-73.99379">
        <ele>117.3</ele>
      </trkpt>
      <trkpt lat="41.8125" lon="-73.99363">
        <ele>117.4</ele>
      </trkpt>
      <trkpt lat="41.8131" lon="-73.99303">
        <ele>119.7</ele>
      </trkpt>
      <trkpt lat="41.81351" lon="-73.99272">
        <ele>113.8</ele>
      </trkpt>
      <trkpt lat="41.81362" lon="-73.99259">
        <ele>113.4</ele>
      </trkpt>
      <trkpt lat="41.81365" lon="-73.99252">
        <ele>113.0</ele>
      </trkpt>
      <trkpt lat="41.81366" lon="-73.99245">
        <ele>112.6</ele>
      </trkpt>
      <trkpt lat="41.81368" lon="-73.99224">
        <ele>111.6</ele>
      </trkpt>
      <trkpt lat="41.81368" lon="-73.99169">
        <ele>111.0</ele>
      </trkpt>
      <trkpt lat="41.81371" lon="-73.99154">
        <ele>110.6</ele>
      </trkpt>
      <trkpt lat="41.81378" lon="-73.99143">
        <ele>110.4</ele>
      </trkpt>
      <trkpt lat="41.81414" lon="-73.99115">
        <ele>108.9</ele>
      </trkpt>
      <trkpt lat="41.81438" lon="-73.99094">
        <ele>108.6</ele>
      </trkpt>
      <trkpt lat="41.81476" lon="-73.99055">
        <ele>105.7</ele>
      </trkpt>
      <trkpt lat="41.8151" lon="-73.99014">
        <ele>100.8</ele>
      </trkpt>
      <trkpt lat="41.81536" lon="-73.98975">
        <ele>96.6</ele>
      </trkpt>
      <trkpt lat="41.81559" lon="-73.98916">
        <ele>94.7</ele>
      </trkpt>
      <trkpt lat="41.81573" lon="-73.98893">
        <ele>93.8</ele>
      </trkpt>
      <trkpt lat="41.81606" lon="-73.98849">
        <ele>92.9</ele>
      </trkpt>
      <trkpt lat="41.81639" lon="-73.98805">
        <ele>92.7</ele>
      </trkpt>
      <trkpt lat="41.81676" lon="-73.98748">
        <ele>91.3</ele>
      </trkpt>
      <trkpt lat="41.81713" lon="-73.98691">
        <ele>90.6</ele>
      </trkpt>
      <trkpt lat="41.81746" lon="-73.98646">
        <ele>90.2</ele>
      </trkpt>
      <trkpt lat="41.81779" lon="-73.98601">
        <ele>89.4</ele>
      </trkpt>
      <trkpt lat="41.81815" lon="-73.98541">
        <ele>89.4</ele>
      </trkpt>
      <trkpt lat="41.81857" lon="-73.98457">
        <ele>87.3</ele>
      </trkpt>
      <trkpt lat="41.81873" lon="-73.98429">
        <ele>86.9</ele>
      </trkpt>
      <trkpt lat="41.81892" lon="-73.98391">
        <ele>84.0</ele>
      </trkpt>
      <trkpt lat="41.81898" lon="-73.98371">
        <ele>83.0</ele>
      </trkpt>
      <trkpt lat="41.81899" lon="-73.98351">
        <ele>82.9</ele>
      </trkpt>
      <trkpt lat="41.81893" lon="-73.98311">
        <ele>79.7</ele>
      </trkpt>
      <trkpt lat="41.8189" lon="-73.98272">
        <ele>78.0</ele>
      </trkpt>
      <trkpt lat="41.81886" lon="-73.98243">
        <ele>76.4</ele>
      </trkpt>
      <trkpt lat="41.81874" lon="-73.98183">
        <ele>74.3</ele>
      </trkpt>
      <trkpt lat="41.81868" lon="-73.98162">
        <ele>73.4</ele>
      </trkpt>
      <trkpt lat="41.81856" lon="-73.98135">
        <ele>72.5</ele>
      </trkpt>
      <trkpt lat="41.81854" lon="-73.98125">
        <ele>72.7</ele>
      </trkpt>
      <trkpt lat="41.81855" lon="-73.9811">
        <ele>73.3</ele>
      </trkpt>
      <trkpt lat="41.81859" lon="-73.98101">
        <ele>73.6</ele>
      </trkpt>
      <trkpt lat="41.81868" lon="-73.98088">
        <ele>74.0</ele>
      </trkpt>
      <trkpt lat="41.81923" lon="-73.98026">
        <ele>74.3</ele>
      </trkpt>
      <trkpt lat="41.8195" lon="-73.97991">
        <ele>74.5</ele>
      </trkpt>
      <trkpt lat="41.81981" lon="-73.9794">
        <ele>74.5</ele>
      </trkpt>
      <trkpt lat="41.82015" lon="-73.97893">
        <ele>74.7</ele>
      </trkpt>
      <trkpt lat="41.82039" lon="-73.97852">
        <ele>74.8</ele>
      </trkpt>
      <trkpt lat="41.8206" lon="-73.97804">
        <ele>74.6</ele>
      </trkpt>
      <trkpt lat="41.82069" lon="-73.97778">
        <ele>74.5</ele>
      </trkpt>
      <trkpt lat="41.82087" lon="-73.97704">
        <ele>74.8</ele>
      </trkpt>
      <trkpt lat="41.821" lon="-73.97636">
        <ele>77.7</ele>
      </trkpt>
      <trkpt lat="41.82113" lon="-73.97567">
        <ele>81.8</ele>
      </trkpt>
      <trkpt lat="41.82118" lon="-73.97551">
        <ele>82.6</ele>
      </trkpt>
      <trkpt lat="41.82125" lon="-73.97538">
        <ele>83.6</ele>
      </trkpt>
      <trkpt lat="41.82133" lon="-73.97523">
        <ele>84.4</ele>
      </trkpt>
      <trkpt lat="41.82169" lon="-73.97474">
        <ele>84.1</ele>
      </trkpt>
      <trkpt lat="41.82206" lon="-73.97425">
        <ele>83.6</ele>
      </trkpt>
      <trkpt lat="41.8222" lon="-73.97408">
        <ele>83.3</ele>
      </trkpt>
      <trkpt lat="41.82267" lon="-73.97366">
        <ele>83.6</ele>
      </trkpt>
      <trkpt lat="41.82291" lon="-73.9734">
        <ele>83.5</ele>
      </trkpt>
      <trkpt lat="41.82308" lon="-73.97317">
        <ele>82.3</ele>
      </trkpt>
      <trkpt lat="41.82338" lon="-73.97284">
        <ele>79.5</ele>
      </trkpt>
      <trkpt lat="41.8239" lon="-73.9724">
        <ele>76.2</ele>
      </trkpt>
      <trkpt lat="41.82418" lon="-73.97219">
        <ele>74.4</ele>
      </trkpt>
      <trkpt lat="41.82432" lon="-73.9721">
        <ele>73.7</ele>
      </trkpt>
      <trkpt lat="41.82454" lon="-73.972">
        <ele>71.7</ele>
      </trkpt>
      <trkpt lat="41.82484" lon="-73.97194">
        <ele>68.5</ele>
      </trkpt>
      <trkpt lat="41.82527" lon="-73.97192">
        <ele>65.2</ele>
      </trkpt>
      <trkpt lat="41.82597" lon="-73.97191">
        <ele>58.9</ele>
      </trkpt>
      <trkpt lat="41.82619" lon="-73.97183">
        <ele>56.8</ele>
      </trkpt>
      <trkpt lat="41.82626" lon="-73.97178">
        <ele>56.3</ele>
      </trkpt>
      <trkpt lat="41.82632" lon="-73.9717">
        <ele>55.5</ele>
      </trkpt>
      <trkpt lat="41.8264" lon="-73.97157">
        <ele>54.0</ele>
      </trkpt>
      <trkpt lat="41.82652" lon="-73.97128">
        <ele>51.3</ele>
      </trkpt>
      <trkpt lat="41.82658" lon="-73.97108">
        <ele>49.3</ele>
      </trkpt>
      <trkpt lat="41.82668" lon="-73.9707">
        <ele>46.0</ele>
      </trkpt>
      <trkpt lat="41.82672" lon="-73.97046">
        <ele>44.0</ele>
      </trkpt>
      <trkpt lat="41.82673" lon="-73.97024">
        <ele>43.1</ele>
      </trkpt>
      <trkpt lat="41.82672" lon="-73.97007">
        <ele>41.7</ele>
      </trkpt>
      <trkpt lat="41.82669" lon="-73.96993">
        <ele>40.7</ele>
      </trkpt>
      <trkpt lat="41.8266" lon="-73.96962">
        <ele>37.7</ele>
      </trkpt>
      <trkpt lat="41.82656" lon="-73.96942">
        <ele>35.1</ele>
      </trkpt>
      <trkpt lat="41.82654" lon="-73.96928">
        <ele>33.5</ele>
      </trkpt>
      <trkpt lat="41.82652" lon="-73.96899">
        <ele>33.7</ele>
      </trkpt>
      <trkpt lat="41.82652" lon="-73.96887">
        <ele>33.8</ele>
      </trkpt>
      <trkpt lat="41.82652" lon="-73.96869">
        <ele>34.0</ele>
      </trkpt>
      <trkpt lat="41.82654" lon="-73.96854">
        <ele>34.2</ele>
      </trkpt>
      <trkpt lat="41.8266" lon="-73.9683">
        <ele>34.3</ele>
      </trkpt>
      <trkpt lat="41.8269" lon="-73.9675">
        <ele>35.6</ele>
      </trkpt>
      <trkpt lat="41.82719" lon="-73.96669">
        <ele>36.9</ele>
      </trkpt>
      <trkpt lat="41.8274" lon="-73.96604">
        <ele>37.2</ele>
      </trkpt>
      <trkpt lat="41.82762" lon="-73.9654">
        <ele>38.0</ele>
      </trkpt>
      <trkpt lat="41.82772" lon="-73.96507">
        <ele>38.1</ele>
      </trkpt>
      <trkpt lat="41.82772" lon="-73.96495">
        <ele>38.2</ele>
      </trkpt>
      <trkpt lat="41.82836" lon="-73.965">
        <ele>39.5</ele>
      </trkpt>
      <trkpt lat="41.82901" lon="-73.96505">
        <ele>44.2</ele>
      </trkpt>
      <trkpt lat="41.8293" lon="-73.96513">
        <ele>47.3</ele>
      </trkpt>
      <trkpt lat="41.82997" lon="-73.96537">
        <ele>50.9</ele>
      </trkpt>
      <trkpt lat="41.8302" lon="-73.96543">
        <ele>52.5</ele>
      </trkpt>
      <trkpt lat="41.83095" lon="-73.96556">
        <ele>55.4</ele>
      </trkpt>
      <trkpt lat="41.83105" lon="-73.96556">
        <ele>55.5</ele>
      </trkpt>
      <trkpt lat="41.83122" lon="-73.96555">
        <ele>55.8</ele>
      </trkpt>
      <trkpt lat="41.83187" lon="-73.96537">
        <ele>55.7</ele>
      </trkpt>
      <trkpt lat="41.83206" lon="-73.96524">
        <ele>56.0</ele>
      </trkpt>
      <trkpt lat="41.83245" lon="-73.96501">
        <ele>56.5</ele>
      </trkpt>
      <trkpt lat="41.83268" lon="-73.96492">
        <ele>56.5</ele>
      </trkpt>
      <trkpt lat="41.83295" lon="-73.96484">
        <ele>56.4</ele>
      </trkpt>
      <trkpt lat="41.83317" lon="-73.96481">
        <ele>56.5</ele>
      </trkpt>
      <trkpt lat="41.83379" lon="-73.96481">
        <ele>57.8</ele>
      </trkpt>
      <trkpt lat="41.83427" lon="-73.96483">
        <ele>59.5</ele>
      </trkpt>
      <trkpt lat="41.83474" lon="-73.96484">
        <ele>59.9</ele>
      </trkpt>
      <trkpt lat="41.83528" lon="-73.96488">
        <ele>61.9</ele>
      </trkpt>
      <trkpt lat="41.83613" lon="-73.96504">
        <ele>62.2</ele>
      </trkpt>
      <trkpt lat="41.83681" lon="-73.96517">
        <ele>59.4</ele>
      </trkpt>
      <trkpt lat="41.83749" lon="-73.96531">
        <ele>59.6</ele>
      </trkpt>
      <trkpt lat="41.83817" lon="-73.96545">
        <ele>58.5</ele>
      </trkpt>
      <trkpt lat="41.83826" lon="-73.96535">
        <ele>57.9</ele>
      </trkpt>
      <trkpt lat="41.83842" lon="-73.9653">
        <ele>57.6</ele>
      </trkpt>
      <trkpt lat="41.8386" lon="-73.96527">
        <ele>57.4</ele>
      </trkpt>
      <trkpt lat="41.83878" lon="-73.96526">
        <ele>57.6</ele>
      </trkpt>
      <trkpt lat="41.83894" lon="-73.96534">
        <ele>58.7</ele>
      </trkpt>
      <trkpt lat="41.83905" lon="-73.96543">
        <ele>60.0</ele>
      </trkpt>
      <trkpt lat="41.83931" lon="-73.9657">
        <ele>62.2</ele>
      </trkpt>
      <trkpt lat="41.83944" lon="-73.96574">
        <ele>62.7</ele>
      </trkpt>
      <trkpt lat="41.83985" lon="-73.96594">
        <ele>63.4</ele>
      </trkpt>
      <trkpt lat="41.83982" lon="-73.96602">
        <ele>63.4</ele>
      </trkpt>
      <trkpt lat="41.8398" lon="-73.96609">
        <ele>63.5</ele>
      </trkpt>
      <trkpt lat="41.83981" lon="-73.96614">
        <ele>63.7</ele>
      </trkpt>
      <trkpt lat="41.8404" lon="-73.96648">
        <ele>66.4</ele>
      </trkpt>
      <trkpt lat="41.84083" lon="-73.9667">
        <ele>67.1</ele>
      </trkpt>
      <trkpt lat="41.84112" lon="-73.96681">
        <ele>67.1</ele>
      </trkpt>
      <trkpt lat="41.84176" lon="-73.96701">
        <ele>69.0</ele>
      </trkpt>
      <trkpt lat="41.84181" lon="-73.9668">
        <ele>69.1</ele>
      </trkpt>
      <trkpt lat="41.84246" lon="-73.967">
        <ele>70.3</ele>
      </trkpt>
      <trkpt lat="41.84245" lon="-73.9673">
        <ele>70.4</ele>
      </trkpt>
      <trkpt lat="41.8423" lon="-73.96814">
        <ele>68.0</ele>
      </trkpt>
      <trkpt lat="41.84215" lon="-73.96899">
        <ele>64.1</ele>
      </trkpt>
      <trkpt lat="41.8421" lon="-73.96922">
        <ele>63.3</ele>
      </trkpt>
      <trkpt lat="41.84213" lon="-73.9693">
        <ele>62.8</ele>
      </trkpt>
      <trkpt lat="41.84207" lon="-73.96966">
        <ele>60.7</ele>
      </trkpt>
      <trkpt lat="41.84201" lon="-73.96996">
        <ele>59.2</ele>
      </trkpt>
      <trkpt lat="41.84197" lon="-73.97019">
        <ele>58.1</ele>
      </trkpt>
      <trkpt lat="41.84198" lon="-73.97032">
        <ele>57.4</ele>
      </trkpt>
      <trkpt lat="41.8424" lon="-73.97051">
        <ele>57.5</ele>
      </trkpt>
      <trkpt lat="41.84253" lon="-73.97061">
        <ele>57.0</ele>
      </trkpt>
      <trkpt lat="41.84258" lon="-73.97074">
        <ele>56.3</ele>
      </trkpt>
      <trkpt lat="41.84254" lon="-73.97094">
        <ele>54.5</ele>
      </trkpt>
      <trkpt lat="41.8424" lon="-73.97131">
        <ele>49.5</ele>
      </trkpt>
      <trkpt lat="41.84239" lon="-73.97144">
        <ele>48.3</ele>
      </trkpt>
      <trkpt lat="41.84234" lon="-73.9717">
        <ele>46.2</ele>
      </trkpt>
      <trkpt lat="41.84234" lon="-73.97193">
        <ele>45.0</ele>
      </trkpt>
      <trkpt lat="41.84249" lon="-73.97221">
        <ele>45.2</ele>
      </trkpt>
      <trkpt lat="41.84259" lon="-73.97234">
        <ele>46.0</ele>
      </trkpt>
      <trkpt lat="41.84268" lon="-73.97242">
        <ele>46.8</ele>
      </trkpt>
      <trkpt lat="41.84259" lon="-73.97234">
        <ele>46.0</ele>
      </trkpt>
      <trkpt lat="41.84249" lon="-73.97221">
        <ele>45.2</ele>
      </trkpt>
      <trkpt lat="41.84234" lon="-73.97193">
        <ele>45.0</ele>
      </trkpt>
      <trkpt lat="41.84234" lon="-73.9717">
        <ele>46.2</ele>
      </trkpt>
      <trkpt lat="41.84239" lon="-73.97144">
        <ele>48.3</ele>
      </trkpt>
      <trkpt lat="41.8424" lon="-73.97131">
        <ele>49.5</ele>
      </trkpt>
      <trkpt lat="41.84254" lon="-73.97094">
        <ele>54.5</ele>
      </trkpt>
      <trkpt lat="41.84258" lon="-73.97074">
        <ele>56.3</ele>
      </trkpt>
      <trkpt lat="41.84253" lon="-73.97061">
        <ele>57.0</ele>
      </trkpt>
      <trkpt lat="41.8424" lon="-73.97051">
        <ele>57.5</ele>
      </trkpt>
      <trkpt lat="41.84198" lon="-73.97032">
        <ele>57.4</ele>
      </trkpt>
      <trkpt lat="41.84197" lon="-73.97019">
        <ele>58.1</ele>
      </trkpt>
      <trkpt lat="41.84201" lon="-73.96996">
        <ele>59.2</ele>
      </trkpt>
      <trkpt lat="41.84207" lon="-73.96966">
        <ele>60.7</ele>
      </trkpt>
      <trkpt lat="41.84213" lon="-73.9693">
        <ele>62.8</ele>
      </trkpt>
      <trkpt lat="41.8421" lon="-73.96922">
        <ele>63.3</ele>
      </trkpt>
      <trkpt lat="41.84215" lon="-73.96899">
        <ele>64.1</ele>
      </trkpt>
      <trkpt lat="41.8423" lon="-73.96814">
        <ele>68.0</ele>
      </trkpt>
      <trkpt lat="41.84245" lon="-73.9673">
        <ele>70.4</ele>
      </trkpt>
      <trkpt lat="41.84246" lon="-73.96721">
        <ele>70.5</ele>
      </trkpt>
      <trkpt lat="41.84303" lon="-73.96736">
        <ele>70.5</ele>
      </trkpt>
      <trkpt lat="41.84361" lon="-73.96752">
        <ele>71.6</ele>
      </trkpt>
      <trkpt lat="41.8436" lon="-73.96768">
        <ele>71.8</ele>
      </trkpt>
      <trkpt lat="41.84352" lon="-73.96836">
        <ele>71.3</ele>
      </trkpt>
      <trkpt lat="41.84343" lon="-73.96903">
        <ele>69.3</ele>
      </trkpt>
      <trkpt lat="41.84343" lon="-73.96918">
        <ele>68.7</ele>
      </trkpt>
      <trkpt lat="41.84346" lon="-73.96935">
        <ele>67.9</ele>
      </trkpt>
      <trkpt lat="41.84351" lon="-73.96952">
        <ele>67.0</ele>
      </trkpt>
      <trkpt lat="41.84359" lon="-73.96969">
        <ele>65.6</ele>
      </trkpt>
      <trkpt lat="41.8438" lon="-73.97005">
        <ele>62.8</ele>
      </trkpt>
      <trkpt lat="41.84402" lon="-73.97038">
        <ele>60.6</ele>
      </trkpt>
      <trkpt lat="41.8441" lon="-73.97047">
        <ele>59.6</ele>
      </trkpt>
      <trkpt lat="41.8442" lon="-73.97055">
        <ele>58.9</ele>
      </trkpt>
      <trkpt lat="41.84489" lon="-73.97101">
        <ele>56.0</ele>
      </trkpt>
      <trkpt lat="41.84507" lon="-73.97114">
        <ele>54.3</ele>
      </trkpt>
      <trkpt lat="41.84532" lon="-73.97137">
        <ele>51.7</ele>
      </trkpt>
      <trkpt lat="41.84563" lon="-73.97158">
        <ele>48.2</ele>
      </trkpt>
      <trkpt lat="41.84646" lon="-73.97203">
        <ele>44.7</ele>
      </trkpt>
      <trkpt lat="41.84655" lon="-73.9721">
        <ele>44.7</ele>
      </trkpt>
      <trkpt lat="41.84661" lon="-73.9722">
        <ele>44.7</ele>
      </trkpt>
      <trkpt lat="41.84665" lon="-73.97231">
        <ele>44.4</ele>
      </trkpt>
      <trkpt lat="41.84669" lon="-73.97308">
        <ele>42.3</ele>
      </trkpt>
      <trkpt lat="41.84671" lon="-73.97392">
        <ele>41.4</ele>
      </trkpt>
      <trkpt lat="41.84673" lon="-73.97476">
        <ele>40.1</ele>
      </trkpt>
      <trkpt lat="41.84676" lon="-73.97574">
        <ele>39.1</ele>
      </trkpt>
      <trkpt lat="41.84674" lon="-73.97615">
        <ele>38.8</ele>
      </trkpt>
      <trkpt lat="41.84667" lon="-73.97675">
        <ele>39.9</ele>
      </trkpt>
      <trkpt lat="41.84663" lon="-73.977">
        <ele>40.0</ele>
      </trkpt>
      <trkpt lat="41.8466" lon="-73.97725">
        <ele>40.1</ele>
      </trkpt>
      <trkpt lat="41.8466" lon="-73.97735">
        <ele>40.6</ele>
      </trkpt>
      <trkpt lat="41.84661" lon="-73.97745">
        <ele>41.1</ele>
      </trkpt>
      <trkpt lat="41.84668" lon="-73.97779">
        <ele>43.2</ele>
      </trkpt>
      <trkpt lat="41.84675" lon="-73.97805">
        <ele>45.0</ele>
      </trkpt>
      <trkpt lat="41.84678" lon="-73.97825">
        <ele>46.8</ele>
      </trkpt>
      <trkpt lat="41.84679" lon="-73.97848">
        <ele>48.7</ele>
      </trkpt>
      <trkpt lat="41.84682" lon="-73.97861">
        <ele>49.8</ele>
      </trkpt>
      <trkpt lat="41.84688" lon="-73.97875">
        <ele>50.6</ele>
      </trkpt>
      <trkpt lat="41.84692" lon="-73.9788">
        <ele>50.7</ele>
      </trkpt>
      <trkpt lat="41.84706" lon="-73.97892">
        <ele>50.8</ele>
      </trkpt>
      <trkpt lat="41.84722" lon="-73.979">
        <ele>50.8</ele>
      </trkpt>
      <trkpt lat="41.84751" lon="-73.97913">
        <ele>52.4</ele>
      </trkpt>
      <trkpt lat="41.84779" lon="-73.97929">
        <ele>53.2</ele>
      </trkpt>
      <trkpt lat="41.84799" lon="-73.97945">
        <ele>53.6</ele>
      </trkpt>
      <trkpt lat="41.84815" lon="-73.97963">
        <ele>54.7</ele>
      </trkpt>
      <trkpt lat="41.84863" lon="-73.98024">
        <ele>58.2</ele>
      </trkpt>
      <trkpt lat="41.84897" lon="-73.98068">
        <ele>58.7</ele>
      </trkpt>
      <trkpt lat="41.8492" lon="-73.981">
        <ele>59.2</ele>
      </trkpt>
      <trkpt lat="41.84974" lon="-73.98187">
        <ele>63.6</ele>
      </trkpt>
      <trkpt lat="41.8498" lon="-73.98199">
        <ele>64.3</ele>
      </trkpt>
      <trkpt lat="41.84987" lon="-73.98223">
        <ele>64.4</ele>
      </trkpt>
      <trkpt lat="41.84991" lon="-73.98249">
        <ele>63.9</ele>
      </trkpt>
      <trkpt lat="41.85001" lon="-73.98342">
        <ele>62.1</ele>
      </trkpt>
      <trkpt lat="41.85003" lon="-73.98367">
        <ele>61.4</ele>
      </trkpt>
      <trkpt lat="41.85006" lon="-73.98377">
        <ele>60.6</ele>
      </trkpt>
      <trkpt lat="41.85008" lon="-73.98383">
        <ele>60.0</ele>
      </trkpt>
      <trkpt lat="41.85017" lon="-73.98395">
        <ele>58.4</ele>
      </trkpt>
      <trkpt lat="41.85048" lon="-73.98428">
        <ele>55.4</ele>
      </trkpt>
      <trkpt lat="41.85061" lon="-73.98446">
        <ele>54.0</ele>
      </trkpt>
      <trkpt lat="41.85071" lon="-73.98465">
        <ele>52.5</ele>
      </trkpt>
      <trkpt lat="41.85082" lon="-73.9849">
        <ele>52.2</ele>
      </trkpt>
      <trkpt lat="41.85099" lon="-73.98536">
        <ele>53.8</ele>
      </trkpt>
      <trkpt lat="41.85108" lon="-73.98558">
        <ele>54.0</ele>
      </trkpt>
      <trkpt lat="41.85119" lon="-73.98577">
        <ele>53.9</ele>
      </trkpt>
      <trkpt lat="41.85131" lon="-73.98591">
        <ele>53.5</ele>
      </trkpt>
      <trkpt lat="41.85146" lon="-73.98603">
        <ele>54.1</ele>
      </trkpt>
      <trkpt lat="41.85177" lon="-73.98621">
        <ele>58.5</ele>
      </trkpt>
      <trkpt lat="41.85202" lon="-73.98642">
        <ele>59.7</ele>
      </trkpt>
      <trkpt lat="41.85241" lon="-73.98678">
        <ele>59.7</ele>
      </trkpt>
      <trkpt lat="41.85279" lon="-73.98713">
        <ele>58.2</ele>
      </trkpt>
      <trkpt lat="41.85287" lon="-73.98719">
        <ele>58.4</ele>
      </trkpt>
      <trkpt lat="41.85284" lon="-73.98736">
        <ele>59.5</ele>
      </trkpt>
      <trkpt lat="41.85281" lon="-73.98794">
        <ele>62.4</ele>
      </trkpt>
      <trkpt lat="41.85281" lon="-73.98849">
        <ele>62.9</ele>
      </trkpt>
      <trkpt lat="41.85283" lon="-73.98913">
        <ele>62.9</ele>
      </trkpt>
      <trkpt lat="41.85284" lon="-73.99021">
        <ele>63.3</ele>
      </trkpt>
      <trkpt lat="41.85285" lon="-73.99129">
        <ele>67.4</ele>
      </trkpt>
      <trkpt lat="41.85286" lon="-73.99202">
        <ele>71.4</ele>
      </trkpt>
      <trkpt lat="41.85285" lon="-73.99216">
        <ele>72.0</ele>
      </trkpt>
      <trkpt lat="41.85278" lon="-73.99245">
        <ele>73.5</ele>
      </trkpt>
      <trkpt lat="41.85269" lon="-73.9927">
        <ele>74.7</ele>
      </trkpt>
      <trkpt lat="41.85254" lon="-73.99311">
        <ele>76.8</ele>
      </trkpt>
      <trkpt lat="41.85248" lon="-73.99324">
        <ele>77.3</ele>
      </trkpt>
      <trkpt lat="41.85224" lon="-73.99368">
        <ele>77.7</ele>
      </trkpt>
      <trkpt lat="41.85218" lon="-73.99388">
        <ele>78.5</ele>
      </trkpt>
      <trkpt lat="41.85205" lon="-73.99452">
        <ele>82.7</ele>
      </trkpt>
      <trkpt lat="41.85202" lon="-73.99465">
        <ele>83.2</ele>
      </trkpt>
      <trkpt lat="41.85181" lon="-73.99511">
        <ele>84.0</ele>
      </trkpt>
      <trkpt lat="41.85151" lon="-73.99567">
        <ele>86.5</ele>
      </trkpt>
      <trkpt lat="41.85119" lon="-73.99619">
        <ele>87.1</ele>
      </trkpt>
      <trkpt lat="41.85115" lon="-73.99628">
        <ele>87.2</ele>
      </trkpt>
      <trkpt lat="41.85113" lon="-73.99639">
        <ele>86.9</ele>
      </trkpt>
      <trkpt lat="41.85112" lon="-73.99649">
        <ele>86.5</ele>
      </trkpt>
      <trkpt lat="41.85114" lon="-73.99661">
        <ele>85.9</ele>
      </trkpt>
      <trkpt lat="41.85117" lon="-73.99673">
        <ele>85.1</ele>
      </trkpt>
      <trkpt lat="41.85122" lon="-73.99689">
        <ele>84.4</ele>
      </trkpt>
      <trkpt lat="41.8514" lon="-73.99733">
        <ele>84.1</ele>
      </trkpt>
      <trkpt lat="41.85153" lon="-73.99767">
        <ele>86.1</ele>
      </trkpt>
      <trkpt lat="41.85159" lon="-73.99779">
        <ele>87.0</ele>
      </trkpt>
      <trkpt lat="41.85166" lon="-73.99788">
        <ele>87.4</ele>
      </trkpt>
      <trkpt lat="41.8521" lon="-73.99822">
        <ele>90.7</ele>
      </trkpt>
      <trkpt lat="41.85219" lon="-73.99827">
        <ele>91.3</ele>
      </trkpt>
      <trkpt lat="41.85251" lon="-73.99834">
        <ele>89.5</ele>
      </trkpt>
      <trkpt lat="41.8527" lon="-73.99839">
        <ele>89.1</ele>
      </trkpt>
      <trkpt lat="41.85313" lon="-73.99854">
        <ele>88.0</ele>
      </trkpt>
      <trkpt lat="41.85334" lon="-73.9986">
        <ele>87.9</ele>
      </trkpt>
      <trkpt lat="41.85372" lon="-73.99862">
        <ele>86.0</ele>
      </trkpt>
      <trkpt lat="41.85386" lon="-73.99865">
        <ele>85.0</ele>
      </trkpt>
      <trkpt lat="41.85397" lon="-73.9987">
        <ele>84.0</ele>
      </trkpt>
      <trkpt lat="41.85475" lon="-73.99924">
        <ele>79.3</ele>
      </trkpt>
      <trkpt lat="41.8551" lon="-73.99944">
        <ele>76.9</ele>
      </trkpt>
      <trkpt lat="41.85533" lon="-73.99958">
        <ele>74.5</ele>
      </trkpt>
      <trkpt lat="41.85556" lon="-73.99975">
        <ele>73.3</ele>
      </trkpt>
      <trkpt lat="41.85565" lon="-73.99985">
        <ele>72.2</ele>
      </trkpt>
      <trkpt lat="41.85578" lon="-74.0">
        <ele>71.1</ele>
      </trkpt>
      <trkpt lat="41.8561" lon="-74.00036">
        <ele>73.0</ele>
      </trkpt>
      <trkpt lat="41.85616" lon="-74.00044">
        <ele>73.3</ele>
      </trkpt>
      <trkpt lat="41.85623" lon="-74.00062">
        <ele>73.9</ele>
      </trkpt>
      <trkpt lat="41.85625" lon="-74.00075">
        <ele>74.2</ele>
      </trkpt>
      <trkpt lat="41.85625" lon="-74.00091">
        <ele>74.5</ele>
      </trkpt>
      <trkpt lat="41.85618" lon="-74.00145">
        <ele>75.2</ele>
      </trkpt>
      <trkpt lat="41.85616" lon="-74.00183">
        <ele>76.5</ele>
      </trkpt>
      <trkpt lat="41.85617" lon="-74.00204">
        <ele>77.4</ele>
      </trkpt>
      <trkpt lat="41.85621" lon="-74.00215">
        <ele>77.6</ele>
      </trkpt>
      <trkpt lat="41.85628" lon="-74.00226">
        <ele>77.7</ele>
      </trkpt>
      <trkpt lat="41.85649" lon="-74.00247">
        <ele>77.7</ele>
      </trkpt>
      <trkpt lat="41.85665" lon="-74.00257">
        <ele>77.4</ele>
      </trkpt>
      <trkpt lat="41.85719" lon="-74.00307">
        <ele>76.5</ele>
      </trkpt>
      <trkpt lat="41.85729" lon="-74.00315">
        <ele>76.1</ele>
      </trkpt>
      <trkpt lat="41.85737" lon="-74.00318">
        <ele>75.6</ele>
      </trkpt>
      <trkpt lat="41.85819" lon="-74.00336">
        <ele>71.5</ele>
      </trkpt>
      <trkpt lat="41.85834" lon="-74.00341">
        <ele>70.4</ele>
      </trkpt>
      <trkpt lat="41.85853" lon="-74.00351">
        <ele>70.3</ele>
      </trkpt>
      <trkpt lat="41.85863" lon="-74.00359">
        <ele>70.4</ele>
      </trkpt>
      <trkpt lat="41.85873" lon="-74.0037">
        <ele>70.9</ele>
      </trkpt>
      <trkpt lat="41.85883" lon="-74.00384">
        <ele>71.5</ele>
      </trkpt>
      <trkpt lat="41.85901" lon="-74.00423">
        <ele>72.9</ele>
      </trkpt>
      <trkpt lat="41.85913" lon="-74.00453">
        <ele>73.6</ele>
      </trkpt>
      <trkpt lat="41.85932" lon="-74.00523">
        <ele>75.0</ele>
      </trkpt>
      <trkpt lat="41.85954" lon="-74.0058">
        <ele>76.0</ele>
      </trkpt>
      <trkpt lat="41.85977" lon="-74.0062">
        <ele>77.3</ele>
      </trkpt>
      <trkpt lat="41.85991" lon="-74.00641">
        <ele>77.4</ele>
      </trkpt>
      <trkpt lat="41.86003" lon="-74.00655">
        <ele>77.4</ele>
      </trkpt>
      <trkpt lat="41.86011" lon="-74.00662">
        <ele>77.4</ele>
      </trkpt>
      <trkpt lat="41.86022" lon="-74.00667">
        <ele>77.4</ele>
      </trkpt>
      <trkpt lat="41.86057" lon="-74.00679">
        <ele>77.2</ele>
      </trkpt>
      <trkpt lat="41.86069" lon="-74.00688">
        <ele>77.2</ele>
      </trkpt>
      <trkpt lat="41.86079" lon="-74.00702">
        <ele>77.2</ele>
      </trkpt>
      <trkpt lat="41.86103" lon="-74.00745">
        <ele>77.4</ele>
      </trkpt>
      <trkpt lat="41.86115" lon="-74.00761">
        <ele>77.2</ele>
      </trkpt>
      <trkpt lat="41.86146" lon="-74.00796">
        <ele>75.2</ele>
      </trkpt>
      <trkpt lat="41.8616" lon="-74.0081">
        <ele>74.2</ele>
      </trkpt>
      <trkpt lat="41.86176" lon="-74.00836">
        <ele>73.9</ele>
      </trkpt>
      <trkpt lat="41.8618" lon="-74.00844">
        <ele>73.6</ele>
      </trkpt>
      <trkpt lat="41.86182" lon="-74.00857">
        <ele>73.5</ele>
      </trkpt>
      <trkpt lat="41.86182" lon="-74.00868">
        <ele>73.8</ele>
      </trkpt>
      <trkpt lat="41.86179" lon="-74.00904">
        <ele>75.3</ele>
      </trkpt>
      <trkpt lat="41.86182" lon="-74.00926">
        <ele>75.3</ele>
      </trkpt>
      <trkpt lat="41.86196" lon="-74.00968">
        <ele>75.6</ele>
      </trkpt>
      <trkpt lat="41.8621" lon="-74.01001">
        <ele>76.2</ele>
      </trkpt>
      <trkpt lat="41.86226" lon="-74.0103">
        <ele>77.4</ele>
      </trkpt>
      <trkpt lat="41.86236" lon="-74.01042">
        <ele>78.1</ele>
      </trkpt>
      <trkpt lat="41.86263" lon="-74.01063">
        <ele>78.6</ele>
      </trkpt>
      <trkpt lat="41.86281" lon="-74.0108">
        <ele>78.5</ele>
      </trkpt>
      <trkpt lat="41.86317" lon="-74.01122">
        <ele>78.3</ele>
      </trkpt>
      <trkpt lat="41.86354" lon="-74.01164">
        <ele>78.3</ele>
      </trkpt>
      <trkpt lat="41.86366" lon="-74.01174">
        <ele>78.6</ele>
      </trkpt>
      <trkpt lat="41.86374" lon="-74.01178">
        <ele>78.7</ele>
      </trkpt>
      <trkpt lat="41.86389" lon="-74.01183">
        <ele>78.7</ele>
      </trkpt>
      <trkpt lat="41.86427" lon="-74.0119">
        <ele>78.4</ele>
      </trkpt>
      <trkpt lat="41.86446" lon="-74.01195">
        <ele>78.4</ele>
      </trkpt>
      <trkpt lat="41.86467" lon="-74.01204">
        <ele>78.4</ele>
      </trkpt>
      <trkpt lat="41.86492" lon="-74.0122">
        <ele>78.0</ele>
      </trkpt>
      <trkpt lat="41.86553" lon="-74.0128">
        <ele>77.7</ele>
      </trkpt>
      <trkpt lat="41.86565" lon="-74.01295">
        <ele>77.9</ele>
      </trkpt>
      <trkpt lat="41.86573" lon="-74.01309">
        <ele>77.3</ele>
      </trkpt>
      <trkpt lat="41.86581" lon="-74.01336">
        <ele>75.2</ele>
      </trkpt>
      <trkpt lat="41.86599" lon="-74.01418">
        <ele>74.5</ele>
      </trkpt>
      <trkpt lat="41.86611" lon="-74.01452">
        <ele>75.5</ele>
      </trkpt>
      <trkpt lat="41.86616" lon="-74.01461">
        <ele>75.6</ele>
      </trkpt>
      <trkpt lat="41.86628" lon="-74.01476">
        <ele>75.5</ele>
      </trkpt>
      <trkpt lat="41.86664" lon="-74.01514">
        <ele>75.2</ele>
      </trkpt>
      <trkpt lat="41.86699" lon="-74.01553">
        <ele>75.9</ele>
      </trkpt>
      <trkpt lat="41.86708" lon="-74.01561">
        <ele>75.8</ele>
      </trkpt>
      <trkpt lat="41.86749" lon="-74.01606">
        <ele>74.8</ele>
      </trkpt>
      <trkpt lat="41.86763" lon="-74.01624">
        <ele>74.3</ele>
      </trkpt>
      <trkpt lat="41.86795" lon="-74.0167">
        <ele>74.5</ele>
      </trkpt>
      <trkpt lat="41.86856" lon="-74.01751">
        <ele>73.3</ele>
      </trkpt>
      <trkpt lat="41.86876" lon="-74.01774">
        <ele>73.1</ele>
      </trkpt>
      <trkpt lat="41.86887" lon="-74.01785">
        <ele>72.9</ele>
      </trkpt>
      <trkpt lat="41.869" lon="-74.01793">
        <ele>72.5</ele>
      </trkpt>
      <trkpt lat="41.86945" lon="-74.0181">
        <ele>71.5</ele>
      </trkpt>
      <trkpt lat="41.8699" lon="-74.01827">
        <ele>70.4</ele>
      </trkpt>
      <trkpt lat="41.87032" lon="-74.01842">
        <ele>69.9</ele>
      </trkpt>
      <trkpt lat="41.87048" lon="-74.01849">
        <ele>70.2</ele>
      </trkpt>
      <trkpt lat="41.87066" lon="-74.01859">
        <ele>71.3</ele>
      </trkpt>
      <trkpt lat="41.87133" lon="-74.01907">
        <ele>75.8</ele>
      </trkpt>
      <trkpt lat="41.87145" lon="-74.01919">
        <ele>76.2</ele>
      </trkpt>
      <trkpt lat="41.87167" lon="-74.01949">
        <ele>74.7</ele>
      </trkpt>
      <trkpt lat="41.87178" lon="-74.0197">
        <ele>74.0</ele>
      </trkpt>
      <trkpt lat="41.87191" lon="-74.01984">
        <ele>72.7</ele>
      </trkpt>
      <trkpt lat="41.87196" lon="-74.01989">
        <ele>72.2</ele>
      </trkpt>
      <trkpt lat="41.87207" lon="-74.01994">
        <ele>71.4</ele>
      </trkpt>
      <trkpt lat="41.87218" lon="-74.01998">
        <ele>70.7</ele>
      </trkpt>
      <trkpt lat="41.87238" lon="-74.01997">
        <ele>69.6</ele>
      </trkpt>
      <trkpt lat="41.87253" lon="-74.01993">
        <ele>68.6</ele>
      </trkpt>
      <trkpt lat="41.87281" lon="-74.01983">
        <ele>66.9</ele>
      </trkpt>
      <trkpt lat="41.87329" lon="-74.01973">
        <ele>66.4</ele>
      </trkpt>
      <trkpt lat="41.87364" lon="-74.01959">
        <ele>65.8</ele>
      </trkpt>
      <trkpt lat="41.87447" lon="-74.01922">
        <ele>63.1</ele>
      </trkpt>
      <trkpt lat="41.87466" lon="-74.01917">
        <ele>63.1</ele>
      </trkpt>
      <trkpt lat="41.87474" lon="-74.01917">
        <ele>63.5</ele>
      </trkpt>
      <trkpt lat="41.87515" lon="-74.01926">
        <ele>65.5</ele>
      </trkpt>
      <trkpt lat="41.87524" lon="-74.01927">
        <ele>65.9</ele>
      </trkpt>
      <trkpt lat="41.87538" lon="-74.01923">
        <ele>66.2</ele>
      </trkpt>
      <trkpt lat="41.87566" lon="-74.01911">
        <ele>66.4</ele>
      </trkpt>
      <trkpt lat="41.8762" lon="-74.01878">
        <ele>67.6</ele>
      </trkpt>
      <trkpt lat="41.87642" lon="-74.01868">
        <ele>67.5</ele>
      </trkpt>
      <trkpt lat="41.87653" lon="-74.01866">
        <ele>67.5</ele>
      </trkpt>
      <trkpt lat="41.87678" lon="-74.01866">
        <ele>66.9</ele>
      </trkpt>
      <trkpt lat="41.87699" lon="-74.0187">
        <ele>65.9</ele>
      </trkpt>
      <trkpt lat="41.87741" lon="-74.01883">
        <ele>67.3</ele>
      </trkpt>
      <trkpt lat="41.87759" lon="-74.01883">
        <ele>67.8</ele>
      </trkpt>
      <trkpt lat="41.87779" lon="-74.01878">
        <ele>68.4</ele>
      </trkpt>
      <trkpt lat="41.87826" lon="-74.0186">
        <ele>71.6</ele>
      </trkpt>
      <trkpt lat="41.87837" lon="-74.01856">
        <ele>71.7</ele>
      </trkpt>
      <trkpt lat="41.87847" lon="-74.01856">
        <ele>71.6</ele>
      </trkpt>
      <trkpt lat="41.87857" lon="-74.01857">
        <ele>71.4</ele>
      </trkpt>
      <trkpt lat="41.87866" lon="-74.0186">
        <ele>71.0</ele>
      </trkpt>
      <trkpt lat="41.87882" lon="-74.01867">
        <ele>70.0</ele>
      </trkpt>
      <trkpt lat="41.87895" lon="-74.01871">
        <ele>69.3</ele>
      </trkpt>
      <trkpt lat="41.87906" lon="-74.01872">
        <ele>68.9</ele>
      </trkpt>
      <trkpt lat="41.8795" lon="-74.01868">
        <ele>66.4</ele>
      </trkpt>
      <trkpt lat="41.87996" lon="-74.01871">
        <ele>65.5</ele>
      </trkpt>
      <trkpt lat="41.88037" lon="-74.01879">
        <ele>64.2</ele>
      </trkpt>
      <trkpt lat="41.88049" lon="-74.01883">
        <ele>63.5</ele>
      </trkpt>
      <trkpt lat="41.88062" lon="-74.01892">
        <ele>62.4</ele>
      </trkpt>
      <trkpt lat="41.88067" lon="-74.019">
        <ele>61.9</ele>
      </trkpt>
      <trkpt lat="41.88071" lon="-74.01908">
        <ele>61.5</ele>
      </trkpt>
      <trkpt lat="41.88076" lon="-74.01923">
        <ele>61.1</ele>
      </trkpt>
      <trkpt lat="41.88085" lon="-74.01962">
        <ele>60.3</ele>
      </trkpt>
      <trkpt lat="41.88101" lon="-74.02017">
        <ele>60.1</ele>
      </trkpt>
      <trkpt lat="41.88108" lon="-74.02036">
        <ele>60.6</ele>
      </trkpt>
      <trkpt lat="41.88122" lon="-74.02063">
        <ele>61.8</ele>
      </trkpt>
      <trkpt lat="41.88143" lon="-74.02096">
        <ele>60.8</ele>
      </trkpt>
      <trkpt lat="41.8815" lon="-74.02102">
        <ele>60.6</ele>
      </trkpt>
      <trkpt lat="41.88157" lon="-74.02106">
        <ele>60.3</ele>
      </trkpt>
      <trkpt lat="41.88168" lon="-74.02109">
        <ele>60.0</ele>
      </trkpt>
      <trkpt lat="41.88182" lon="-74.02115">
        <ele>59.6</ele>
      </trkpt>
      <trkpt lat="41.88186" lon="-74.02121">
        <ele>59.3</ele>
      </trkpt>
      <trkpt lat="41.88202" lon="-74.02122">
        <ele>59.4</ele>
      </trkpt>
      <trkpt lat="41.88269" lon="-74.02133">
        <ele>60.1</ele>
      </trkpt>
      <trkpt lat="41.88314" lon="-74.02137">
        <ele>60.2</ele>
      </trkpt>
      <trkpt lat="41.88334" lon="-74.02135">
        <ele>60.0</ele>
      </trkpt>
      <trkpt lat="41.88345" lon="-74.0213">
        <ele>60.1</ele>
      </trkpt>
      <trkpt lat="41.88357" lon="-74.02124">
        <ele>60.1</ele>
      </trkpt>
      <trkpt lat="41.88367" lon="-74.02115">
        <ele>60.1</ele>
      </trkpt>
      <trkpt lat="41.88385" lon="-74.02102">
        <ele>59.8</ele>
      </trkpt>
      <trkpt lat="41.88412" lon="-74.02087">
        <ele>59.2</ele>
      </trkpt>
      <trkpt lat="41.88442" lon="-74.02077">
        <ele>59.1</ele>
      </trkpt>
      <trkpt lat="41.88494" lon="-74.02063">
        <ele>59.3</ele>
      </trkpt>
      <trkpt lat="41.88547" lon="-74.02048">
        <ele>58.8</ele>
      </trkpt>
      <trkpt lat="41.88585" lon="-74.02033">
        <ele>59.0</ele>
      </trkpt>
      <trkpt lat="41.88605" lon="-74.02024">
        <ele>59.2</ele>
      </trkpt>
      <trkpt lat="41.8866" lon="-74.0198">
        <ele>59.8</ele>
      </trkpt>
      <trkpt lat="41.88715" lon="-74.01921">
        <ele>59.5</ele>
      </trkpt>
      <trkpt lat="41.88771" lon="-74.01861">
        <ele>59.6</ele>
      </trkpt>
      <trkpt lat="41.88802" lon="-74.01833">
        <ele>59.0</ele>
      </trkpt>
      <trkpt lat="41.88853" lon="-74.01793">
        <ele>56.6</ele>
      </trkpt>
      <trkpt lat="41.88897" lon="-74.01764">
        <ele>53.2</ele>
      </trkpt>
      <trkpt lat="41.88927" lon="-74.01752">
        <ele>52.0</ele>
      </trkpt>
      <trkpt lat="41.88943" lon="-74.01748">
        <ele>51.2</ele>
      </trkpt>
      <trkpt lat="41.88989" lon="-74.01742">
        <ele>45.7</ele>
      </trkpt>
      <trkpt lat="41.89034" lon="-74.01736">
        <ele>43.1</ele>
      </trkpt>
      <trkpt lat="41.89047" lon="-74.0173">
        <ele>41.5</ele>
      </trkpt>
      <trkpt lat="41.89059" lon="-74.01724">
        <ele>40.2</ele>
      </trkpt>
      <trkpt lat="41.8907" lon="-74.01715">
        <ele>39.3</ele>
      </trkpt>
      <trkpt lat="41.89092" lon="-74.01689">
        <ele>37.9</ele>
      </trkpt>
      <trkpt lat="41.891" lon="-74.01681">
        <ele>37.3</ele>
      </trkpt>
      <trkpt lat="41.8911" lon="-74.01676">
        <ele>36.8</ele>
      </trkpt>
      <trkpt lat="41.89119" lon="-74.01673">
        <ele>35.8</ele>
      </trkpt>
      <trkpt lat="41.89129" lon="-74.01671">
        <ele>34.3</ele>
      </trkpt>
      <trkpt lat="41.8914" lon="-74.01672">
        <ele>33.8</ele>
      </trkpt>
      <trkpt lat="41.8915" lon="-74.01674">
        <ele>31.9</ele>
      </trkpt>
      <trkpt lat="41.8916" lon="-74.01678">
        <ele>30.7</ele>
      </trkpt>
      <trkpt lat="41.8917" lon="-74.01686">
        <ele>30.8</ele>
      </trkpt>
      <trkpt lat="41.8918" lon="-74.01696">
        <ele>30.6</ele>
      </trkpt>
      <trkpt lat="41.89195" lon="-74.01706">
        <ele>29.0</ele>
      </trkpt>
      <trkpt lat="41.89205" lon="-74.01711">
        <ele>30.0</ele>
      </trkpt>
      <trkpt lat="41.89214" lon="-74.01715">
        <ele>29.7</ele>
      </trkpt>
      <trkpt lat="41.89229" lon="-74.01716">
        <ele>24.9</ele>
      </trkpt>
      <trkpt lat="41.89268" lon="-74.01716">
        <ele>23.2</ele>
      </trkpt>
      <trkpt lat="41.89302" lon="-74.0172">
        <ele>20.7</ele>
      </trkpt>
      <trkpt lat="41.89311" lon="-74.01714">
        <ele>18.7</ele>
      </trkpt>
      <trkpt lat="41.89337" lon="-74.01734">
        <ele>18.8</ele>
      </trkpt>
      <trkpt lat="41.89368" lon="-74.01765">
        <ele>17.9</ele>
      </trkpt>
      <trkpt lat="41.89403" lon="-74.01802">
        <ele>15.4</ele>
      </trkpt>
      <trkpt lat="41.89439" lon="-74.0184">
        <ele>13.3</ele>
      </trkpt>
      <trkpt lat="41.89478" lon="-74.0188">
        <ele>11.1</ele>
      </trkpt>
      <trkpt lat="41.89516" lon="-74.0192">
        <ele>9.0</ele>
      </trkpt>
      <trkpt lat="41.89581" lon="-74.01982">
        <ele>5.5</ele>
      </trkpt>
      <trkpt lat="41.89572" lon="-74.01997">
        <ele>5.5</ele>
      </trkpt>
      <trkpt lat="41.89527" lon="-74.02063">
        <ele>6.1</ele>
      </trkpt>
      <trkpt lat="41.89516" lon="-74.02084">
        <ele>7.3</ele>
      </trkpt>
      <trkpt lat="41.89512" lon="-74.02094">
        <ele>7.8</ele>
      </trkpt>
      <trkpt lat="41.89503" lon="-74.02128">
        <ele>7.4</ele>
      </trkpt>
      <trkpt lat="41.89495" lon="-74.02165">
        <ele>7.4</ele>
      </trkpt>
      <trkpt lat="41.8949" lon="-74.02194">
        <ele>7.1</ele>
      </trkpt>
      <trkpt lat="41.89482" lon="-74.02303">
        <ele>6.3</ele>
      </trkpt>
      <trkpt lat="41.89482" lon="-74.02333">
        <ele>6.1</ele>
      </trkpt>
      <trkpt lat="41.89488" lon="-74.02389">
        <ele>5.9</ele>
      </trkpt>
      <trkpt lat="41.8949" lon="-74.02404">
        <ele>5.9</ele>
      </trkpt>
      <trkpt lat="41.8949" lon="-74.02417">
        <ele>6.0</ele>
      </trkpt>
      <trkpt lat="41.89488" lon="-74.02432">
        <ele>6.2</ele>
      </trkpt>
      <trkpt lat="41.89485" lon="-74.02444">
        <ele>6.4</ele>
      </trkpt>
      <trkpt lat="41.8948" lon="-74.0246">
        <ele>6.5</ele>
      </trkpt>
      <trkpt lat="41.89475" lon="-74.02474">
        <ele>6.4</ele>
      </trkpt>
      <trkpt lat="41.89461" lon="-74.02498">
        <ele>6.9</ele>
      </trkpt>
      <trkpt lat="41.89453" lon="-74.02507">
        <ele>7.0</ele>
      </trkpt>
      <trkpt lat="41.89445" lon="-74.02515">
        <ele>7.2</ele>
      </trkpt>
      <trkpt lat="41.89436" lon="-74.02521">
        <ele>7.4</ele>
      </trkpt>
      <trkpt lat="41.89421" lon="-74.02526">
        <ele>7.4</ele>
      </trkpt>
      <trkpt lat="41.89393" lon="-74.02529">
        <ele>6.8</ele>
      </trkpt>
      <trkpt lat="41.89385" lon="-74.0253">
        <ele>6.6</ele>
      </trkpt>
      <trkpt lat="41.89369" lon="-74.02538">
        <ele>7.1</ele>
      </trkpt>
      <trkpt lat="41.89361" lon="-74.02543">
        <ele>7.3</ele>
      </trkpt>
      <trkpt lat="41.89361" lon="-74.02551">
        <ele>8.3</ele>
      </trkpt>
      <trkpt lat="41.89348" lon="-74.02571">
        <ele>9.6</ele>
      </trkpt>
      <trkpt lat="41.89342" lon="-74.02584">
        <ele>10.5</ele>
      </trkpt>
      <trkpt lat="41.89339" lon="-74.026">
        <ele>12.2</ele>
      </trkpt>
      <trkpt lat="41.89338" lon="-74.02611">
        <ele>14.0</ele>
      </trkpt>
      <trkpt lat="41.89339" lon="-74.02629">
        <ele>18.0</ele>
      </trkpt>
      <trkpt lat="41.89343" lon="-74.0266">
        <ele>22.7</ele>
      </trkpt>
      <trkpt lat="41.89347" lon="-74.02671">
        <ele>23.7</ele>
      </trkpt>
      <trkpt lat="41.89361" lon="-74.02692">
        <ele>25.5</ele>
      </trkpt>
      <trkpt lat="41.89374" lon="-74.02709">
        <ele>26.7</ele>
      </trkpt>
      <trkpt lat="41.89341" lon="-74.02788">
        <ele>28.4</ele>
      </trkpt>
      <trkpt lat="41.89327" lon="-74.02824">
        <ele>28.3</ele>
      </trkpt>
      <trkpt lat="41.89317" lon="-74.02855">
        <ele>27.8</ele>
      </trkpt>
      <trkpt lat="41.89313" lon="-74.02887">
        <ele>27.7</ele>
      </trkpt>
      <trkpt lat="41.89302" lon="-74.02991">
        <ele>28.7</ele>
      </trkpt>
      <trkpt lat="41.89293" lon="-74.03086">
        <ele>31.5</ele>
      </trkpt>
      <trkpt lat="41.89288" lon="-74.03127">
        <ele>34.5</ele>
      </trkpt>
      <trkpt lat="41.89276" lon="-74.03184">
        <ele>38.4</ele>
      </trkpt>
      <trkpt lat="41.8927" lon="-74.03195">
        <ele>39.0</ele>
      </trkpt>
      <trkpt lat="41.89262" lon="-74.03217">
        <ele>42.2</ele>
      </trkpt>
      <trkpt lat="41.89242" lon="-74.03293">
        <ele>44.7</ele>
      </trkpt>
      <trkpt lat="41.89235" lon="-74.03313">
        <ele>45.3</ele>
      </trkpt>
      <trkpt lat="41.8923" lon="-74.03324">
        <ele>45.7</ele>
      </trkpt>
      <trkpt lat="41.89218" lon="-74.03345">
        <ele>46.6</ele>
      </trkpt>
      <trkpt lat="41.89192" lon="-74.03382">
        <ele>46.5</ele>
      </trkpt>
      <trkpt lat="41.89172" lon="-74.03413">
        <ele>42.9</ele>
      </trkpt>
      <trkpt lat="41.89144" lon="-74.03464">
        <ele>38.9</ele>
      </trkpt>
      <trkpt lat="41.89116" lon="-74.03515">
        <ele>33.7</ele>
      </trkpt>
      <trkpt lat="41.89071" lon="-74.03593">
        <ele>27.2</ele>
      </trkpt>
      <trkpt lat="41.89026" lon="-74.03671">
        <ele>27.8</ele>
      </trkpt>
      <trkpt lat="41.88982" lon="-74.03749">
        <ele>27.0</ele>
      </trkpt>
      <trkpt lat="41.88948" lon="-74.03828">
        <ele>23.0</ele>
      </trkpt>
      <trkpt lat="41.88935" lon="-74.03857">
        <ele>23.1</ele>
      </trkpt>
      <trkpt lat="41.88914" lon="-74.03893">
        <ele>22.8</ele>
      </trkpt>
      <trkpt lat="41.88894" lon="-74.03923">
        <ele>22.6</ele>
      </trkpt>
      <trkpt lat="41.88862" lon="-74.03961">
        <ele>21.8</ele>
      </trkpt>
      <trkpt lat="41.88812" lon="-74.04014">
        <ele>22.1</ele>
      </trkpt>
      <trkpt lat="41.88777" lon="-74.04054">
        <ele>21.9</ele>
      </trkpt>
      <trkpt lat="41.8877" lon="-74.04066">
        <ele>22.2</ele>
      </trkpt>
      <trkpt lat="41.8876" lon="-74.04087">
        <ele>23.3</ele>
      </trkpt>
      <trkpt lat="41.8874" lon="-74.04146">
        <ele>26.7</ele>
      </trkpt>
      <trkpt lat="41.88722" lon="-74.04184">
        <ele>27.2</ele>
      </trkpt>
      <trkpt lat="41.88693" lon="-74.04235">
        <ele>27.4</ele>
      </trkpt>
      <trkpt lat="41.88683" lon="-74.04255">
        <ele>27.5</ele>
      </trkpt>
      <trkpt lat="41.88678" lon="-74.04269">
        <ele>27.5</ele>
      </trkpt>
      <trkpt lat="41.88676" lon="-74.04277">
        <ele>27.6</ele>
      </trkpt>
      <trkpt lat="41.88676" lon="-74.04295">
        <ele>28.1</ele>
      </trkpt>
      <trkpt lat="41.8868" lon="-74.04311">
        <ele>28.4</ele>
      </trkpt>
      <trkpt lat="41.88685" lon="-74.04319">
        <ele>28.7</ele>
      </trkpt>
      <trkpt lat="41.88692" lon="-74.04325">
        <ele>29.0</ele>
      </trkpt>
      <trkpt lat="41.88714" lon="-74.04339">
        <ele>28.9</ele>
      </trkpt>
      <trkpt lat="41.88726" lon="-74.0435">
        <ele>28.0</ele>
      </trkpt>
      <trkpt lat="41.88741" lon="-74.0436">
        <ele>28.7</ele>
      </trkpt>
      <trkpt lat="41.8878" lon="-74.04378">
        <ele>30.3</ele>
      </trkpt>
      <trkpt lat="41.88786" lon="-74.04382">
        <ele>30.4</ele>
      </trkpt>
      <trkpt lat="41.88802" lon="-74.04399">
        <ele>30.4</ele>
      </trkpt>
      <trkpt lat="41.88811" lon="-74.04412">
        <ele>30.2</ele>
      </trkpt>
      <trkpt lat="41.88823" lon="-74.04434">
        <ele>29.6</ele>
      </trkpt>
      <trkpt lat="41.88833" lon="-74.04456">
        <ele>29.0</ele>
      </trkpt>
      <trkpt lat="41.8884" lon="-74.04482">
        <ele>29.6</ele>
      </trkpt>
      <trkpt lat="41.88845" lon="-74.04502">
        <ele>31.0</ele>
      </trkpt>
      <trkpt lat="41.88848" lon="-74.04524">
        <ele>32.6</ele>
      </trkpt>
      <trkpt lat="41.88848" lon="-74.04543">
        <ele>33.6</ele>
      </trkpt>
      <trkpt lat="41.88844" lon="-74.04562">
        <ele>34.5</ele>
      </trkpt>
      <trkpt lat="41.88835" lon="-74.04589">
        <ele>34.7</ele>
      </trkpt>
      <trkpt lat="41.88822" lon="-74.04618">
        <ele>34.5</ele>
      </trkpt>
      <trkpt lat="41.88798" lon="-74.0466">
        <ele>34.1</ele>
      </trkpt>
      <trkpt lat="41.88794" lon="-74.04672">
        <ele>34.1</ele>
      </trkpt>
      <trkpt lat="41.88793" lon="-74.04685">
        <ele>34.1</ele>
      </trkpt>
      <trkpt lat="41.88796" lon="-74.04697">
        <ele>34.7</ele>
      </trkpt>
      <trkpt lat="41.88801" lon="-74.04709">
        <ele>35.1</ele>
      </trkpt>
      <trkpt lat="41.88805" lon="-74.04715">
        <ele>35.2</ele>
      </trkpt>
      <trkpt lat="41.88809" lon="-74.04718">
        <ele>35.4</ele>
      </trkpt>
      <trkpt lat="41.88815" lon="-74.04722">
        <ele>35.7</ele>
      </trkpt>
      <trkpt lat="41.88836" lon="-74.04727">
        <ele>39.1</ele>
      </trkpt>
      <trkpt lat="41.88853" lon="-74.04728">
        <ele>41.5</ele>
      </trkpt>
      <trkpt lat="41.88911" lon="-74.04721">
        <ele>49.3</ele>
      </trkpt>
      <trkpt lat="41.8894" lon="-74.04719">
        <ele>52.7</ele>
      </trkpt>
      <trkpt lat="41.88973" lon="-74.04718">
        <ele>55.1</ele>
      </trkpt>
      <trkpt lat="41.88986" lon="-74.04718">
        <ele>55.4</ele>
      </trkpt>
      <trkpt lat="41.88992" lon="-74.0472">
        <ele>55.5</ele>
      </trkpt>
      <trkpt lat="41.88998" lon="-74.04725">
        <ele>55.7</ele>
      </trkpt>
      <trkpt lat="41.89004" lon="-74.04734">
        <ele>56.0</ele>
      </trkpt>
      <trkpt lat="41.89007" lon="-74.04742">
        <ele>56.1</ele>
      </trkpt>
      <trkpt lat="41.89009" lon="-74.0475">
        <ele>56.4</ele>
      </trkpt>
      <trkpt lat="41.89007" lon="-74.04764">
        <ele>56.6</ele>
      </trkpt>
      <trkpt lat="41.89006" lon="-74.0477">
        <ele>56.6</ele>
      </trkpt>
      <trkpt lat="41.88999" lon="-74.04782">
        <ele>56.7</ele>
      </trkpt>
      <trkpt lat="41.8899" lon="-74.04792">
        <ele>56.7</ele>
      </trkpt>
      <trkpt lat="41.88949" lon="-74.04826">
        <ele>56.7</ele>
      </trkpt>
      <trkpt lat="41.88908" lon="-74.04859">
        <ele>56.7</ele>
      </trkpt>
      <trkpt lat="41.88878" lon="-74.04883">
        <ele>56.6</ele>
      </trkpt>
      <trkpt lat="41.88864" lon="-74.04896">
        <ele>56.6</ele>
      </trkpt>
      <trkpt lat="41.8886" lon="-74.04902">
        <ele>56.7</ele>
      </trkpt>
      <trkpt lat="41.88855" lon="-74.04913">
        <ele>56.8</ele>
      </trkpt>
      <trkpt lat="41.88849" lon="-74.04929">
        <ele>57.1</ele>
      </trkpt>
      <trkpt lat="41.88847" lon="-74.04945">
        <ele>57.3</ele>
      </trkpt>
      <trkpt lat="41.88848" lon="-74.04968">
        <ele>57.8</ele>
      </trkpt>
      <trkpt lat="41.88852" lon="-74.04984">
        <ele>58.2</ele>
      </trkpt>
      <trkpt lat="41.88859" lon="-74.04999">
        <ele>58.6</ele>
      </trkpt>
      <trkpt lat="41.88872" lon="-74.05016">
        <ele>59.1</ele>
      </trkpt>
      <trkpt lat="41.88801" lon="-74.05078">
        <ele>59.7</ele>
      </trkpt>
      <trkpt lat="41.8873" lon="-74.05139">
        <ele>59.7</ele>
      </trkpt>
      <trkpt lat="41.88659" lon="-74.052">
        <ele>59.4</ele>
      </trkpt>
      <trkpt lat="41.88588" lon="-74.0526">
        <ele>59.3</ele>
      </trkpt>
      <trkpt lat="41.88517" lon="-74.05321">
        <ele>59.6</ele>
      </trkpt>
      <trkpt lat="41.88446" lon="-74.05381">
        <ele>57.3</ele>
      </trkpt>
      <trkpt lat="41.88376" lon="-74.05442">
        <ele>57.1</ele>
      </trkpt>
      <trkpt lat="41.88328" lon="-74.05488">
        <ele>55.0</ele>
      </trkpt>
      <trkpt lat="41.883" lon="-74.05522">
        <ele>55.0</ele>
      </trkpt>
      <trkpt lat="41.88294" lon="-74.0553">
        <ele>55.1</ele>
      </trkpt>
      <trkpt lat="41.88241" lon="-74.05613">
        <ele>55.3</ele>
      </trkpt>
      <trkpt lat="41.88193" lon="-74.05701">
        <ele>56.2</ele>
      </trkpt>
      <trkpt lat="41.88146" lon="-74.05783">
        <ele>57.6</ele>
      </trkpt>
      <trkpt lat="41.88122" lon="-74.0578">
        <ele>57.5</ele>
      </trkpt>
      <trkpt lat="41.88113" lon="-74.05796">
        <ele>57.5</ele>
      </trkpt>
      <trkpt lat="41.88077" lon="-74.05859">
        <ele>57.5</ele>
      </trkpt>
      <trkpt lat="41.88075" lon="-74.05863">
        <ele>57.5</ele>
      </trkpt>
      <trkpt lat="41.88061" lon="-74.05901">
        <ele>57.5</ele>
      </trkpt>
      <trkpt lat="41.8805" lon="-74.05929">
        <ele>57.1</ele>
      </trkpt>
      <trkpt lat="41.88034" lon="-74.05962">
        <ele>57.2</ele>
      </trkpt>
      <trkpt lat="41.87988" lon="-74.06024">
        <ele>57.6</ele>
      </trkpt>
      <trkpt lat="41.87943" lon="-74.06086">
        <ele>57.5</ele>
      </trkpt>
      <trkpt lat="41.87898" lon="-74.06148">
        <ele>56.7</ele>
      </trkpt>
      <trkpt lat="41.87866" lon="-74.06196">
        <ele>56.9</ele>
      </trkpt>
      <trkpt lat="41.87835" lon="-74.06244">
        <ele>57.3</ele>
      </trkpt>
      <trkpt lat="41.87785" lon="-74.0634">
        <ele>59.6</ele>
      </trkpt>
      <trkpt lat="41.8775" lon="-74.06424">
        <ele>61.1</ele>
      </trkpt>
      <trkpt lat="41.87728" lon="-74.06495">
        <ele>61.7</ele>
      </trkpt>
      <trkpt lat="41.87693" lon="-74.06575">
        <ele>62.1</ele>
      </trkpt>
      <trkpt lat="41.87658" lon="-74.06655">
        <ele>61.7</ele>
      </trkpt>
      <trkpt lat="41.87621" lon="-74.06728">
        <ele>62.1</ele>
      </trkpt>
      <trkpt lat="41.87584" lon="-74.06801">
        <ele>63.7</ele>
      </trkpt>
      <trkpt lat="41.87547" lon="-74.06874">
        <ele>63.1</ele>
      </trkpt>
      <trkpt lat="41.8755" lon="-74.0689">
        <ele>61.7</ele>
      </trkpt>
      <trkpt lat="41.87519" lon="-74.06934">
        <ele>63.7</ele>
      </trkpt>
      <trkpt lat="41.87483" lon="-74.06998">
        <ele>62.7</ele>
      </trkpt>
      <trkpt lat="41.87441" lon="-74.07081">
        <ele>63.1</ele>
      </trkpt>
      <trkpt lat="41.87399" lon="-74.07165">
        <ele>68.8</ele>
      </trkpt>
      <trkpt lat="41.87357" lon="-74.07248">
        <ele>73.0</ele>
      </trkpt>
      <trkpt lat="41.87318" lon="-74.07324">
        <ele>73.0</ele>
      </trkpt>
      <trkpt lat="41.8728" lon="-74.074">
        <ele>72.9</ele>
      </trkpt>
      <trkpt lat="41.87241" lon="-74.07475">
        <ele>72.9</ele>
      </trkpt>
      <trkpt lat="41.8721" lon="-74.07533">
        <ele>72.6</ele>
      </trkpt>
      <trkpt lat="41.87179" lon="-74.07591">
        <ele>69.0</ele>
      </trkpt>
      <trkpt lat="41.87122" lon="-74.0768">
        <ele>71.2</ele>
      </trkpt>
      <trkpt lat="41.87118" lon="-74.07685">
        <ele>71.4</ele>
      </trkpt>
      <trkpt lat="41.87055" lon="-74.07744">
        <ele>73.4</ele>
      </trkpt>
      <trkpt lat="41.86985" lon="-74.0778">
        <ele>75.2</ele>
      </trkpt>
      <trkpt lat="41.86929" lon="-74.07805">
        <ele>77.8</ele>
      </trkpt>
      <trkpt lat="41.86873" lon="-74.0783">
        <ele>78.9</ele>
      </trkpt>
      <trkpt lat="41.86797" lon="-74.07856">
        <ele>77.4</ele>
      </trkpt>
      <trkpt lat="41.86721" lon="-74.07883">
        <ele>72.5</ele>
      </trkpt>
      <trkpt lat="41.86658" lon="-74.07907">
        <ele>72.5</ele>
      </trkpt>
      <trkpt lat="41.86595" lon="-74.0793">
        <ele>71.1</ele>
      </trkpt>
      <trkpt lat="41.86518" lon="-74.07962">
        <ele>69.6</ele>
      </trkpt>
      <trkpt lat="41.86469" lon="-74.07995">
        <ele>69.5</ele>
      </trkpt>
      <trkpt lat="41.8645" lon="-74.08018">
        <ele>67.4</ele>
      </trkpt>
      <trkpt lat="41.86413" lon="-74.08054">
        <ele>68.1</ele>
      </trkpt>
      <trkpt lat="41.86377" lon="-74.08091">
        <ele>69.0</ele>
      </trkpt>
      <trkpt lat="41.86352" lon="-74.08111">
        <ele>70.3</ele>
      </trkpt>
      <trkpt lat="41.86319" lon="-74.08106">
        <ele>74.5</ele>
      </trkpt>
      <trkpt lat="41.8624" lon="-74.0815">
        <ele>72.5</ele>
      </trkpt>
      <trkpt lat="41.8619" lon="-74.08171">
        <ele>72.7</ele>
      </trkpt>
      <trkpt lat="41.8614" lon="-74.08171">
        <ele>75.6</ele>
      </trkpt>
      <trkpt lat="41.86106" lon="-74.08191">
        <ele>75.3</ele>
      </trkpt>
      <trkpt lat="41.86101" lon="-74.08216">
        <ele>72.6</ele>
      </trkpt>
      <trkpt lat="41.86101" lon="-74.08234">
        <ele>73.6</ele>
      </trkpt>
      <trkpt lat="41.861" lon="-74.08294">
        <ele>73.7</ele>
      </trkpt>
      <trkpt lat="41.86093" lon="-74.083">
        <ele>73.4</ele>
      </trkpt>
      <trkpt lat="41.86074" lon="-74.08307">
        <ele>73.6</ele>
      </trkpt>
      <trkpt lat="41.86034" lon="-74.08318">
        <ele>73.0</ele>
      </trkpt>
      <trkpt lat="41.85948" lon="-74.08333">
        <ele>73.0</ele>
      </trkpt>
      <trkpt lat="41.85959" lon="-74.08402">
        <ele>66.3</ele>
      </trkpt>
      <trkpt lat="41.8596" lon="-74.08416">
        <ele>65.5</ele>
      </trkpt>
      <trkpt lat="41.8595" lon="-74.08435">
        <ele>65.6</ele>
      </trkpt>
      <trkpt lat="41.85938" lon="-74.08449">
        <ele>65.6</ele>
      </trkpt>
      <trkpt lat="41.85918" lon="-74.0846">
        <ele>65.1</ele>
      </trkpt>
      <trkpt lat="41.85915" lon="-74.08473">
        <ele>65.0</ele>
      </trkpt>
      <trkpt lat="41.85916" lon="-74.08507">
        <ele>65.2</ele>
      </trkpt>
      <trkpt lat="41.85914" lon="-74.0852">
        <ele>65.3</ele>
      </trkpt>
      <trkpt lat="41.85845" lon="-74.08555">
        <ele>64.1</ele>
      </trkpt>
      <trkpt lat="41.85784" lon="-74.0857">
        <ele>64.0</ele>
      </trkpt>
      <trkpt lat="41.85739" lon="-74.08571">
        <ele>64.3</ele>
      </trkpt>
      <trkpt lat="41.85722" lon="-74.08567">
        <ele>64.5</ele>
      </trkpt>
      <trkpt lat="41.85673" lon="-74.08568">
        <ele>64.6</ele>
      </trkpt>
      <trkpt lat="41.85656" lon="-74.08567">
        <ele>64.0</ele>
      </trkpt>
      <trkpt lat="41.85644" lon="-74.08531">
        <ele>65.1</ele>
      </trkpt>
      <trkpt lat="41.85642" lon="-74.08514">
        <ele>65.4</ele>
      </trkpt>
      <trkpt lat="41.85644" lon="-74.08498">
        <ele>65.7</ele>
      </trkpt>
      <trkpt lat="41.8565" lon="-74.08473">
        <ele>67.3</ele>
      </trkpt>
      <trkpt lat="41.85667" lon="-74.08425">
        <ele>71.3</ele>
      </trkpt>
      <trkpt lat="41.85679" lon="-74.08364">
        <ele>73.3</ele>
      </trkpt>
      <trkpt lat="41.85691" lon="-74.08304">
        <ele>75.2</ele>
      </trkpt>
      <trkpt lat="41.85697" lon="-74.08307">
        <ele>75.0</ele>
      </trkpt>
      <trkpt lat="41.85701" lon="-74.08307">
        <ele>75.0</ele>
      </trkpt>
      <trkpt lat="41.85697" lon="-74.08307">
        <ele>75.0</ele>
      </trkpt>
      <trkpt lat="41.85691" lon="-74.08304">
        <ele>75.2</ele>
      </trkpt>
      <trkpt lat="41.85674" lon="-74.08387">
        <ele>72.8</ele>
      </trkpt>
      <trkpt lat="41.85667" lon="-74.08425">
        <ele>71.3</ele>
      </trkpt>
      <trkpt lat="41.8565" lon="-74.08473">
        <ele>67.3</ele>
      </trkpt>
      <trkpt lat="41.85644" lon="-74.08498">
        <ele>65.7</ele>
      </trkpt>
      <trkpt lat="41.85642" lon="-74.08514">
        <ele>65.4</ele>
      </trkpt>
      <trkpt lat="41.85644" lon="-74.08531">
        <ele>65.1</ele>
      </trkpt>
      <trkpt lat="41.85656" lon="-74.08567">
        <ele>64.0</ele>
      </trkpt>
      <trkpt lat="41.85673" lon="-74.08568">
        <ele>64.6</ele>
      </trkpt>
      <trkpt lat="41.85722" lon="-74.08567">
        <ele>64.5</ele>
      </trkpt>
      <trkpt lat="41.85739" lon="-74.08571">
        <ele>64.3</ele>
      </trkpt>
      <trkpt lat="41.85784" lon="-74.0857">
        <ele>64.0</ele>
      </trkpt>
      <trkpt lat="41.85845" lon="-74.08555">
        <ele>64.1</ele>
      </trkpt>
      <trkpt lat="41.85914" lon="-74.0852">
        <ele>65.3</ele>
      </trkpt>
      <trkpt lat="41.85916" lon="-74.08507">
        <ele>65.2</ele>
      </trkpt>
      <trkpt lat="41.85915" lon="-74.08473">
        <ele>65.0</ele>
      </trkpt>
      <trkpt lat="41.85918" lon="-74.0846">
        <ele>65.1</ele>
      </trkpt>
      <trkpt lat="41.85938" lon="-74.08449">
        <ele>65.6</ele>
      </trkpt>
      <trkpt lat="41.8595" lon="-74.08435">
        <ele>65.6</ele>
      </trkpt>
      <trkpt lat="41.8596" lon="-74.08416">
        <ele>65.5</ele>
      </trkpt>
      <trkpt lat="41.85959" lon="-74.08402">
        <ele>66.3</ele>
      </trkpt>
      <trkpt lat="41.85948" lon="-74.08333">
        <ele>73.0</ele>
      </trkpt>
      <trkpt lat="41.86034" lon="-74.08318">
        <ele>73.0</ele>
      </trkpt>
      <trkpt lat="41.86074" lon="-74.08307">
        <ele>73.6</ele>
      </trkpt>
      <trkpt lat="41.86093" lon="-74.083">
        <ele>73.4</ele>
      </trkpt>
      <trkpt lat="41.861" lon="-74.08294">
        <ele>73.7</ele>
      </trkpt>
      <trkpt lat="41.86101" lon="-74.08234">
        <ele>73.6</ele>
      </trkpt>
      <trkpt lat="41.86101" lon="-74.08216">
        <ele>72.6</ele>
      </trkpt>
      <trkpt lat="41.86106" lon="-74.08191">
        <ele>75.3</ele>
      </trkpt>
      <trkpt lat="41.8614" lon="-74.08171">
        <ele>75.6</ele>
      </trkpt>
      <trkpt lat="41.8619" lon="-74.08171">
        <ele>72.7</ele>
      </trkpt>
      <trkpt lat="41.8624" lon="-74.0815">
        <ele>72.5</ele>
      </trkpt>
      <trkpt lat="41.86319" lon="-74.08106">
        <ele>74.5</ele>
      </trkpt>
      <trkpt lat="41.86352" lon="-74.08111">
        <ele>70.3</ele>
      </trkpt>
      <trkpt lat="41.86377" lon="-74.08091">
        <ele>69.0</ele>
      </trkpt>
      <trkpt lat="41.86413" lon="-74.08054">
        <ele>68.1</ele>
      </trkpt>
      <trkpt lat="41.8645" lon="-74.08018">
        <ele>67.4</ele>
      </trkpt>
      <trkpt lat="41.86469" lon="-74.07995">
        <ele>69.5</ele>
      </trkpt>
      <trkpt lat="41.86518" lon="-74.07962">
        <ele>69.6</ele>
      </trkpt>
      <trkpt lat="41.86595" lon="-74.0793">
        <ele>71.1</ele>
      </trkpt>
      <trkpt lat="41.86658" lon="-74.07907">
        <ele>72.5</ele>
      </trkpt>
      <trkpt lat="41.86721" lon="-74.07883">
        <ele>72.5</ele>
      </trkpt>
      <trkpt lat="41.86797" lon="-74.07856">
        <ele>77.4</ele>
      </trkpt>
      <trkpt lat="41.86873" lon="-74.0783">
        <ele>78.9</ele>
      </trkpt>
      <trkpt lat="41.86929" lon="-74.07805">
        <ele>77.8</ele>
      </trkpt>
      <trkpt lat="41.86985" lon="-74.0778">
        <ele>75.2</ele>
      </trkpt>
      <trkpt lat="41.87055" lon="-74.07744">
        <ele>73.4</ele>
      </trkpt>
      <trkpt lat="41.87118" lon="-74.07685">
        <ele>71.4</ele>
      </trkpt>
      <trkpt lat="41.87122" lon="-74.0768">
        <ele>71.2</ele>
      </trkpt>
      <trkpt lat="41.87179" lon="-74.07591">
        <ele>69.0</ele>
      </trkpt>
      <trkpt lat="41.8721" lon="-74.07533">
        <ele>72.6</ele>
      </trkpt>
      <trkpt lat="41.87241" lon="-74.07475">
        <ele>72.9</ele>
      </trkpt>
      <trkpt lat="41.8728" lon="-74.074">
        <ele>72.9</ele>
      </trkpt>
      <trkpt lat="41.87318" lon="-74.07324">
        <ele>73.0</ele>
      </trkpt>
      <trkpt lat="41.87357" lon="-74.07248">
        <ele>73.0</ele>
      </trkpt>
      <trkpt lat="41.87389" lon="-74.07185">
        <ele>71.1</ele>
      </trkpt>
      <trkpt lat="41.8742" lon="-74.07122">
        <ele>64.9</ele>
      </trkpt>
      <trkpt lat="41.87389" lon="-74.07185">
        <ele>71.1</ele>
      </trkpt>
      <trkpt lat="41.87357" lon="-74.07248">
        <ele>73.0</ele>
      </trkpt>
      <trkpt lat="41.87318" lon="-74.07324">
        <ele>73.0</ele>
      </trkpt>
      <trkpt lat="41.8728" lon="-74.074">
        <ele>72.9</ele>
      </trkpt>
      <trkpt lat="41.87241" lon="-74.07475">
        <ele>72.9</ele>
      </trkpt>
      <trkpt lat="41.8721" lon="-74.07533">
        <ele>72.6</ele>
      </trkpt>
      <trkpt lat="41.87179" lon="-74.07591">
        <ele>69.0</ele>
      </trkpt>
      <trkpt lat="41.87122" lon="-74.0768">
        <ele>71.2</ele>
      </trkpt>
      <trkpt lat="41.87118" lon="-74.07685">
        <ele>71.4</ele>
      </trkpt>
      <trkpt lat="41.87055" lon="-74.07744">
        <ele>73.4</ele>
      </trkpt>
      <trkpt lat="41.86985" lon="-74.0778">
        <ele>75.2</ele>
      </trkpt>
      <trkpt lat="41.86929" lon="-74.07805">
        <ele>77.8</ele>
      </trkpt>
      <trkpt lat="41.86873" lon="-74.0783">
        <ele>78.9</ele>
      </trkpt>
      <trkpt lat="41.86797" lon="-74.07856">
        <ele>77.4</ele>
      </trkpt>
      <trkpt lat="41.86721" lon="-74.07883">
        <ele>72.5</ele>
      </trkpt>
      <trkpt lat="41.86658" lon="-74.07907">
        <ele>72.5</ele>
      </trkpt>
      <trkpt lat="41.86595" lon="-74.0793">
        <ele>71.1</ele>
      </trkpt>
      <trkpt lat="41.86518" lon="-74.07962">
        <ele>69.6</ele>
      </trkpt>
      <trkpt lat="41.86469" lon="-74.07995">
        <ele>69.5</ele>
      </trkpt>
      <trkpt lat="41.8645" lon="-74.08018">
        <ele>67.4</ele>
      </trkpt>
      <trkpt lat="41.86413" lon="-74.08054">
        <ele>68.1</ele>
      </trkpt>
      <trkpt lat="41.86377" lon="-74.08091">
        <ele>69.0</ele>
      </trkpt>
      <trkpt lat="41.86352" lon="-74.08111">
        <ele>70.3</ele>
      </trkpt>
      <trkpt lat="41.86319" lon="-74.08106">
        <ele>74.5</ele>
      </trkpt>
      <trkpt lat="41.8624" lon="-74.0815">
        <ele>72.5</ele>
      </trkpt>
      <trkpt lat="41.8619" lon="-74.08171">
        <ele>72.7</ele>
      </trkpt>
      <trkpt lat="41.8614" lon="-74.08171">
        <ele>75.6</ele>
      </trkpt>
      <trkpt lat="41.86106" lon="-74.08191">
        <ele>75.3</ele>
      </trkpt>
      <trkpt lat="41.86101" lon="-74.08216">
        <ele>72.6</ele>
      </trkpt>
      <trkpt lat="41.86101" lon="-74.08234">
        <ele>73.6</ele>
      </trkpt>
      <trkpt lat="41.861" lon="-74.08294">
        <ele>73.7</ele>
      </trkpt>
      <trkpt lat="41.86093" lon="-74.083">
        <ele>73.4</ele>
      </trkpt>
      <trkpt lat="41.86074" lon="-74.08307">
        <ele>73.6</ele>
      </trkpt>
      <trkpt lat="41.86034" lon="-74.08318">
        <ele>73.0</ele>
      </trkpt>
      <trkpt lat="41.85948" lon="-74.08333">
        <ele>73.0</ele>
      </trkpt>
      <trkpt lat="41.85959" lon="-74.08402">
        <ele>66.3</ele>
      </trkpt>
      <trkpt lat="41.8596" lon="-74.08416">
        <ele>65.5</ele>
      </trkpt>
      <trkpt lat="41.8595" lon="-74.08435">
        <ele>65.6</ele>
      </trkpt>
      <trkpt lat="41.85938" lon="-74.08449">
        <ele>65.6</ele>
      </trkpt>
      <trkpt lat="41.85918" lon="-74.0846">
        <ele>65.1</ele>
      </trkpt>
      <trkpt lat="41.85915" lon="-74.08473">
        <ele>65.0</ele>
      </trkpt>
      <trkpt lat="41.85916" lon="-74.08507">
        <ele>65.2</ele>
      </trkpt>
      <trkpt lat="41.85914" lon="-74.0852">
        <ele>65.3</ele>
      </trkpt>
      <trkpt lat="41.85845" lon="-74.08555">
        <ele>64.1</ele>
      </trkpt>
      <trkpt lat="41.85784" lon="-74.0857">
        <ele>64.0</ele>
      </trkpt>
      <trkpt lat="41.85739" lon="-74.08571">
        <ele>64.3</ele>
      </trkpt>
      <trkpt lat="41.85722" lon="-74.08567">
        <ele>64.5</ele>
      </trkpt>
      <trkpt lat="41.85673" lon="-74.08568">
        <ele>64.6</ele>
      </trkpt>
      <trkpt lat="41.85656" lon="-74.08567">
        <ele>64.0</ele>
      </trkpt>
      <trkpt lat="41.85607" lon="-74.08571">
        <ele>62.0</ele>
      </trkpt>
      <trkpt lat="41.85587" lon="-74.08569">
        <ele>62.5</ele>
      </trkpt>
      <trkpt lat="41.85565" lon="-74.08571">
        <ele>62.1</ele>
      </trkpt>
      <trkpt lat="41.85484" lon="-74.08572">
        <ele>60.3</ele>
      </trkpt>
      <trkpt lat="41.85405" lon="-74.08578">
        <ele>57.0</ele>
      </trkpt>
      <trkpt lat="41.85388" lon="-74.08583">
        <ele>57.0</ele>
      </trkpt>
      <trkpt lat="41.85332" lon="-74.08592">
        <ele>57.4</ele>
      </trkpt>
      <trkpt lat="41.85253" lon="-74.08617">
        <ele>55.1</ele>
      </trkpt>
      <trkpt lat="41.85253" lon="-74.08617">
        <ele>55.1</ele>
      </trkpt>
      <trkpt lat="41.84935" lon="-74.08722">
        <ele>56.2</ele>
      </trkpt>
      <trkpt lat="41.84888" lon="-74.08735">
        <ele>55.2</ele>
      </trkpt>
      <trkpt lat="41.84847" lon="-74.08744">
        <ele>54.8</ele>
      </trkpt>
      <trkpt lat="41.84766" lon="-74.08741">
        <ele>57.6</ele>
      </trkpt>
      <trkpt lat="41.84719" lon="-74.08745">
        <ele>58.5</ele>
      </trkpt>
      <trkpt lat="41.84695" lon="-74.08751">
        <ele>58.5</ele>
      </trkpt>
      <trkpt lat="41.84577" lon="-74.08823">
        <ele>55.8</ele>
      </trkpt>
      <trkpt lat="41.84534" lon="-74.08839">
        <ele>56.1</ele>
      </trkpt>
      <trkpt lat="41.84495" lon="-74.08841">
        <ele>57.0</ele>
      </trkpt>
      <trkpt lat="41.84423" lon="-74.08835">
        <ele>42.8</ele>
      </trkpt>
      <trkpt lat="41.84259" lon="-74.08812">
        <ele>18.7</ele>
      </trkpt>
      <trkpt lat="41.8423" lon="-74.08804">
        <ele>25.7</ele>
      </trkpt>
      <trkpt lat="41.84181" lon="-74.08777">
        <ele>45.4</ele>
      </trkpt>
      <trkpt lat="41.84169" lon="-74.08765">
        <ele>47.7</ele>
      </trkpt>
      <trkpt lat="41.8414" lon="-74.08741">
        <ele>49.5</ele>
      </trkpt>
      <trkpt lat="41.841119" lon="-74.08711">
        <ele>55.3</ele>
      </trkpt>
      <trkpt lat="41.84058" lon="-74.08665">
        <ele>59.2</ele>
      </trkpt>
      <trkpt lat="41.84012" lon="-74.086429">
        <ele>59.7</ele>
      </trkpt>
      <trkpt lat="41.83974" lon="-74.08641">
        <ele>58.5</ele>
      </trkpt>
      <trkpt lat="41.83912" lon="-74.08648">
        <ele>58.7</ele>
      </trkpt>
      <trkpt lat="41.83864" lon="-74.08657">
        <ele>58.6</ele>
      </trkpt>
      <trkpt lat="41.83818" lon="-74.08641">
        <ele>59.0</ele>
      </trkpt>
      <trkpt lat="41.83775" lon="-74.08605">
        <ele>58.6</ele>
      </trkpt>
      <trkpt lat="41.83701" lon="-74.08532">
        <ele>58.3</ele>
      </trkpt>
      <trkpt lat="41.83665" lon="-74.08504">
        <ele>58.3</ele>
      </trkpt>
      <trkpt lat="41.83621" lon="-74.08485">
        <ele>58.3</ele>
      </trkpt>
      <trkpt lat="41.83568" lon="-74.08472">
        <ele>58.3</ele>
      </trkpt>
      <trkpt lat="41.83552" lon="-74.0847">
        <ele>58.3</ele>
      </trkpt>
      <trkpt lat="41.83349" lon="-74.08503">
        <ele>59.0</ele>
      </trkpt>
      <trkpt lat="41.83325" lon="-74.08511">
        <ele>59.0</ele>
      </trkpt>
      <trkpt lat="41.83324" lon="-74.08505">
        <ele>59.0</ele>
      </trkpt>
      <trkpt lat="41.83257" lon="-74.08527">
        <ele>59.0</ele>
      </trkpt>
      <trkpt lat="41.8319" lon="-74.0855">
        <ele>59.0</ele>
      </trkpt>
      <trkpt lat="41.8311" lon="-74.08576">
        <ele>59.7</ele>
      </trkpt>
      <trkpt lat="41.8303" lon="-74.08602">
        <ele>59.9</ele>
      </trkpt>
      <trkpt lat="41.82972" lon="-74.08622">
        <ele>59.8</ele>
      </trkpt>
      <trkpt lat="41.82914" lon="-74.08642">
        <ele>59.8</ele>
      </trkpt>
      <trkpt lat="41.82856" lon="-74.08662">
        <ele>59.8</ele>
      </trkpt>
      <trkpt lat="41.82795" lon="-74.08677">
        <ele>62.9</ele>
      </trkpt>
      <trkpt lat="41.82763" lon="-74.08681">
        <ele>63.8</ele>
      </trkpt>
      <trkpt lat="41.82714" lon="-74.08683">
        <ele>63.8</ele>
      </trkpt>
      <trkpt lat="41.82671" lon="-74.0868">
        <ele>63.8</ele>
      </trkpt>
      <trkpt lat="41.82625" lon="-74.08672">
        <ele>63.8</ele>
      </trkpt>
      <trkpt lat="41.8255" lon="-74.08651">
        <ele>65.2</ele>
      </trkpt>
      <trkpt lat="41.82475" lon="-74.08631">
        <ele>64.6</ele>
      </trkpt>
      <trkpt lat="41.82401" lon="-74.08611">
        <ele>64.4</ele>
      </trkpt>
      <trkpt lat="41.82327" lon="-74.08591">
        <ele>65.4</ele>
      </trkpt>
      <trkpt lat="41.82253" lon="-74.08572">
        <ele>65.6</ele>
      </trkpt>
      <trkpt lat="41.8218" lon="-74.08552">
        <ele>66.7</ele>
      </trkpt>
      <trkpt lat="41.82106" lon="-74.08533">
        <ele>66.0</ele>
      </trkpt>
      <trkpt lat="41.82036" lon="-74.08516">
        <ele>66.8</ele>
      </trkpt>
      <trkpt lat="41.82004" lon="-74.08506">
        <ele>65.5</ele>
      </trkpt>
      <trkpt lat="41.81989" lon="-74.08502">
        <ele>64.9</ele>
      </trkpt>
      <trkpt lat="41.81942" lon="-74.08483">
        <ele>63.0</ele>
      </trkpt>
      <trkpt lat="41.81895" lon="-74.08455">
        <ele>66.7</ele>
      </trkpt>
      <trkpt lat="41.81851" lon="-74.08427">
        <ele>62.2</ele>
      </trkpt>
      <trkpt lat="41.81819" lon="-74.08408">
        <ele>61.5</ele>
      </trkpt>
      <trkpt lat="41.81782" lon="-74.08391">
        <ele>60.8</ele>
      </trkpt>
      <trkpt lat="41.81723" lon="-74.0837">
        <ele>59.5</ele>
      </trkpt>
      <trkpt lat="41.81683" lon="-74.08364">
        <ele>57.6</ele>
      </trkpt>
      <trkpt lat="41.81635" lon="-74.0836">
        <ele>56.8</ele>
      </trkpt>
      <trkpt lat="41.8159" lon="-74.08361">
        <ele>56.5</ele>
      </trkpt>
      <trkpt lat="41.81524" lon="-74.08374">
        <ele>56.5</ele>
      </trkpt>
      <trkpt lat="41.81443" lon="-74.08395">
        <ele>57.1</ele>
      </trkpt>
      <trkpt lat="41.81362" lon="-74.08416">
        <ele>57.8</ele>
      </trkpt>
      <trkpt lat="41.8128" lon="-74.08438">
        <ele>58.1</ele>
      </trkpt>
      <trkpt lat="41.81197" lon="-74.08459">
        <ele>58.1</ele>
      </trkpt>
      <trkpt lat="41.81113" lon="-74.08481">
        <ele>58.1</ele>
      </trkpt>
      <trkpt lat="41.8103" lon="-74.08503">
        <ele>57.5</ele>
      </trkpt>
      <trkpt lat="41.80947" lon="-74.08524">
        <ele>56.5</ele>
      </trkpt>
      <trkpt lat="41.8088" lon="-74.08542">
        <ele>55.5</ele>
      </trkpt>
      <trkpt lat="41.80814" lon="-74.0856">
        <ele>54.7</ele>
      </trkpt>
      <trkpt lat="41.80748" lon="-74.08577">
        <ele>55.3</ele>
      </trkpt>
      <trkpt lat="41.8075" lon="-74.08592">
        <ele>55.4</ele>
      </trkpt>
      <trkpt lat="41.80082" lon="-74.0876">
        <ele>59.5</ele>
      </trkpt>
      <trkpt lat="41.80021" lon="-74.087729">
        <ele>59.6</ele>
      </trkpt>
      <trkpt lat="41.7924" lon="-74.08974">
        <ele>58.9</ele>
      </trkpt>
      <trkpt lat="41.7924" lon="-74.0897">
        <ele>58.9</ele>
      </trkpt>
      <trkpt lat="41.79164" lon="-74.0899">
        <ele>59.1</ele>
      </trkpt>
      <trkpt lat="41.79088" lon="-74.09009">
        <ele>59.1</ele>
      </trkpt>
      <trkpt lat="41.79012" lon="-74.09029">
        <ele>59.1</ele>
      </trkpt>
      <trkpt lat="41.78936" lon="-74.09049">
        <ele>59.1</ele>
      </trkpt>
      <trkpt lat="41.78869" lon="-74.09067">
        <ele>59.0</ele>
      </trkpt>
      <trkpt lat="41.78802" lon="-74.09085">
        <ele>58.7</ele>
      </trkpt>
      <trkpt lat="41.78721" lon="-74.09106">
        <ele>58.5</ele>
      </trkpt>
      <trkpt lat="41.7864" lon="-74.09126">
        <ele>58.2</ele>
      </trkpt>
      <trkpt lat="41.7856" lon="-74.09147">
        <ele>58.0</ele>
      </trkpt>
      <trkpt lat="41.78479" lon="-74.09168">
        <ele>57.7</ele>
      </trkpt>
      <trkpt lat="41.78398" lon="-74.09189">
        <ele>57.5</ele>
      </trkpt>
      <trkpt lat="41.78317" lon="-74.09209">
        <ele>57.3</ele>
      </trkpt>
      <trkpt lat="41.78236" lon="-74.0923">
        <ele>57.1</ele>
      </trkpt>
      <trkpt lat="41.78155" lon="-74.09251">
        <ele>57.0</ele>
      </trkpt>
      <trkpt lat="41.78094" lon="-74.09255">
        <ele>57.0</ele>
      </trkpt>
      <trkpt lat="41.78055" lon="-74.09254">
        <ele>56.8</ele>
      </trkpt>
      <trkpt lat="41.78014" lon="-74.09249">
        <ele>56.7</ele>
      </trkpt>
      <trkpt lat="41.77986" lon="-74.09243">
        <ele>56.6</ele>
      </trkpt>
      <trkpt lat="41.77958" lon="-74.09234">
        <ele>56.5</ele>
      </trkpt>
      <trkpt lat="41.77919" lon="-74.09218">
        <ele>56.4</ele>
      </trkpt>
      <trkpt lat="41.77879" lon="-74.09196">
        <ele>56.2</ele>
      </trkpt>
      <trkpt lat="41.77833" lon="-74.09164">
        <ele>56.0</ele>
      </trkpt>
      <trkpt lat="41.77813" lon="-74.09145">
        <ele>55.8</ele>
      </trkpt>
      <trkpt lat="41.77782" lon="-74.09115">
        <ele>55.6</ele>
      </trkpt>
      <trkpt lat="41.77738" lon="-74.0906">
        <ele>55.3</ele>
      </trkpt>
      <trkpt lat="41.77712" lon="-74.09024">
        <ele>55.1</ele>
      </trkpt>
      <trkpt lat="41.77678" lon="-74.08958">
        <ele>54.9</ele>
      </trkpt>
      <trkpt lat="41.77654" lon="-74.0891">
        <ele>54.8</ele>
      </trkpt>
      <trkpt lat="41.77636" lon="-74.08873">
        <ele>54.8</ele>
      </trkpt>
      <trkpt lat="41.77607" lon="-74.08817">
        <ele>54.7</ele>
      </trkpt>
      <trkpt lat="41.77578" lon="-74.08761">
        <ele>54.7</ele>
      </trkpt>
      <trkpt lat="41.77555" lon="-74.08728">
        <ele>54.9</ele>
      </trkpt>
      <trkpt lat="41.77519" lon="-74.08681">
        <ele>54.7</ele>
      </trkpt>
      <trkpt lat="41.77485" lon="-74.08645">
        <ele>54.7</ele>
      </trkpt>
      <trkpt lat="41.77454" lon="-74.08616">
        <ele>54.7</ele>
      </trkpt>
      <trkpt lat="41.77419" lon="-74.0859">
        <ele>55.0</ele>
      </trkpt>
      <trkpt lat="41.77365" lon="-74.08555">
        <ele>54.7</ele>
      </trkpt>
      <trkpt lat="41.77283" lon="-74.08518">
        <ele>55.2</ele>
      </trkpt>
      <trkpt lat="41.77206" lon="-74.08484">
        <ele>56.0</ele>
      </trkpt>
      <trkpt lat="41.77129" lon="-74.0845">
        <ele>56.7</ele>
      </trkpt>
      <trkpt lat="41.77051" lon="-74.08416">
        <ele>57.4</ele>
      </trkpt>
      <trkpt lat="41.76974" lon="-74.08382">
        <ele>58.1</ele>
      </trkpt>
      <trkpt lat="41.76897" lon="-74.08348">
        <ele>58.5</ele>
      </trkpt>
      <trkpt lat="41.7682" lon="-74.08316">
        <ele>59.1</ele>
      </trkpt>
      <trkpt lat="41.7675" lon="-74.08292">
        <ele>59.7</ele>
      </trkpt>
      <trkpt lat="41.76706" lon="-74.08284">
        <ele>60.1</ele>
      </trkpt>
      <trkpt lat="41.76651" lon="-74.08276">
        <ele>60.5</ele>
      </trkpt>
      <trkpt lat="41.76604" lon="-74.08274">
        <ele>60.6</ele>
      </trkpt>
      <trkpt lat="41.7656" lon="-74.08277">
        <ele>60.0</ele>
      </trkpt>
      <trkpt lat="41.76504" lon="-74.08283">
        <ele>59.7</ele>
      </trkpt>
      <trkpt lat="41.76417" lon="-74.08297">
        <ele>59.7</ele>
      </trkpt>
      <trkpt lat="41.76329" lon="-74.0831">
        <ele>59.7</ele>
      </trkpt>
      <trkpt lat="41.76331" lon="-74.08334">
        <ele>59.5</ele>
      </trkpt>
      <trkpt lat="41.7633" lon="-74.08364">
        <ele>59.4</ele>
      </trkpt>
      <trkpt lat="41.76329" lon="-74.08379">
        <ele>59.3</ele>
      </trkpt>
      <trkpt lat="41.76326" lon="-74.0839">
        <ele>59.3</ele>
      </trkpt>
      <trkpt lat="41.76321" lon="-74.08404">
        <ele>59.3</ele>
      </trkpt>
      <trkpt lat="41.76298" lon="-74.0844">
        <ele>59.3</ele>
      </trkpt>
      <trkpt lat="41.76288" lon="-74.08455">
        <ele>59.3</ele>
      </trkpt>
      <trkpt lat="41.76283" lon="-74.08459">
        <ele>59.3</ele>
      </trkpt>
      <trkpt lat="41.76263" lon="-74.08468">
        <ele>59.4</ele>
      </trkpt>
      <trkpt lat="41.76207" lon="-74.0849">
        <ele>60.0</ele>
      </trkpt>
      <trkpt lat="41.76151" lon="-74.08512">
        <ele>60.6</ele>
      </trkpt>
      <trkpt lat="41.7609" lon="-74.08539">
        <ele>60.9</ele>
      </trkpt>
      <trkpt lat="41.7604" lon="-74.08559">
        <ele>61.0</ele>
      </trkpt>
      <trkpt lat="41.75981" lon="-74.08579">
        <ele>61.0</ele>
      </trkpt>
      <trkpt lat="41.75907" lon="-74.0859">
        <ele>61.0</ele>
      </trkpt>
      <trkpt lat="41.75865" lon="-74.08595">
        <ele>61.0</ele>
      </trkpt>
      <trkpt lat="41.75846" lon="-74.08596">
        <ele>61.1</ele>
      </trkpt>
      <trkpt lat="41.75835" lon="-74.08595">
        <ele>61.0</ele>
      </trkpt>
      <trkpt lat="41.75797" lon="-74.08588">
        <ele>61.0</ele>
      </trkpt>
      <trkpt lat="41.75779" lon="-74.08586">
        <ele>61.0</ele>
      </trkpt>
      <trkpt lat="41.75751" lon="-74.08584">
        <ele>61.0</ele>
      </trkpt>
      <trkpt lat="41.7572" lon="-74.08584">
        <ele>61.0</ele>
      </trkpt>
      <trkpt lat="41.75654" lon="-74.08591">
        <ele>60.8</ele>
      </trkpt>
      <trkpt lat="41.75592" lon="-74.086">
        <ele>60.8</ele>
      </trkpt>
      <trkpt lat="41.75541" lon="-74.0861">
        <ele>60.8</ele>
      </trkpt>
      <trkpt lat="41.7549" lon="-74.0862">
        <ele>61.0</ele>
      </trkpt>
      <trkpt lat="41.75452" lon="-74.08625">
        <ele>61.1</ele>
      </trkpt>
      <trkpt lat="41.75427" lon="-74.0863">
        <ele>61.2</ele>
      </trkpt>
      <trkpt lat="41.75389" lon="-74.08644">
        <ele>61.6</ele>
      </trkpt>
      <trkpt lat="41.75375" lon="-74.08651">
        <ele>61.7</ele>
      </trkpt>
      <trkpt lat="41.75369" lon="-74.08658">
        <ele>61.7</ele>
      </trkpt>
      <trkpt lat="41.75362" lon="-74.08666">
        <ele>61.7</ele>
      </trkpt>
      <trkpt lat="41.75352" lon="-74.08687">
        <ele>61.6</ele>
      </trkpt>
      <trkpt lat="41.75342" lon="-74.0871">
        <ele>61.7</ele>
      </trkpt>
      <trkpt lat="41.75332" lon="-74.08742">
        <ele>61.6</ele>
      </trkpt>
      <trkpt lat="41.75329" lon="-74.08753">
        <ele>61.6</ele>
      </trkpt>
      <trkpt lat="41.75321" lon="-74.08819">
        <ele>61.9</ele>
      </trkpt>
      <trkpt lat="41.75319" lon="-74.08826">
        <ele>62.0</ele>
      </trkpt>
      <trkpt lat="41.75316" lon="-74.08833">
        <ele>61.9</ele>
      </trkpt>
      <trkpt lat="41.75312" lon="-74.08839">
        <ele>61.7</ele>
      </trkpt>
      <trkpt lat="41.75308" lon="-74.08842">
        <ele>61.6</ele>
      </trkpt>
      <trkpt lat="41.75298" lon="-74.08843">
        <ele>61.6</ele>
      </trkpt>
      <trkpt lat="41.75279" lon="-74.08842">
        <ele>61.7</ele>
      </trkpt>
      <trkpt lat="41.75206" lon="-74.0883">
        <ele>62.0</ele>
      </trkpt>
      <trkpt lat="41.75153" lon="-74.08821">
        <ele>62.1</ele>
      </trkpt>
      <trkpt lat="41.75101" lon="-74.08812">
        <ele>61.7</ele>
      </trkpt>
      <trkpt lat="41.75087" lon="-74.08812">
        <ele>61.5</ele>
      </trkpt>
      <trkpt lat="41.75067" lon="-74.08796">
        <ele>60.8</ele>
      </trkpt>
      <trkpt lat="41.75026" lon="-74.0874">
        <ele>61.0</ele>
      </trkpt>
      <trkpt lat="41.75023" lon="-74.08742">
        <ele>61.1</ele>
      </trkpt>
      <trkpt lat="41.7502" lon="-74.08738">
        <ele>61.3</ele>
      </trkpt>
      <trkpt lat="41.75006" lon="-74.0872">
        <ele>62.4</ele>
      </trkpt>
      <trkpt lat="41.74935" lon="-74.08761">
        <ele>64.1</ele>
      </trkpt>
      <trkpt lat="41.74865" lon="-74.08802">
        <ele>65.5</ele>
      </trkpt>
      <trkpt lat="41.74865" lon="-74.08802">
        <ele>65.5</ele>
      </trkpt>
      <trkpt lat="41.74807" lon="-74.08837">
        <ele>65.5</ele>
      </trkpt>
      <trkpt lat="41.74749" lon="-74.08871">
        <ele>65.5</ele>
      </trkpt>
      <trkpt lat="41.74685" lon="-74.08916">
        <ele>65.0</ele>
      </trkpt>
      <trkpt lat="41.74671" lon="-74.08978">
        <ele>61.3</ele>
      </trkpt>
      <trkpt lat="41.7467" lon="-74.08984">
        <ele>60.7</ele>
      </trkpt>
      <trkpt lat="41.74671" lon="-74.08988">
        <ele>60.2</ele>
      </trkpt>
      <trkpt lat="41.74672" lon="-74.09007">
        <ele>59.6</ele>
      </trkpt>
      <trkpt lat="41.74674" lon="-74.09022">
        <ele>59.1</ele>
      </trkpt>
      <trkpt lat="41.74684" lon="-74.09087">
        <ele>57.1</ele>
      </trkpt>
      <trkpt lat="41.74685" lon="-74.09089">
        <ele>57.0</ele>
      </trkpt>
      <trkpt lat="41.7469" lon="-74.09099">
        <ele>56.6</ele>
      </trkpt>
      <trkpt lat="41.74703" lon="-74.09134">
        <ele>55.5</ele>
      </trkpt>
      <trkpt lat="41.74722" lon="-74.0918">
        <ele>55.5</ele>
      </trkpt>
      <trkpt lat="41.74728" lon="-74.09187">
        <ele>55.5</ele>
      </trkpt>
      <trkpt lat="41.74734" lon="-74.0919">
        <ele>55.5</ele>
      </trkpt>
      <trkpt lat="41.74738" lon="-74.0919">
        <ele>55.5</ele>
      </trkpt>
      <trkpt lat="41.74742" lon="-74.09188">
        <ele>55.5</ele>
      </trkpt>
      <trkpt lat="41.74745" lon="-74.09184">
        <ele>55.5</ele>
      </trkpt>
      <trkpt lat="41.74748" lon="-74.0918">
        <ele>55.4</ele>
      </trkpt>
      <trkpt lat="41.74751" lon="-74.09169">
        <ele>55.4</ele>
      </trkpt>
      <trkpt lat="41.74753" lon="-74.09155">
        <ele>55.4</ele>
      </trkpt>
      <trkpt lat="41.74754" lon="-74.09132">
        <ele>55.3</ele>
      </trkpt>
      <trkpt lat="41.74755" lon="-74.09121">
        <ele>55.3</ele>
      </trkpt>
      <trkpt lat="41.74758" lon="-74.09112">
        <ele>55.3</ele>
      </trkpt>
      <trkpt lat="41.74766" lon="-74.09102">
        <ele>55.6</ele>
      </trkpt>
      <trkpt lat="41.74772" lon="-74.09097">
        <ele>55.7</ele>
      </trkpt>
      <trkpt lat="41.74796" lon="-74.09089">
        <ele>56.2</ele>
      </trkpt>
      <trkpt lat="41.74835" lon="-74.090819">
        <ele>56.9</ele>
      </trkpt>
      <trkpt lat="41.74881" lon="-74.09077">
        <ele>57.6</ele>
      </trkpt>
      <trkpt lat="41.74964" lon="-74.0908">
        <ele>56.2</ele>
      </trkpt>
      <trkpt lat="41.75" lon="-74.090909">
        <ele>56.3</ele>
      </trkpt>
      <trkpt lat="41.75025" lon="-74.09096">
        <ele>55.9</ele>
      </trkpt>
      <trkpt lat="41.75053" lon="-74.09108">
        <ele>55.9</ele>
      </trkpt>
      <trkpt lat="41.75082" lon="-74.09128">
        <ele>55.4</ele>
      </trkpt>
      <trkpt lat="41.75099" lon="-74.09145">
        <ele>57.9</ele>
      </trkpt>
      <trkpt lat="41.75106" lon="-74.09155">
        <ele>57.1</ele>
      </trkpt>
      <trkpt lat="41.75114" lon="-74.09179">
        <ele>55.7</ele>
      </trkpt>
      <trkpt lat="41.75113" lon="-74.09213">
        <ele>56.2</ele>
      </trkpt>
      <trkpt lat="41.75116" lon="-74.09226">
        <ele>55.9</ele>
      </trkpt>
      <trkpt lat="41.7512" lon="-74.0923">
        <ele>55.8</ele>
      </trkpt>
      <trkpt lat="41.751309" lon="-74.092339">
        <ele>55.9</ele>
      </trkpt>
      <trkpt lat="41.75152" lon="-74.09227">
        <ele>56.9</ele>
      </trkpt>
      <trkpt lat="41.75169" lon="-74.09227">
        <ele>56.0</ele>
      </trkpt>
      <trkpt lat="41.75181" lon="-74.092429">
        <ele>53.1</ele>
      </trkpt>
      <trkpt lat="41.751869" lon="-74.09257">
        <ele>53.0</ele>
      </trkpt>
      <trkpt lat="41.751869" lon="-74.09257">
        <ele>53.0</ele>
      </trkpt>
      <trkpt lat="41.752" lon="-74.092879">
        <ele>52.4</ele>
      </trkpt>
      <trkpt lat="41.75209" lon="-74.09313">
        <ele>52.3</ele>
      </trkpt>
      <trkpt lat="41.75215" lon="-74.09335">
        <ele>53.0</ele>
      </trkpt>
      <trkpt lat="41.752249" lon="-74.09358">
        <ele>52.3</ele>
      </trkpt>
      <trkpt lat="41.75232" lon="-74.09377">
        <ele>52.2</ele>
      </trkpt>
      <trkpt lat="41.752519" lon="-74.09418">
        <ele>51.1</ele>
      </trkpt>
      <trkpt lat="41.75264" lon="-74.09446">
        <ele>52.0</ele>
      </trkpt>
      <trkpt lat="41.75266" lon="-74.09454">
        <ele>52.9</ele>
      </trkpt>
      <trkpt lat="41.75261" lon="-74.09473">
        <ele>58.2</ele>
      </trkpt>
      <trkpt lat="41.75258" lon="-74.09477">
        <ele>57.9</ele>
      </trkpt>
      <trkpt lat="41.75223" lon="-74.09499">
        <ele>56.2</ele>
      </trkpt>
      <trkpt lat="41.75218" lon="-74.09499">
        <ele>56.2</ele>
      </trkpt>
      <trkpt lat="41.75186" lon="-74.094849">
        <ele>56.4</ele>
      </trkpt>
      <trkpt lat="41.75174" lon="-74.09484">
        <ele>56.5</ele>
      </trkpt>
      <trkpt lat="41.75163" lon="-74.09487">
        <ele>56.6</ele>
      </trkpt>
      <trkpt lat="41.751489" lon="-74.09496">
        <ele>56.8</ele>
      </trkpt>
      <trkpt lat="41.75136" lon="-74.09512">
        <ele>56.8</ele>
      </trkpt>
      <trkpt lat="41.75117" lon="-74.09517">
        <ele>56.9</ele>
      </trkpt>
      <trkpt lat="41.75058" lon="-74.09513">
        <ele>57.0</ele>
      </trkpt>
      <trkpt lat="41.75054" lon="-74.09515">
        <ele>57.0</ele>
      </trkpt>
      <trkpt lat="41.75042" lon="-74.09528">
        <ele>57.1</ele>
      </trkpt>
      <trkpt lat="41.750279" lon="-74.09547">
        <ele>57.2</ele>
      </trkpt>
      <trkpt lat="41.75031" lon="-74.09563">
        <ele>57.3</ele>
      </trkpt>
      <trkpt lat="41.75051" lon="-74.09576">
        <ele>57.4</ele>
      </trkpt>
      <trkpt lat="41.7507" lon="-74.09596">
        <ele>57.4</ele>
      </trkpt>
      <trkpt lat="41.75078" lon="-74.09616">
        <ele>57.5</ele>
      </trkpt>
      <trkpt lat="41.75078" lon="-74.09634">
        <ele>57.6</ele>
      </trkpt>
      <trkpt lat="41.75072" lon="-74.096459">
        <ele>57.7</ele>
      </trkpt>
      <trkpt lat="41.75048" lon="-74.0966">
        <ele>57.7</ele>
      </trkpt>
      <trkpt lat="41.75021" lon="-74.09695">
        <ele>58.0</ele>
      </trkpt>
      <trkpt lat="41.75021" lon="-74.09695">
        <ele>58.0</ele>
      </trkpt>
      <trkpt lat="41.749809" lon="-74.09721">
        <ele>58.2</ele>
      </trkpt>
      <trkpt lat="41.749609" lon="-74.09738">
        <ele>58.1</ele>
      </trkpt>
      <trkpt lat="41.74914" lon="-74.09743">
        <ele>58.0</ele>
      </trkpt>
      <trkpt lat="41.74899" lon="-74.09748">
        <ele>57.9</ele>
      </trkpt>
      <trkpt lat="41.74881" lon="-74.09775">
        <ele>58.0</ele>
      </trkpt>
      <trkpt lat="41.748779" lon="-74.09808">
        <ele>58.2</ele>
      </trkpt>
      <trkpt lat="41.74886" lon="-74.09836">
        <ele>58.3</ele>
      </trkpt>
      <trkpt lat="41.74892" lon="-74.09877">
        <ele>58.4</ele>
      </trkpt>
      <trkpt lat="41.74889" lon="-74.09941">
        <ele>58.5</ele>
      </trkpt>
      <trkpt lat="41.74895" lon="-74.10002">
        <ele>58.8</ele>
      </trkpt>
      <trkpt lat="41.74894" lon="-74.10043">
        <ele>58.9</ele>
      </trkpt>
      <trkpt lat="41.74898" lon="-74.10147">
        <ele>59.3</ele>
      </trkpt>
      <trkpt lat="41.74897" lon="-74.10191">
        <ele>59.4</ele>
      </trkpt>
      <trkpt lat="41.7489" lon="-74.10217">
        <ele>59.5</ele>
      </trkpt>
      <trkpt lat="41.748779" lon="-74.10235">
        <ele>59.5</ele>
      </trkpt>
      <trkpt lat="41.74867" lon="-74.102459">
        <ele>59.5</ele>
      </trkpt>
      <trkpt lat="41.748489" lon="-74.10248">
        <ele>59.4</ele>
      </trkpt>
      <trkpt lat="41.748309" lon="-74.102459">
        <ele>59.3</ele>
      </trkpt>
      <trkpt lat="41.74812" lon="-74.1024">
        <ele>59.1</ele>
      </trkpt>
      <trkpt lat="41.74794" lon="-74.10238">
        <ele>58.9</ele>
      </trkpt>
      <trkpt lat="41.74783" lon="-74.10239">
        <ele>58.8</ele>
      </trkpt>
      <trkpt lat="41.74773" lon="-74.10267">
        <ele>58.8</ele>
      </trkpt>
      <trkpt lat="41.74765" lon="-74.10312">
        <ele>58.9</ele>
      </trkpt>
      <trkpt lat="41.74765" lon="-74.10312">
        <ele>58.9</ele>
      </trkpt>
      <trkpt lat="41.74755" lon="-74.10347">
        <ele>59.0</ele>
      </trkpt>
      <trkpt lat="41.74734" lon="-74.10406">
        <ele>59.1</ele>
      </trkpt>
      <trkpt lat="41.74734" lon="-74.10412">
        <ele>59.1</ele>
      </trkpt>
      <trkpt lat="41.74735" lon="-74.1042">
        <ele>59.1</ele>
      </trkpt>
      <trkpt lat="41.74738" lon="-74.10428">
        <ele>59.1</ele>
      </trkpt>
      <trkpt lat="41.74741" lon="-74.10441">
        <ele>59.2</ele>
      </trkpt>
      <trkpt lat="41.74743" lon="-74.10447">
        <ele>59.2</ele>
      </trkpt>
      <trkpt lat="41.74744" lon="-74.10461">
        <ele>59.2</ele>
      </trkpt>
      <trkpt lat="41.74744" lon="-74.10472">
        <ele>59.3</ele>
      </trkpt>
      <trkpt lat="41.74744" lon="-74.1048">
        <ele>59.4</ele>
      </trkpt>
      <trkpt lat="41.74739" lon="-74.10503">
        <ele>59.5</ele>
      </trkpt>
      <trkpt lat="41.74739" lon="-74.10508">
        <ele>59.5</ele>
      </trkpt>
      <trkpt lat="41.7474" lon="-74.10514">
        <ele>59.6</ele>
      </trkpt>
      <trkpt lat="41.74746" lon="-74.10525">
        <ele>59.8</ele>
      </trkpt>
      <trkpt lat="41.74761" lon="-74.10547">
        <ele>60.1</ele>
      </trkpt>
      <trkpt lat="41.74771" lon="-74.10566">
        <ele>60.4</ele>
      </trkpt>
      <trkpt lat="41.74774" lon="-74.10577">
        <ele>60.5</ele>
      </trkpt>
      <trkpt lat="41.74775" lon="-74.10598">
        <ele>61.7</ele>
      </trkpt>
      <trkpt lat="41.74778" lon="-74.10608">
        <ele>62.9</ele>
      </trkpt>
      <trkpt lat="41.74789" lon="-74.10641">
        <ele>66.7</ele>
      </trkpt>
      <trkpt lat="41.74791" lon="-74.10655">
        <ele>67.5</ele>
      </trkpt>
      <trkpt lat="41.74787" lon="-74.1069">
        <ele>68.6</ele>
      </trkpt>
      <trkpt lat="41.74787" lon="-74.10699">
        <ele>69.2</ele>
      </trkpt>
      <trkpt lat="41.74788" lon="-74.10716">
        <ele>70.6</ele>
      </trkpt>
      <trkpt lat="41.7479" lon="-74.1073">
        <ele>71.6</ele>
      </trkpt>
      <trkpt lat="41.74793" lon="-74.10744">
        <ele>72.5</ele>
      </trkpt>
      <trkpt lat="41.74799" lon="-74.10767">
        <ele>73.0</ele>
      </trkpt>
      <trkpt lat="41.74806" lon="-74.10788">
        <ele>73.1</ele>
      </trkpt>
      <trkpt lat="41.74822" lon="-74.10821">
        <ele>73.3</ele>
      </trkpt>
      <trkpt lat="41.74834" lon="-74.1084">
        <ele>73.3</ele>
      </trkpt>
      <trkpt lat="41.74839" lon="-74.10849">
        <ele>73.3</ele>
      </trkpt>
      <trkpt lat="41.74852" lon="-74.10884">
        <ele>73.1</ele>
      </trkpt>
      <trkpt lat="41.74862" lon="-74.10904">
        <ele>73.0</ele>
      </trkpt>
      <trkpt lat="41.74866" lon="-74.1092">
        <ele>73.0</ele>
      </trkpt>
      <trkpt lat="41.74857" lon="-74.1093">
        <ele>73.0</ele>
      </trkpt>
      <trkpt lat="41.74833" lon="-74.10966">
        <ele>72.9</ele>
      </trkpt>
      <trkpt lat="41.74824" lon="-74.10976">
        <ele>72.9</ele>
      </trkpt>
      <trkpt lat="41.74824" lon="-74.10976">
        <ele>72.9</ele>
      </trkpt>
      <trkpt lat="41.74801" lon="-74.10993">
        <ele>72.9</ele>
      </trkpt>
      <trkpt lat="41.74796" lon="-74.10999">
        <ele>72.9</ele>
      </trkpt>
      <trkpt lat="41.74786" lon="-74.11021">
        <ele>72.9</ele>
      </trkpt>
      <trkpt lat="41.74778" lon="-74.11029">
        <ele>73.0</ele>
      </trkpt>
      <trkpt lat="41.74794" lon="-74.11068">
        <ele>72.7</ele>
      </trkpt>
      <trkpt lat="41.74815" lon="-74.11118">
        <ele>72.8</ele>
      </trkpt>
      <trkpt lat="41.74862" lon="-74.11215">
        <ele>75.5</ele>
      </trkpt>
      <trkpt lat="41.74909" lon="-74.11313">
        <ele>78.5</ele>
      </trkpt>
      <trkpt lat="41.74909" lon="-74.11313">
        <ele>78.5</ele>
      </trkpt>
      <trkpt lat="41.74938" lon="-74.11374">
        <ele>80.8</ele>
      </trkpt>
      <trkpt lat="41.74967" lon="-74.11435">
        <ele>84.7</ele>
      </trkpt>
      <trkpt lat="41.74994" lon="-74.11493">
        <ele>88.2</ele>
      </trkpt>
      <trkpt lat="41.75021" lon="-74.11551">
        <ele>91.0</ele>
      </trkpt>
      <trkpt lat="41.75032" lon="-74.11577">
        <ele>92.0</ele>
      </trkpt>
      <trkpt lat="41.7506" lon="-74.11647">
        <ele>94.3</ele>
      </trkpt>
      <trkpt lat="41.75069" lon="-74.11668">
        <ele>94.9</ele>
      </trkpt>
      <trkpt lat="41.75096" lon="-74.11719">
        <ele>96.2</ele>
      </trkpt>
      <trkpt lat="41.75122" lon="-74.1177">
        <ele>97.5</ele>
      </trkpt>
      <trkpt lat="41.75143" lon="-74.11813">
        <ele>98.1</ele>
      </trkpt>
      <trkpt lat="41.75159" lon="-74.11849">
        <ele>98.3</ele>
      </trkpt>
      <trkpt lat="41.75162" lon="-74.11857">
        <ele>98.1</ele>
      </trkpt>
      <trkpt lat="41.75141" lon="-74.11896">
        <ele>97.0</ele>
      </trkpt>
      <trkpt lat="41.75136" lon="-74.11911">
        <ele>96.0</ele>
      </trkpt>
      <trkpt lat="41.7513" lon="-74.11939">
        <ele>94.6</ele>
      </trkpt>
      <trkpt lat="41.75108" lon="-74.11996">
        <ele>92.2</ele>
      </trkpt>
      <trkpt lat="41.75101" lon="-74.12016">
        <ele>91.4</ele>
      </trkpt>
      <trkpt lat="41.75099" lon="-74.12025">
        <ele>91.0</ele>
      </trkpt>
      <trkpt lat="41.751" lon="-74.12034">
        <ele>90.4</ele>
      </trkpt>
      <trkpt lat="41.75109" lon="-74.12062">
        <ele>88.0</ele>
      </trkpt>
      <trkpt lat="41.75112" lon="-74.12075">
        <ele>87.0</ele>
      </trkpt>
      <trkpt lat="41.75113" lon="-74.12084">
        <ele>86.5</ele>
      </trkpt>
      <trkpt lat="41.75112" lon="-74.12097">
        <ele>86.1</ele>
      </trkpt>
      <trkpt lat="41.75109" lon="-74.12123">
        <ele>85.6</ele>
      </trkpt>
      <trkpt lat="41.75109" lon="-74.12123">
        <ele>85.6</ele>
      </trkpt>
      <trkpt lat="41.75105" lon="-74.12139">
        <ele>85.6</ele>
      </trkpt>
      <trkpt lat="41.75106" lon="-74.12147">
        <ele>85.3</ele>
      </trkpt>
      <trkpt lat="41.75111" lon="-74.12156">
        <ele>84.6</ele>
      </trkpt>
      <trkpt lat="41.75117" lon="-74.12163">
        <ele>84.0</ele>
      </trkpt>
      <trkpt lat="41.75124" lon="-74.12169">
        <ele>83.4</ele>
      </trkpt>
      <trkpt lat="41.75139" lon="-74.12198">
        <ele>81.4</ele>
      </trkpt>
      <trkpt lat="41.75148" lon="-74.12209">
        <ele>80.6</ele>
      </trkpt>
      <trkpt lat="41.75156" lon="-74.12226">
        <ele>79.7</ele>
      </trkpt>
      <trkpt lat="41.7516" lon="-74.12238">
        <ele>79.0</ele>
      </trkpt>
      <trkpt lat="41.75165" lon="-74.12247">
        <ele>78.6</ele>
      </trkpt>
      <trkpt lat="41.75192" lon="-74.12276">
        <ele>77.0</ele>
      </trkpt>
      <trkpt lat="41.75198" lon="-74.12287">
        <ele>76.6</ele>
      </trkpt>
      <trkpt lat="41.75208" lon="-74.1232">
        <ele>75.2</ele>
      </trkpt>
      <trkpt lat="41.7521" lon="-74.12326">
        <ele>75.0</ele>
      </trkpt>
      <trkpt lat="41.75212" lon="-74.12343">
        <ele>74.4</ele>
      </trkpt>
      <trkpt lat="41.75212" lon="-74.12348">
        <ele>74.3</ele>
      </trkpt>
      <trkpt lat="41.75253" lon="-74.12316">
        <ele>74.3</ele>
      </trkpt>
      <trkpt lat="41.75317" lon="-74.1227">
        <ele>74.1</ele>
      </trkpt>
      <trkpt lat="41.75361" lon="-74.12239">
        <ele>73.9</ele>
      </trkpt>
      <trkpt lat="41.75405" lon="-74.12208">
        <ele>73.6</ele>
      </trkpt>
      <trkpt lat="41.75459" lon="-74.12174">
        <ele>68.4</ele>
      </trkpt>
      <trkpt lat="41.75459" lon="-74.12173">
        <ele>68.4</ele>
      </trkpt>
      <trkpt lat="41.75488" lon="-74.12156">
        <ele>65.6</ele>
      </trkpt>
      <trkpt lat="41.75488" lon="-74.12156">
        <ele>65.6</ele>
      </trkpt>
      <trkpt lat="41.75538" lon="-74.12128">
        <ele>67.8</ele>
      </trkpt>
      <trkpt lat="41.75571" lon="-74.12114">
        <ele>68.2</ele>
      </trkpt>
      <trkpt lat="41.7564" lon="-74.12088">
        <ele>68.8</ele>
      </trkpt>
      <trkpt lat="41.75686" lon="-74.12069">
        <ele>68.4</ele>
      </trkpt>
      <trkpt lat="41.75768" lon="-74.1204">
        <ele>70.7</ele>
      </trkpt>
      <trkpt lat="41.7585" lon="-74.12011">
        <ele>74.4</ele>
      </trkpt>
      <trkpt lat="41.7592" lon="-74.11985">
        <ele>78.9</ele>
      </trkpt>
      <trkpt lat="41.75991" lon="-74.11959">
        <ele>79.4</ele>
      </trkpt>
      <trkpt lat="41.76009" lon="-74.11951">
        <ele>79.6</ele>
      </trkpt>
      <trkpt lat="41.76028" lon="-74.11941">
        <ele>79.9</ele>
      </trkpt>
      <trkpt lat="41.76046" lon="-74.11929">
        <ele>81.1</ele>
      </trkpt>
      <trkpt lat="41.76104" lon="-74.11876">
        <ele>82.1</ele>
      </trkpt>
      <trkpt lat="41.76111" lon="-74.11883">
        <ele>83.3</ele>
      </trkpt>
      <trkpt lat="41.76138" lon="-74.119">
        <ele>85.7</ele>
      </trkpt>
      <trkpt lat="41.76148" lon="-74.11906">
        <ele>86.2</ele>
      </trkpt>
      <trkpt lat="41.76169" lon="-74.11913">
        <ele>87.2</ele>
      </trkpt>
      <trkpt lat="41.76192" lon="-74.11914">
        <ele>88.6</ele>
      </trkpt>
      <trkpt lat="41.76237" lon="-74.11909">
        <ele>92.5</ele>
      </trkpt>
      <trkpt lat="41.76255" lon="-74.11912">
        <ele>95.4</ele>
      </trkpt>
      <trkpt lat="41.76303" lon="-74.11929">
        <ele>99.3</ele>
      </trkpt>
      <trkpt lat="41.76346" lon="-74.11951">
        <ele>102.1</ele>
      </trkpt>
      <trkpt lat="41.76355" lon="-74.11958">
        <ele>102.5</ele>
      </trkpt>
      <trkpt lat="41.76364" lon="-74.11969">
        <ele>102.9</ele>
      </trkpt>
      <trkpt lat="41.7637" lon="-74.11984">
        <ele>103.7</ele>
      </trkpt>
      <trkpt lat="41.76372" lon="-74.12">
        <ele>105.3</ele>
      </trkpt>
      <trkpt lat="41.7637" lon="-74.12018">
        <ele>106.5</ele>
      </trkpt>
      <trkpt lat="41.76358" lon="-74.12087">
        <ele>110.5</ele>
      </trkpt>
      <trkpt lat="41.76347" lon="-74.12185">
        <ele>116.6</ele>
      </trkpt>
      <trkpt lat="41.76344" lon="-74.12252">
        <ele>119.8</ele>
      </trkpt>
      <trkpt lat="41.76349" lon="-74.12289">
        <ele>123.0</ele>
      </trkpt>
      <trkpt lat="41.76358" lon="-74.1232">
        <ele>125.6</ele>
      </trkpt>
      <trkpt lat="41.76374" lon="-74.1236">
        <ele>128.2</ele>
      </trkpt>
      <trkpt lat="41.76384" lon="-74.12376">
        <ele>130.0</ele>
      </trkpt>
      <trkpt lat="41.76395" lon="-74.12388">
        <ele>131.1</ele>
      </trkpt>
      <trkpt lat="41.76408" lon="-74.12396">
        <ele>132.0</ele>
      </trkpt>
      <trkpt lat="41.76433" lon="-74.12403">
        <ele>134.6</ele>
      </trkpt>
      <trkpt lat="41.76505" lon="-74.12418">
        <ele>142.3</ele>
      </trkpt>
      <trkpt lat="41.76551" lon="-74.12423">
        <ele>144.5</ele>
      </trkpt>
      <trkpt lat="41.76602" lon="-74.12423">
        <ele>152.1</ele>
      </trkpt>
      <trkpt lat="41.76683" lon="-74.12421">
        <ele>156.0</ele>
      </trkpt>
      <trkpt lat="41.76764" lon="-74.1242">
        <ele>163.4</ele>
      </trkpt>
      <trkpt lat="41.76845" lon="-74.12418">
        <ele>171.7</ele>
      </trkpt>
      <trkpt lat="41.76916" lon="-74.1242">
        <ele>177.3</ele>
      </trkpt>
      <trkpt lat="41.76967" lon="-74.12419">
        <ele>180.8</ele>
      </trkpt>
      <trkpt lat="41.77019" lon="-74.12419">
        <ele>181.2</ele>
      </trkpt>
      <trkpt lat="41.77075" lon="-74.12418">
        <ele>186.4</ele>
      </trkpt>
      <trkpt lat="41.7713" lon="-74.12416">
        <ele>190.9</ele>
      </trkpt>
      <trkpt lat="41.77218" lon="-74.12409">
        <ele>196.6</ele>
      </trkpt>
      <trkpt lat="41.77306" lon="-74.12402">
        <ele>202.7</ele>
      </trkpt>
      <trkpt lat="41.77365" lon="-74.12396">
        <ele>207.9</ele>
      </trkpt>
      <trkpt lat="41.77425" lon="-74.1239">
        <ele>213.5</ele>
      </trkpt>
      <trkpt lat="41.77472" lon="-74.12388">
        <ele>218.9</ele>
      </trkpt>
      <trkpt lat="41.77498" lon="-74.12389">
        <ele>222.2</ele>
      </trkpt>
      <trkpt lat="41.77517" lon="-74.12394">
        <ele>224.2</ele>
      </trkpt>
      <trkpt lat="41.7756" lon="-74.12411">
        <ele>227.6</ele>
      </trkpt>
      <trkpt lat="41.77572" lon="-74.12414">
        <ele>228.7</ele>
      </trkpt>
      <trkpt lat="41.77622" lon="-74.12422">
        <ele>236.1</ele>
      </trkpt>
      <trkpt lat="41.77681" lon="-74.1243">
        <ele>244.9</ele>
      </trkpt>
      <trkpt lat="41.77739" lon="-74.12439">
        <ele>253.8</ele>
      </trkpt>
      <trkpt lat="41.77804" lon="-74.12442">
        <ele>262.0</ele>
      </trkpt>
      <trkpt lat="41.77869" lon="-74.12445">
        <ele>268.9</ele>
      </trkpt>
      <trkpt lat="41.77878" lon="-74.12448">
        <ele>269.5</ele>
      </trkpt>
      <trkpt lat="41.77889" lon="-74.12458">
        <ele>270.9</ele>
      </trkpt>
      <trkpt lat="41.77894" lon="-74.12465">
        <ele>271.8</ele>
      </trkpt>
      <trkpt lat="41.77898" lon="-74.12472">
        <ele>272.6</ele>
      </trkpt>
      <trkpt lat="41.77901" lon="-74.12484">
        <ele>273.0</ele>
      </trkpt>
      <trkpt lat="41.77903" lon="-74.12505">
        <ele>274.1</ele>
      </trkpt>
      <trkpt lat="41.77904" lon="-74.12573">
        <ele>279.0</ele>
      </trkpt>
      <trkpt lat="41.77902" lon="-74.12593">
        <ele>279.5</ele>
      </trkpt>
      <trkpt lat="41.779" lon="-74.12607">
        <ele>279.5</ele>
      </trkpt>
      <trkpt lat="41.77897" lon="-74.12619">
        <ele>279.3</ele>
      </trkpt>
      <trkpt lat="41.77881" lon="-74.12651">
        <ele>281.8</ele>
      </trkpt>
      <trkpt lat="41.7785" lon="-74.12702">
        <ele>283.8</ele>
      </trkpt>
      <trkpt lat="41.77826" lon="-74.12738">
        <ele>284.6</ele>
      </trkpt>
      <trkpt lat="41.7781" lon="-74.12758">
        <ele>283.5</ele>
      </trkpt>
      <trkpt lat="41.77789" lon="-74.1278">
        <ele>286.5</ele>
      </trkpt>
      <trkpt lat="41.77762" lon="-74.12808">
        <ele>289.3</ele>
      </trkpt>
      <trkpt lat="41.77723" lon="-74.12862">
        <ele>285.1</ele>
      </trkpt>
      <trkpt lat="41.77675" lon="-74.12916">
        <ele>289.3</ele>
      </trkpt>
      <trkpt lat="41.77662" lon="-74.12938">
        <ele>290.3</ele>
      </trkpt>
      <trkpt lat="41.77657" lon="-74.12949">
        <ele>290.4</ele>
      </trkpt>
      <trkpt lat="41.77654" lon="-74.12966">
        <ele>291.5</ele>
      </trkpt>
      <trkpt lat="41.77653" lon="-74.12985">
        <ele>293.6</ele>
      </trkpt>
      <trkpt lat="41.77655" lon="-74.13001">
        <ele>296.6</ele>
      </trkpt>
      <trkpt lat="41.77661" lon="-74.13019">
        <ele>299.2</ele>
      </trkpt>
      <trkpt lat="41.77668" lon="-74.13034">
        <ele>301.8</ele>
      </trkpt>
      <trkpt lat="41.77677" lon="-74.13047">
        <ele>303.5</ele>
      </trkpt>
      <trkpt lat="41.7769" lon="-74.1306">
        <ele>306.7</ele>
      </trkpt>
      <trkpt lat="41.777" lon="-74.13064">
        <ele>308.0</ele>
      </trkpt>
      <trkpt lat="41.77713" lon="-74.13068">
        <ele>308.4</ele>
      </trkpt>
      <trkpt lat="41.77753" lon="-74.13068">
        <ele>310.4</ele>
      </trkpt>
      <trkpt lat="41.77773" lon="-74.13072">
        <ele>315.5</ele>
      </trkpt>
      <trkpt lat="41.77782" lon="-74.13076">
        <ele>316.2</ele>
      </trkpt>
      <trkpt lat="41.77799" lon="-74.13087">
        <ele>317.2</ele>
      </trkpt>
      <trkpt lat="41.7781" lon="-74.13097">
        <ele>318.8</ele>
      </trkpt>
      <trkpt lat="41.77819" lon="-74.13107">
        <ele>319.8</ele>
      </trkpt>
      <trkpt lat="41.77826" lon="-74.1312">
        <ele>320.3</ele>
      </trkpt>
      <trkpt lat="41.7783" lon="-74.1313">
        <ele>320.7</ele>
      </trkpt>
      <trkpt lat="41.77832" lon="-74.1314">
        <ele>321.2</ele>
      </trkpt>
      <trkpt lat="41.77833" lon="-74.13151">
        <ele>321.9</ele>
      </trkpt>
      <trkpt lat="41.77832" lon="-74.1316">
        <ele>322.2</ele>
      </trkpt>
      <trkpt lat="41.77825" lon="-74.13202">
        <ele>327.5</ele>
      </trkpt>
      <trkpt lat="41.77824" lon="-74.13222">
        <ele>328.4</ele>
      </trkpt>
      <trkpt lat="41.77822" lon="-74.13258">
        <ele>329.6</ele>
      </trkpt>
      <trkpt lat="41.77819" lon="-74.13303">
        <ele>333.5</ele>
      </trkpt>
      <trkpt lat="41.7782" lon="-74.13324">
        <ele>334.3</ele>
      </trkpt>
      <trkpt lat="41.77822" lon="-74.13341">
        <ele>334.6</ele>
      </trkpt>
      <trkpt lat="41.77826" lon="-74.13358">
        <ele>335.0</ele>
      </trkpt>
      <trkpt lat="41.7785" lon="-74.13424">
        <ele>337.1</ele>
      </trkpt>
      <trkpt lat="41.77873" lon="-74.13476">
        <ele>338.9</ele>
      </trkpt>
      <trkpt lat="41.77892" lon="-74.13507">
        <ele>340.6</ele>
      </trkpt>
      <trkpt lat="41.77875" lon="-74.13525">
        <ele>340.4</ele>
      </trkpt>
      <trkpt lat="41.77882" lon="-74.13539">
        <ele>341.0</ele>
      </trkpt>
      <trkpt lat="41.7789" lon="-74.13547">
        <ele>341.2</ele>
      </trkpt>
      <trkpt lat="41.77901" lon="-74.13549">
        <ele>340.7</ele>
      </trkpt>
      <trkpt lat="41.77908" lon="-74.13547">
        <ele>340.8</ele>
      </trkpt>
      <trkpt lat="41.77918" lon="-74.13559">
        <ele>339.7</ele>
      </trkpt>
      <trkpt lat="41.77931" lon="-74.13579">
        <ele>334.9</ele>
      </trkpt>
      <trkpt lat="41.77938" lon="-74.136">
        <ele>333.0</ele>
      </trkpt>
      <trkpt lat="41.77944" lon="-74.13622">
        <ele>331.6</ele>
      </trkpt>
      <trkpt lat="41.77933" lon="-74.13647">
        <ele>331.0</ele>
      </trkpt>
      <trkpt lat="41.77928" lon="-74.13663">
        <ele>330.5</ele>
      </trkpt>
      <trkpt lat="41.77914" lon="-74.13686">
        <ele>331.8</ele>
      </trkpt>
      <trkpt lat="41.77914" lon="-74.13714">
        <ele>330.4</ele>
      </trkpt>
      <trkpt lat="41.77917" lon="-74.13763">
        <ele>329.2</ele>
      </trkpt>
      <trkpt lat="41.7791" lon="-74.13793">
        <ele>330.9</ele>
      </trkpt>
      <trkpt lat="41.77884" lon="-74.13837">
        <ele>331.9</ele>
      </trkpt>
      <trkpt lat="41.77857" lon="-74.13879">
        <ele>337.1</ele>
      </trkpt>
      <trkpt lat="41.77816" lon="-74.13909">
        <ele>334.2</ele>
      </trkpt>
      <trkpt lat="41.77734" lon="-74.1395">
        <ele>332.6</ele>
      </trkpt>
      <trkpt lat="41.7769" lon="-74.13957">
        <ele>336.2</ele>
      </trkpt>
      <trkpt lat="41.77656" lon="-74.13957">
        <ele>338.7</ele>
      </trkpt>
      <trkpt lat="41.77634" lon="-74.13978">
        <ele>333.8</ele>
      </trkpt>
      <trkpt lat="41.77609" lon="-74.14022">
        <ele>332.6</ele>
      </trkpt>
      <trkpt lat="41.77574" lon="-74.1405">
        <ele>334.9</ele>
      </trkpt>
      <trkpt lat="41.77539" lon="-74.14082">
        <ele>332.7</ele>
      </trkpt>
      <trkpt lat="41.77483" lon="-74.14146">
        <ele>328.3</ele>
      </trkpt>
      <trkpt lat="41.77427" lon="-74.14206">
        <ele>320.9</ele>
      </trkpt>
      <trkpt lat="41.77368" lon="-74.14245">
        <ele>316.7</ele>
      </trkpt>
      <trkpt lat="41.77335" lon="-74.14286">
        <ele>313.9</ele>
      </trkpt>
      <trkpt lat="41.7732" lon="-74.14297">
        <ele>313.8</ele>
      </trkpt>
      <trkpt lat="41.77308" lon="-74.14305">
        <ele>314.0</ele>
      </trkpt>
      <trkpt lat="41.77299" lon="-74.14315">
        <ele>314.6</ele>
      </trkpt>
      <trkpt lat="41.77286" lon="-74.14322">
        <ele>317.2</ele>
      </trkpt>
      <trkpt lat="41.7727" lon="-74.14332">
        <ele>318.9</ele>
      </trkpt>
      <trkpt lat="41.77255" lon="-74.14342">
        <ele>319.2</ele>
      </trkpt>
      <trkpt lat="41.77231" lon="-74.14361">
        <ele>319.6</ele>
      </trkpt>
      <trkpt lat="41.77219" lon="-74.14375">
        <ele>319.7</ele>
      </trkpt>
      <trkpt lat="41.77212" lon="-74.14385">
        <ele>319.6</ele>
      </trkpt>
      <trkpt lat="41.77208" lon="-74.14402">
        <ele>318.7</ele>
      </trkpt>
      <trkpt lat="41.77214" lon="-74.1441">
        <ele>319.2</ele>
      </trkpt>
      <trkpt lat="41.77206" lon="-74.1442">
        <ele>319.9</ele>
      </trkpt>
      <trkpt lat="41.7718" lon="-74.14432">
        <ele>321.8</ele>
      </trkpt>
      <trkpt lat="41.77138" lon="-74.14441">
        <ele>332.4</ele>
      </trkpt>
      <trkpt lat="41.77117" lon="-74.14449">
        <ele>334.4</ele>
      </trkpt>
      <trkpt lat="41.77095" lon="-74.14446">
        <ele>338.9</ele>
      </trkpt>
      <trkpt lat="41.77074" lon="-74.14445">
        <ele>341.9</ele>
      </trkpt>
      <trkpt lat="41.77057" lon="-74.14456">
        <ele>342.6</ele>
      </trkpt>
      <trkpt lat="41.77051" lon="-74.14466">
        <ele>341.7</ele>
      </trkpt>
      <trkpt lat="41.77055" lon="-74.14478">
        <ele>339.8</ele>
      </trkpt>
      <trkpt lat="41.77067" lon="-74.14481">
        <ele>339.4</ele>
      </trkpt>
      <trkpt lat="41.77092" lon="-74.14493">
        <ele>344.7</ele>
      </trkpt>
      <trkpt lat="41.771" lon="-74.14499">
        <ele>346.7</ele>
      </trkpt>
      <trkpt lat="41.77099" lon="-74.14508">
        <ele>348.6</ele>
      </trkpt>
      <trkpt lat="41.77087" lon="-74.14514">
        <ele>349.4</ele>
      </trkpt>
      <trkpt lat="41.77079" lon="-74.14522">
        <ele>350.5</ele>
      </trkpt>
      <trkpt lat="41.77073" lon="-74.14534">
        <ele>352.2</ele>
      </trkpt>
      <trkpt lat="41.77061" lon="-74.14529">
        <ele>351.4</ele>
      </trkpt>
      <trkpt lat="41.77053" lon="-74.14522">
        <ele>350.3</ele>
      </trkpt>
      <trkpt lat="41.77001" lon="-74.14501">
        <ele>348.7</ele>
      </trkpt>
      <trkpt lat="41.76989" lon="-74.14507">
        <ele>349.9</ele>
      </trkpt>
      <trkpt lat="41.76976" lon="-74.1451">
        <ele>350.2</ele>
      </trkpt>
      <trkpt lat="41.76958" lon="-74.14512">
        <ele>350.0</ele>
      </trkpt>
      <trkpt lat="41.76932" lon="-74.14504">
        <ele>349.3</ele>
      </trkpt>
      <trkpt lat="41.76912" lon="-74.14505">
        <ele>349.7</ele>
      </trkpt>
      <trkpt lat="41.76854" lon="-74.14513">
        <ele>345.6</ele>
      </trkpt>
      <trkpt lat="41.768" lon="-74.1453">
        <ele>344.2</ele>
      </trkpt>
      <trkpt lat="41.76783" lon="-74.14541">
        <ele>342.4</ele>
      </trkpt>
      <trkpt lat="41.76774" lon="-74.14551">
        <ele>341.1</ele>
      </trkpt>
      <trkpt lat="41.76758" lon="-74.14589">
        <ele>337.2</ele>
      </trkpt>
      <trkpt lat="41.7675" lon="-74.14601">
        <ele>337.4</ele>
      </trkpt>
      <trkpt lat="41.76738" lon="-74.14609">
        <ele>338.3</ele>
      </trkpt>
      <trkpt lat="41.76705" lon="-74.14632">
        <ele>335.9</ele>
      </trkpt>
      <trkpt lat="41.76664" lon="-74.14644">
        <ele>337.1</ele>
      </trkpt>
      <trkpt lat="41.76675" lon="-74.14665">
        <ele>334.0</ele>
      </trkpt>
      <trkpt lat="41.7667" lon="-74.14689">
        <ele>336.0</ele>
      </trkpt>
      <trkpt lat="41.76658" lon="-74.14733">
        <ele>336.1</ele>
      </trkpt>
      <trkpt lat="41.76644" lon="-74.1475">
        <ele>335.7</ele>
      </trkpt>
      <trkpt lat="41.7664" lon="-74.14757">
        <ele>336.3</ele>
      </trkpt>
      <trkpt lat="41.76644" lon="-74.1475">
        <ele>335.7</ele>
      </trkpt>
      <trkpt lat="41.76658" lon="-74.14733">
        <ele>336.1</ele>
      </trkpt>
      <trkpt lat="41.7667" lon="-74.14689">
        <ele>336.0</ele>
      </trkpt>
      <trkpt lat="41.76675" lon="-74.14665">
        <ele>334.0</ele>
      </trkpt>
      <trkpt lat="41.76664" lon="-74.14644">
        <ele>337.1</ele>
      </trkpt>
      <trkpt lat="41.76705" lon="-74.14632">
        <ele>335.9</ele>
      </trkpt>
      <trkpt lat="41.76738" lon="-74.14609">
        <ele>338.3</ele>
      </trkpt>
      <trkpt lat="41.7675" lon="-74.14601">
        <ele>337.4</ele>
      </trkpt>
      <trkpt lat="41.76758" lon="-74.14589">
        <ele>337.2</ele>
      </trkpt>
      <trkpt lat="41.76766" lon="-74.1457">
        <ele>338.3</ele>
      </trkpt>
      <trkpt lat="41.76758" lon="-74.14589">
        <ele>337.2</ele>
      </trkpt>
      <trkpt lat="41.7675" lon="-74.14601">
        <ele>337.4</ele>
      </trkpt>
      <trkpt lat="41.76738" lon="-74.14609">
        <ele>338.3</ele>
      </trkpt>
      <trkpt lat="41.76705" lon="-74.14632">
        <ele>335.9</ele>
      </trkpt>
      <trkpt lat="41.76664" lon="-74.14644">
        <ele>337.1</ele>
      </trkpt>
      <trkpt lat="41.76675" lon="-74.14665">
        <ele>334.0</ele>
      </trkpt>
      <trkpt lat="41.7667" lon="-74.14689">
        <ele>336.0</ele>
      </trkpt>
      <trkpt lat="41.76658" lon="-74.14733">
        <ele>336.1</ele>
      </trkpt>
      <trkpt lat="41.76644" lon="-74.1475">
        <ele>335.7</ele>
      </trkpt>
      <trkpt lat="41.76632" lon="-74.14771">
        <ele>336.5</ele>
      </trkpt>
      <trkpt lat="41.76606" lon="-74.14795">
        <ele>333.3</ele>
      </trkpt>
      <trkpt lat="41.76606" lon="-74.14795">
        <ele>333.3</ele>
      </trkpt>
      <trkpt lat="41.76606" lon="-74.14795">
        <ele>333.3</ele>
      </trkpt>
      <trkpt lat="41.76551" lon="-74.14841">
        <ele>331.5</ele>
      </trkpt>
      <trkpt lat="41.76516" lon="-74.14877">
        <ele>330.9</ele>
      </trkpt>
      <trkpt lat="41.76466" lon="-74.14938">
        <ele>332.3</ele>
      </trkpt>
      <trkpt lat="41.76429" lon="-74.15008">
        <ele>331.6</ele>
      </trkpt>
      <trkpt lat="41.76384" lon="-74.15054">
        <ele>331.4</ele>
      </trkpt>
      <trkpt lat="41.76365" lon="-74.15099">
        <ele>336.4</ele>
      </trkpt>
      <trkpt lat="41.76335" lon="-74.15141">
        <ele>335.8</ele>
      </trkpt>
      <trkpt lat="41.76304" lon="-74.15181">
        <ele>337.3</ele>
      </trkpt>
      <trkpt lat="41.76288" lon="-74.1521">
        <ele>339.9</ele>
      </trkpt>
      <trkpt lat="41.76254" lon="-74.15272">
        <ele>344.4</ele>
      </trkpt>
      <trkpt lat="41.76242" lon="-74.15287">
        <ele>344.1</ele>
      </trkpt>
      <trkpt lat="41.76236" lon="-74.15303">
        <ele>345.0</ele>
      </trkpt>
      <trkpt lat="41.76234" lon="-74.1532">
        <ele>346.8</ele>
      </trkpt>
      <trkpt lat="41.76234" lon="-74.1532">
        <ele>346.8</ele>
      </trkpt>
      <trkpt lat="41.76229" lon="-74.15364">
        <ele>351.7</ele>
      </trkpt>
      <trkpt lat="41.76212" lon="-74.15421">
        <ele>356.1</ele>
      </trkpt>
      <trkpt lat="41.76198" lon="-74.1546">
        <ele>357.3</ele>
      </trkpt>
      <trkpt lat="41.76165" lon="-74.15471">
        <ele>352.8</ele>
      </trkpt>
      <trkpt lat="41.76157" lon="-74.15455">
        <ele>354.0</ele>
      </trkpt>
      <trkpt lat="41.76155" lon="-74.15443">
        <ele>354.8</ele>
      </trkpt>
      <trkpt lat="41.76144" lon="-74.15438">
        <ele>355.8</ele>
      </trkpt>
      <trkpt lat="41.76137" lon="-74.15449">
        <ele>357.8</ele>
      </trkpt>
      <trkpt lat="41.7613" lon="-74.15504">
        <ele>360.1</ele>
      </trkpt>
      <trkpt lat="41.76125" lon="-74.15527">
        <ele>359.7</ele>
      </trkpt>
      <trkpt lat="41.76117" lon="-74.15543">
        <ele>360.3</ele>
      </trkpt>
      <trkpt lat="41.76112" lon="-74.15542">
        <ele>361.4</ele>
      </trkpt>
      <trkpt lat="41.76106" lon="-74.15535">
        <ele>362.8</ele>
      </trkpt>
      <trkpt lat="41.76086" lon="-74.15549">
        <ele>366.3</ele>
      </trkpt>
      <trkpt lat="41.76078" lon="-74.15588">
        <ele>366.8</ele>
      </trkpt>
      <trkpt lat="41.76054" lon="-74.15628">
        <ele>369.2</ele>
      </trkpt>
      <trkpt lat="41.76028" lon="-74.15654">
        <ele>370.3</ele>
      </trkpt>
      <trkpt lat="41.76026" lon="-74.15658">
        <ele>370.1</ele>
      </trkpt>
      <trkpt lat="41.76033" lon="-74.15696">
        <ele>371.6</ele>
      </trkpt>
      <trkpt lat="41.76041" lon="-74.15732">
        <ele>375.9</ele>
      </trkpt>
      <trkpt lat="41.7604" lon="-74.1576">
        <ele>377.2</ele>
      </trkpt>
      <trkpt lat="41.76041" lon="-74.15767">
        <ele>377.6</ele>
      </trkpt>
      <trkpt lat="41.76029" lon="-74.15774">
        <ele>378.6</ele>
      </trkpt>
      <trkpt lat="41.76013" lon="-74.15801">
        <ele>384.1</ele>
      </trkpt>
      <trkpt lat="41.75998" lon="-74.1581">
        <ele>383.4</ele>
      </trkpt>
      <trkpt lat="41.75975" lon="-74.15802">
        <ele>381.0</ele>
      </trkpt>
      <trkpt lat="41.75957" lon="-74.15811">
        <ele>382.3</ele>
      </trkpt>
      <trkpt lat="41.75934" lon="-74.15837">
        <ele>381.7</ele>
      </trkpt>
      <trkpt lat="41.75926" lon="-74.15858">
        <ele>380.9</ele>
      </trkpt>
      <trkpt lat="41.75927" lon="-74.15891">
        <ele>380.7</ele>
      </trkpt>
      <trkpt lat="41.7591" lon="-74.15908">
        <ele>378.6</ele>
      </trkpt>
      <trkpt lat="41.75878" lon="-74.15972">
        <ele>374.6</ele>
      </trkpt>
      <trkpt lat="41.75863" lon="-74.15977">
        <ele>371.2</ele>
      </trkpt>
      <trkpt lat="41.75822" lon="-74.16005">
        <ele>369.8</ele>
      </trkpt>
      <trkpt lat="41.7568" lon="-74.160749">
        <ele>357.5</ele>
      </trkpt>
      <trkpt lat="41.75656" lon="-74.16104">
        <ele>358.6</ele>
      </trkpt>
      <trkpt lat="41.75614" lon="-74.16131">
        <ele>352.9</ele>
      </trkpt>
      <trkpt lat="41.75611" lon="-74.16164">
        <ele>352.2</ele>
      </trkpt>
      <trkpt lat="41.75642" lon="-74.162229">
        <ele>347.2</ele>
      </trkpt>
      <trkpt lat="41.75671" lon="-74.16266">
        <ele>341.3</ele>
      </trkpt>
      <trkpt lat="41.75723" lon="-74.16304">
        <ele>333.3</ele>
      </trkpt>
      <trkpt lat="41.758159" lon="-74.16333">
        <ele>325.1</ele>
      </trkpt>
      <trkpt lat="41.75889" lon="-74.16392">
        <ele>310.1</ele>
      </trkpt>
      <trkpt lat="41.75892" lon="-74.16386">
        <ele>312.2</ele>
      </trkpt>
      <trkpt lat="41.75966" lon="-74.16441">
        <ele>296.4</ele>
      </trkpt>
      <trkpt lat="41.75971" lon="-74.16447">
        <ele>295.7</ele>
      </trkpt>
      <trkpt lat="41.7597" lon="-74.16461">
        <ele>294.4</ele>
      </trkpt>
      <trkpt lat="41.75961" lon="-74.16471">
        <ele>293.4</ele>
      </trkpt>
      <trkpt lat="41.75946" lon="-74.16478">
        <ele>291.6</ele>
      </trkpt>
      <trkpt lat="41.75896" lon="-74.16486">
        <ele>291.6</ele>
      </trkpt>
      <trkpt lat="41.75834" lon="-74.16514">
        <ele>289.0</ele>
      </trkpt>
      <trkpt lat="41.75826" lon="-74.16517">
        <ele>288.9</ele>
      </trkpt>
      <trkpt lat="41.7562" lon="-74.16688">
        <ele>287.4</ele>
      </trkpt>
      <trkpt lat="41.75544" lon="-74.16704">
        <ele>289.0</ele>
      </trkpt>
      <trkpt lat="41.754869" lon="-74.16744">
        <ele>289.3</ele>
      </trkpt>
      <trkpt lat="41.754" lon="-74.16868">
        <ele>289.6</ele>
      </trkpt>
      <trkpt lat="41.75333" lon="-74.16936">
        <ele>289.1</ele>
      </trkpt>
      <trkpt lat="41.7526" lon="-74.17052">
        <ele>289.6</ele>
      </trkpt>
      <trkpt lat="41.75217" lon="-74.17079">
        <ele>289.7</ele>
      </trkpt>
      <trkpt lat="41.75156" lon="-74.171049">
        <ele>291.6</ele>
      </trkpt>
      <trkpt lat="41.75108" lon="-74.17135">
        <ele>291.8</ele>
      </trkpt>
      <trkpt lat="41.75095" lon="-74.17149">
        <ele>291.7</ele>
      </trkpt>
      <trkpt lat="41.75079" lon="-74.17171">
        <ele>291.5</ele>
      </trkpt>
      <trkpt lat="41.750749" lon="-74.17198">
        <ele>290.3</ele>
      </trkpt>
      <trkpt lat="41.75089" lon="-74.172079">
        <ele>289.5</ele>
      </trkpt>
      <trkpt lat="41.75122" lon="-74.17211">
        <ele>289.2</ele>
      </trkpt>
      <trkpt lat="41.75134" lon="-74.17221">
        <ele>288.7</ele>
      </trkpt>
      <trkpt lat="41.7513" lon="-74.1724">
        <ele>289.6</ele>
      </trkpt>
      <trkpt lat="41.75109" lon="-74.17253">
        <ele>290.0</ele>
      </trkpt>
      <trkpt lat="41.75017" lon="-74.17319">
        <ele>292.1</ele>
      </trkpt>
      <trkpt lat="41.7487" lon="-74.174539">
        <ele>290.5</ele>
      </trkpt>
      <trkpt lat="41.74512" lon="-74.17383">
        <ele>194.6</ele>
      </trkpt>
      <trkpt lat="41.74511" lon="-74.17378">
        <ele>194.2</ele>
      </trkpt>
      <trkpt lat="41.74508" lon="-74.17373">
        <ele>193.3</ele>
      </trkpt>
      <trkpt lat="41.74501" lon="-74.17374">
        <ele>191.8</ele>
      </trkpt>
      <trkpt lat="41.74463" lon="-74.1738">
        <ele>184.6</ele>
      </trkpt>
      <trkpt lat="41.74443" lon="-74.17388">
        <ele>181.7</ele>
      </trkpt>
      <trkpt lat="41.74388" lon="-74.17432">
        <ele>170.4</ele>
      </trkpt>
      <trkpt lat="41.74369" lon="-74.17442">
        <ele>165.0</ele>
      </trkpt>
      <trkpt lat="41.74359" lon="-74.17441">
        <ele>163.0</ele>
      </trkpt>
      <trkpt lat="41.7435" lon="-74.1745">
        <ele>161.2</ele>
      </trkpt>
      <trkpt lat="41.74343" lon="-74.17453">
        <ele>160.1</ele>
      </trkpt>
      <trkpt lat="41.74334" lon="-74.17452">
        <ele>158.7</ele>
      </trkpt>
      <trkpt lat="41.74329" lon="-74.17449">
        <ele>157.5</ele>
      </trkpt>
      <trkpt lat="41.74325" lon="-74.17444">
        <ele>156.5</ele>
      </trkpt>
      <trkpt lat="41.74322" lon="-74.17437">
        <ele>155.6</ele>
      </trkpt>
      <trkpt lat="41.74322" lon="-74.17429">
        <ele>155.4</ele>
      </trkpt>
      <trkpt lat="41.74325" lon="-74.17417">
        <ele>155.6</ele>
      </trkpt>
      <trkpt lat="41.74349" lon="-74.17357">
        <ele>152.5</ele>
      </trkpt>
      <trkpt lat="41.74352" lon="-74.17345">
        <ele>150.2</ele>
      </trkpt>
      <trkpt lat="41.74346" lon="-74.17353">
        <ele>150.9</ele>
      </trkpt>
      <trkpt lat="41.74331" lon="-74.17367">
        <ele>150.7</ele>
      </trkpt>
      <trkpt lat="41.74301" lon="-74.1739">
        <ele>146.9</ele>
      </trkpt>
      <trkpt lat="41.74285" lon="-74.17399">
        <ele>144.6</ele>
      </trkpt>
      <trkpt lat="41.74215" lon="-74.17432">
        <ele>135.2</ele>
      </trkpt>
      <trkpt lat="41.74144" lon="-74.17465">
        <ele>134.1</ele>
      </trkpt>
      <trkpt lat="41.74121" lon="-74.17477">
        <ele>134.0</ele>
      </trkpt>
      <trkpt lat="41.74097" lon="-74.17495">
        <ele>133.2</ele>
      </trkpt>
      <trkpt lat="41.74061" lon="-74.17531">
        <ele>128.6</ele>
      </trkpt>
      <trkpt lat="41.74053" lon="-74.17538">
        <ele>127.6</ele>
      </trkpt>
      <trkpt lat="41.74041" lon="-74.17522">
        <ele>127.9</ele>
      </trkpt>
      <trkpt lat="41.74028" lon="-74.17508">
        <ele>127.7</ele>
      </trkpt>
      <trkpt lat="41.74001" lon="-74.17486">
        <ele>126.8</ele>
      </trkpt>
      <trkpt lat="41.73945" lon="-74.17448">
        <ele>123.2</ele>
      </trkpt>
      <trkpt lat="41.73926" lon="-74.17431">
        <ele>123.4</ele>
      </trkpt>
      <trkpt lat="41.73903" lon="-74.17401">
        <ele>125.8</ele>
      </trkpt>
      <trkpt lat="41.73896" lon="-74.17389">
        <ele>126.0</ele>
      </trkpt>
      <trkpt lat="41.73889" lon="-74.17374">
        <ele>125.6</ele>
      </trkpt>
      <trkpt lat="41.73886" lon="-74.17363">
        <ele>124.6</ele>
      </trkpt>
      <trkpt lat="41.73886" lon="-74.17313">
        <ele>120.9</ele>
      </trkpt>
      <trkpt lat="41.73883" lon="-74.173">
        <ele>120.6</ele>
      </trkpt>
      <trkpt lat="41.73878" lon="-74.17293">
        <ele>119.9</ele>
      </trkpt>
      <trkpt lat="41.7387" lon="-74.17323">
        <ele>119.6</ele>
      </trkpt>
      <trkpt lat="41.73862" lon="-74.17348">
        <ele>120.4</ele>
      </trkpt>
      <trkpt lat="41.73843" lon="-74.17388">
        <ele>119.5</ele>
      </trkpt>
      <trkpt lat="41.7383" lon="-74.17411">
        <ele>117.6</ele>
      </trkpt>
      <trkpt lat="41.73811" lon="-74.17436">
        <ele>115.8</ele>
      </trkpt>
      <trkpt lat="41.73772" lon="-74.1748">
        <ele>113.6</ele>
      </trkpt>
      <trkpt lat="41.73734" lon="-74.17524">
        <ele>112.6</ele>
      </trkpt>
      <trkpt lat="41.73711" lon="-74.17555">
        <ele>111.7</ele>
      </trkpt>
      <trkpt lat="41.73693" lon="-74.17583">
        <ele>111.3</ele>
      </trkpt>
      <trkpt lat="41.73678" lon="-74.17618">
        <ele>111.2</ele>
      </trkpt>
      <trkpt lat="41.73662" lon="-74.1766">
        <ele>110.9</ele>
      </trkpt>
      <trkpt lat="41.73651" lon="-74.17701">
        <ele>110.7</ele>
      </trkpt>
      <trkpt lat="41.73635" lon="-74.17777">
        <ele>111.6</ele>
      </trkpt>
      <trkpt lat="41.73619" lon="-74.17853">
        <ele>113.7</ele>
      </trkpt>
      <trkpt lat="41.73598" lon="-74.17939">
        <ele>115.3</ele>
      </trkpt>
      <trkpt lat="41.73577" lon="-74.17991">
        <ele>121.8</ele>
      </trkpt>
      <trkpt lat="41.73552" lon="-74.18033">
        <ele>127.8</ele>
      </trkpt>
      <trkpt lat="41.73528" lon="-74.18069">
        <ele>129.7</ele>
      </trkpt>
      <trkpt lat="41.73466" lon="-74.18146">
        <ele>133.5</ele>
      </trkpt>
      <trkpt lat="41.73478" lon="-74.18157">
        <ele>139.1</ele>
      </trkpt>
      <trkpt lat="41.73486" lon="-74.18176">
        <ele>142.9</ele>
      </trkpt>
      <trkpt lat="41.73499" lon="-74.182">
        <ele>147.0</ele>
      </trkpt>
      <trkpt lat="41.73516" lon="-74.18198">
        <ele>148.9</ele>
      </trkpt>
      <trkpt lat="41.73532" lon="-74.18189">
        <ele>150.3</ele>
      </trkpt>
      <trkpt lat="41.73547" lon="-74.18183">
        <ele>152.0</ele>
      </trkpt>
      <trkpt lat="41.73562" lon="-74.18197">
        <ele>152.5</ele>
      </trkpt>
      <trkpt lat="41.73574" lon="-74.18199">
        <ele>152.4</ele>
      </trkpt>
      <trkpt lat="41.7358" lon="-74.18205">
        <ele>152.2</ele>
      </trkpt>
      <trkpt lat="41.73589" lon="-74.18209">
        <ele>151.9</ele>
      </trkpt>
      <trkpt lat="41.73592" lon="-74.18213">
        <ele>151.7</ele>
      </trkpt>
      <trkpt lat="41.73599" lon="-74.18214">
        <ele>151.4</ele>
      </trkpt>
      <trkpt lat="41.73605" lon="-74.18212">
        <ele>151.4</ele>
      </trkpt>
      <trkpt lat="41.7362" lon="-74.18203">
        <ele>151.8</ele>
      </trkpt>
      <trkpt lat="41.73629" lon="-74.18199">
        <ele>152.5</ele>
      </trkpt>
      <trkpt lat="41.73647" lon="-74.1819">
        <ele>155.1</ele>
      </trkpt>
      <trkpt lat="41.73655" lon="-74.18182">
        <ele>155.9</ele>
      </trkpt>
      <trkpt lat="41.7366" lon="-74.18187">
        <ele>157.9</ele>
      </trkpt>
      <trkpt lat="41.73664" lon="-74.18198">
        <ele>161.7</ele>
      </trkpt>
      <trkpt lat="41.73664" lon="-74.18209">
        <ele>164.4</ele>
      </trkpt>
      <trkpt lat="41.73669" lon="-74.18225">
        <ele>170.3</ele>
      </trkpt>
      <trkpt lat="41.73676" lon="-74.18232">
        <ele>175.7</ele>
      </trkpt>
      <trkpt lat="41.73679" lon="-74.18241">
        <ele>178.6</ele>
      </trkpt>
      <trkpt lat="41.7368" lon="-74.18251">
        <ele>180.7</ele>
      </trkpt>
      <trkpt lat="41.73679" lon="-74.1826">
        <ele>182.1</ele>
      </trkpt>
      <trkpt lat="41.73677" lon="-74.18271">
        <ele>183.8</ele>
      </trkpt>
      <trkpt lat="41.73673" lon="-74.18282">
        <ele>184.9</ele>
      </trkpt>
      <trkpt lat="41.73638" lon="-74.18336">
        <ele>184.9</ele>
      </trkpt>
      <trkpt lat="41.73615" lon="-74.18362">
        <ele>184.3</ele>
      </trkpt>
      <trkpt lat="41.73608" lon="-74.18367">
        <ele>183.8</ele>
      </trkpt>
      <trkpt lat="41.73594" lon="-74.18387">
        <ele>185.1</ele>
      </trkpt>
      <trkpt lat="41.73584" lon="-74.18409">
        <ele>187.8</ele>
      </trkpt>
      <trkpt lat="41.73579" lon="-74.18419">
        <ele>188.6</ele>
      </trkpt>
      <trkpt lat="41.7357" lon="-74.18432">
        <ele>188.7</ele>
      </trkpt>
      <trkpt lat="41.73566" lon="-74.18438">
        <ele>188.6</ele>
      </trkpt>
      <trkpt lat="41.7356" lon="-74.18448">
        <ele>188.7</ele>
      </trkpt>
      <trkpt lat="41.73549" lon="-74.18465">
        <ele>187.8</ele>
      </trkpt>
      <trkpt lat="41.73545" lon="-74.18478">
        <ele>188.6</ele>
      </trkpt>
      <trkpt lat="41.73553" lon="-74.18483">
        <ele>193.0</ele>
      </trkpt>
      <trkpt lat="41.7356" lon="-74.18489">
        <ele>196.2</ele>
      </trkpt>
      <trkpt lat="41.73565" lon="-74.18501">
        <ele>199.2</ele>
      </trkpt>
      <trkpt lat="41.73567" lon="-74.18514">
        <ele>202.6</ele>
      </trkpt>
      <trkpt lat="41.73566" lon="-74.18526">
        <ele>205.2</ele>
      </trkpt>
      <trkpt lat="41.73564" lon="-74.18535">
        <ele>206.7</ele>
      </trkpt>
      <trkpt lat="41.73565" lon="-74.18541">
        <ele>209.0</ele>
      </trkpt>
      <trkpt lat="41.73564" lon="-74.1855">
        <ele>211.1</ele>
      </trkpt>
      <trkpt lat="41.73558" lon="-74.18569">
        <ele>213.4</ele>
      </trkpt>
      <trkpt lat="41.73532" lon="-74.1862">
        <ele>215.7</ele>
      </trkpt>
      <trkpt lat="41.73528" lon="-74.18634">
        <ele>218.0</ele>
      </trkpt>
      <trkpt lat="41.73527" lon="-74.18643">
        <ele>219.5</ele>
      </trkpt>
      <trkpt lat="41.73531" lon="-74.18657">
        <ele>221.8</ele>
      </trkpt>
      <trkpt lat="41.73532" lon="-74.18676">
        <ele>222.7</ele>
      </trkpt>
      <trkpt lat="41.73534" lon="-74.18684">
        <ele>223.0</ele>
      </trkpt>
      <trkpt lat="41.73537" lon="-74.1869">
        <ele>223.2</ele>
      </trkpt>
      <trkpt lat="41.7354" lon="-74.18693">
        <ele>223.4</ele>
      </trkpt>
      <trkpt lat="41.73544" lon="-74.18694">
        <ele>223.8</ele>
      </trkpt>
      <trkpt lat="41.73549" lon="-74.18692">
        <ele>224.5</ele>
      </trkpt>
      <trkpt lat="41.73552" lon="-74.18687">
        <ele>225.2</ele>
      </trkpt>
      <trkpt lat="41.73562" lon="-74.18662">
        <ele>226.5</ele>
      </trkpt>
      <trkpt lat="41.73569" lon="-74.18649">
        <ele>226.2</ele>
      </trkpt>
      <trkpt lat="41.73584" lon="-74.18625">
        <ele>227.5</ele>
      </trkpt>
      <trkpt lat="41.73598" lon="-74.18598">
        <ele>229.4</ele>
      </trkpt>
      <trkpt lat="41.73608" lon="-74.18581">
        <ele>230.0</ele>
      </trkpt>
      <trkpt lat="41.73616" lon="-74.18589">
        <ele>233.4</ele>
      </trkpt>
      <trkpt lat="41.73624" lon="-74.18577">
        <ele>233.7</ele>
      </trkpt>
      <trkpt lat="41.73633" lon="-74.18564">
        <ele>233.5</ele>
      </trkpt>
      <trkpt lat="41.73643" lon="-74.18554">
        <ele>233.4</ele>
      </trkpt>
      <trkpt lat="41.73655" lon="-74.18543">
        <ele>233.3</ele>
      </trkpt>
      <trkpt lat="41.73703" lon="-74.18503">
        <ele>240.6</ele>
      </trkpt>
      <trkpt lat="41.7374" lon="-74.18465">
        <ele>241.9</ele>
      </trkpt>
      <trkpt lat="41.73778" lon="-74.18426">
        <ele>235.5</ele>
      </trkpt>
      <trkpt lat="41.73785" lon="-74.18421">
        <ele>236.3</ele>
      </trkpt>
      <trkpt lat="41.7379" lon="-74.18419">
        <ele>237.3</ele>
      </trkpt>
      <trkpt lat="41.73795" lon="-74.18419">
        <ele>238.7</ele>
      </trkpt>
      <trkpt lat="41.73798" lon="-74.18423">
        <ele>239.9</ele>
      </trkpt>
      <trkpt lat="41.738" lon="-74.18428">
        <ele>241.1</ele>
      </trkpt>
      <trkpt lat="41.73799" lon="-74.18434">
        <ele>241.6</ele>
      </trkpt>
      <trkpt lat="41.73797" lon="-74.1844">
        <ele>241.8</ele>
      </trkpt>
      <trkpt lat="41.73792" lon="-74.18447">
        <ele>241.8</ele>
      </trkpt>
      <trkpt lat="41.73764" lon="-74.1847">
        <ele>245.2</ele>
      </trkpt>
      <trkpt lat="41.73745" lon="-74.18491">
        <ele>247.8</ele>
      </trkpt>
      <trkpt lat="41.73737" lon="-74.18502">
        <ele>250.7</ele>
      </trkpt>
      <trkpt lat="41.73729" lon="-74.18517">
        <ele>252.5</ele>
      </trkpt>
      <trkpt lat="41.73722" lon="-74.18531">
        <ele>253.2</ele>
      </trkpt>
      <trkpt lat="41.73715" lon="-74.18547">
        <ele>253.8</ele>
      </trkpt>
      <trkpt lat="41.7371" lon="-74.18562">
        <ele>254.9</ele>
      </trkpt>
      <trkpt lat="41.73706" lon="-74.18578">
        <ele>258.5</ele>
      </trkpt>
      <trkpt lat="41.73703" lon="-74.18593">
        <ele>260.6</ele>
      </trkpt>
      <trkpt lat="41.73698" lon="-74.18641">
        <ele>263.7</ele>
      </trkpt>
      <trkpt lat="41.73691" lon="-74.18709">
        <ele>266.8</ele>
      </trkpt>
      <trkpt lat="41.73689" lon="-74.18732">
        <ele>268.5</ele>
      </trkpt>
      <trkpt lat="41.73691" lon="-74.18804">
        <ele>276.8</ele>
      </trkpt>
      <trkpt lat="41.7369" lon="-74.18822">
        <ele>277.0</ele>
      </trkpt>
      <trkpt lat="41.73686" lon="-74.18859">
        <ele>275.2</ele>
      </trkpt>
      <trkpt lat="41.7368" lon="-74.18895">
        <ele>275.6</ele>
      </trkpt>
      <trkpt lat="41.73675" lon="-74.18913">
        <ele>274.6</ele>
      </trkpt>
      <trkpt lat="41.73668" lon="-74.1893">
        <ele>274.0</ele>
      </trkpt>
      <trkpt lat="41.73662" lon="-74.18945">
        <ele>273.8</ele>
      </trkpt>
      <trkpt lat="41.73634" lon="-74.18992">
        <ele>271.2</ele>
      </trkpt>
      <trkpt lat="41.73627" lon="-74.19005">
        <ele>271.4</ele>
      </trkpt>
      <trkpt lat="41.73621" lon="-74.19018">
        <ele>272.6</ele>
      </trkpt>
      <trkpt lat="41.73617" lon="-74.1903">
        <ele>275.0</ele>
      </trkpt>
      <trkpt lat="41.73615" lon="-74.19042">
        <ele>276.7</ele>
      </trkpt>
      <trkpt lat="41.73614" lon="-74.19055">
        <ele>278.3</ele>
      </trkpt>
      <trkpt lat="41.73618" lon="-74.19112">
        <ele>287.9</ele>
      </trkpt>
      <trkpt lat="41.73617" lon="-74.19125">
        <ele>287.6</ele>
      </trkpt>
      <trkpt lat="41.73615" lon="-74.19139">
        <ele>287.3</ele>
      </trkpt>
      <trkpt lat="41.73612" lon="-74.19156">
        <ele>286.4</ele>
      </trkpt>
      <trkpt lat="41.73602" lon="-74.19189">
        <ele>285.2</ele>
      </trkpt>
      <trkpt lat="41.736" lon="-74.19203">
        <ele>287.8</ele>
      </trkpt>
      <trkpt lat="41.73598" lon="-74.19218">
        <ele>291.0</ele>
      </trkpt>
      <trkpt lat="41.73599" lon="-74.19231">
        <ele>292.9</ele>
      </trkpt>
      <trkpt lat="41.73601" lon="-74.19246">
        <ele>294.7</ele>
      </trkpt>
      <trkpt lat="41.73608" lon="-74.19274">
        <ele>297.0</ele>
      </trkpt>
      <trkpt lat="41.73637" lon="-74.19354">
        <ele>295.9</ele>
      </trkpt>
      <trkpt lat="41.73632" lon="-74.19357">
        <ele>295.3</ele>
      </trkpt>
      <trkpt lat="41.73654" lon="-74.19404">
        <ele>297.5</ele>
      </trkpt>
      <trkpt lat="41.73646" lon="-74.19414">
        <ele>301.4</ele>
      </trkpt>
      <trkpt lat="41.73632" lon="-74.19413">
        <ele>304.9</ele>
      </trkpt>
      <trkpt lat="41.73623" lon="-74.19414">
        <ele>306.1</ele>
      </trkpt>
      <trkpt lat="41.7361" lon="-74.19422">
        <ele>308.5</ele>
      </trkpt>
      <trkpt lat="41.73577" lon="-74.19447">
        <ele>317.6</ele>
      </trkpt>
      <trkpt lat="41.73545" lon="-74.19456">
        <ele>323.4</ele>
      </trkpt>
      <trkpt lat="41.73521" lon="-74.1948">
        <ele>330.9</ele>
      </trkpt>
      <trkpt lat="41.73499" lon="-74.19486">
        <ele>332.3</ele>
      </trkpt>
      <trkpt lat="41.73467" lon="-74.19509">
        <ele>344.8</ele>
      </trkpt>
      <trkpt lat="41.7344" lon="-74.19523">
        <ele>353.8</ele>
      </trkpt>
      <trkpt lat="41.7342" lon="-74.1955">
        <ele>365.9</ele>
      </trkpt>
      <trkpt lat="41.73414" lon="-74.19552">
        <ele>366.3</ele>
      </trkpt>
      <trkpt lat="41.73409" lon="-74.19558">
        <ele>367.9</ele>
      </trkpt>
      <trkpt lat="41.73408" lon="-74.19565">
        <ele>369.3</ele>
      </trkpt>
      <trkpt lat="41.73406" lon="-74.19572">
        <ele>370.3</ele>
      </trkpt>
      <trkpt lat="41.734" lon="-74.19574">
        <ele>371.2</ele>
      </trkpt>
      <trkpt lat="41.73386" lon="-74.19589">
        <ele>372.8</ele>
      </trkpt>
      <trkpt lat="41.73378" lon="-74.19593">
        <ele>373.4</ele>
      </trkpt>
      <trkpt lat="41.73369" lon="-74.19604">
        <ele>372.5</ele>
      </trkpt>
      <trkpt lat="41.73353" lon="-74.19621">
        <ele>370.5</ele>
      </trkpt>
      <trkpt lat="41.73344" lon="-74.19634">
        <ele>371.0</ele>
      </trkpt>
      <trkpt lat="41.73333" lon="-74.19643">
        <ele>373.6</ele>
      </trkpt>
      <trkpt lat="41.73327" lon="-74.19652">
        <ele>374.3</ele>
      </trkpt>
      <trkpt lat="41.73324" lon="-74.19664">
        <ele>373.1</ele>
      </trkpt>
      <trkpt lat="41.73319" lon="-74.19674">
        <ele>372.4</ele>
      </trkpt>
      <trkpt lat="41.73305" lon="-74.19679">
        <ele>374.3</ele>
      </trkpt>
      <trkpt lat="41.73295" lon="-74.19691">
        <ele>374.3</ele>
      </trkpt>
      <trkpt lat="41.7327" lon="-74.19727">
        <ele>373.6</ele>
      </trkpt>
      <trkpt lat="41.73262" lon="-74.19744">
        <ele>372.6</ele>
      </trkpt>
      <trkpt lat="41.73257" lon="-74.1975">
        <ele>372.6</ele>
      </trkpt>
      <trkpt lat="41.73252" lon="-74.19755">
        <ele>372.6</ele>
      </trkpt>
      <trkpt lat="41.73239" lon="-74.19756">
        <ele>374.5</ele>
      </trkpt>
      <trkpt lat="41.73231" lon="-74.19761">
        <ele>374.9</ele>
      </trkpt>
      <trkpt lat="41.73223" lon="-74.19778">
        <ele>373.1</ele>
      </trkpt>
      <trkpt lat="41.73218" lon="-74.19791">
        <ele>371.7</ele>
      </trkpt>
      <trkpt lat="41.73211" lon="-74.19794">
        <ele>371.8</ele>
      </trkpt>
      <trkpt lat="41.732" lon="-74.19791">
        <ele>372.2</ele>
      </trkpt>
      <trkpt lat="41.73195" lon="-74.19788">
        <ele>372.2</ele>
      </trkpt>
      <trkpt lat="41.73181" lon="-74.19788">
        <ele>370.9</ele>
      </trkpt>
      <trkpt lat="41.73174" lon="-74.19795">
        <ele>370.6</ele>
      </trkpt>
      <trkpt lat="41.7317" lon="-74.19806">
        <ele>371.0</ele>
      </trkpt>
      <trkpt lat="41.73159" lon="-74.19821">
        <ele>371.2</ele>
      </trkpt>
      <trkpt lat="41.73153" lon="-74.19827">
        <ele>371.1</ele>
      </trkpt>
      <trkpt lat="41.73138" lon="-74.1984">
        <ele>371.2</ele>
      </trkpt>
      <trkpt lat="41.73106" lon="-74.19874">
        <ele>370.8</ele>
      </trkpt>
      <trkpt lat="41.73091" lon="-74.19884">
        <ele>370.1</ele>
      </trkpt>
      <trkpt lat="41.73076" lon="-74.19901">
        <ele>369.8</ele>
      </trkpt>
      <trkpt lat="41.73065" lon="-74.19931">
        <ele>371.0</ele>
      </trkpt>
      <trkpt lat="41.73058" lon="-74.19936">
        <ele>371.4</ele>
      </trkpt>
      <trkpt lat="41.73049" lon="-74.19948">
        <ele>371.0</ele>
      </trkpt>
      <trkpt lat="41.73032" lon="-74.19979">
        <ele>367.2</ele>
      </trkpt>
      <trkpt lat="41.73029" lon="-74.19985">
        <ele>366.8</ele>
      </trkpt>
      <trkpt lat="41.73023" lon="-74.19997">
        <ele>365.9</ele>
      </trkpt>
      <trkpt lat="41.73021" lon="-74.20005">
        <ele>365.4</ele>
      </trkpt>
      <trkpt lat="41.73003" lon="-74.20044">
        <ele>363.5</ele>
      </trkpt>
      <trkpt lat="41.73" lon="-74.20054">
        <ele>363.2</ele>
      </trkpt>
      <trkpt lat="41.7299" lon="-74.20075">
        <ele>362.4</ele>
      </trkpt>
      <trkpt lat="41.72991" lon="-74.20088">
        <ele>362.3</ele>
      </trkpt>
      <trkpt lat="41.73" lon="-74.20107">
        <ele>362.3</ele>
      </trkpt>
      <trkpt lat="41.72994" lon="-74.20122">
        <ele>362.1</ele>
      </trkpt>
      <trkpt lat="41.72999" lon="-74.20138">
        <ele>361.5</ele>
      </trkpt>
      <trkpt lat="41.72999" lon="-74.20146">
        <ele>361.1</ele>
      </trkpt>
      <trkpt lat="41.73002" lon="-74.20169">
        <ele>359.1</ele>
      </trkpt>
      <trkpt lat="41.72995" lon="-74.20174">
        <ele>358.9</ele>
      </trkpt>
      <trkpt lat="41.72988" lon="-74.20183">
        <ele>357.9</ele>
      </trkpt>
      <trkpt lat="41.72976" lon="-74.20205">
        <ele>355.0</ele>
      </trkpt>
      <trkpt lat="41.72969" lon="-74.20214">
        <ele>354.5</ele>
      </trkpt>
      <trkpt lat="41.72964" lon="-74.20227">
        <ele>353.3</ele>
      </trkpt>
      <trkpt lat="41.72961" lon="-74.20237">
        <ele>351.8</ele>
      </trkpt>
      <trkpt lat="41.72963" lon="-74.20253">
        <ele>348.8</ele>
      </trkpt>
      <trkpt lat="41.72951" lon="-74.20286">
        <ele>344.7</ele>
      </trkpt>
      <trkpt lat="41.7295" lon="-74.20302">
        <ele>342.8</ele>
      </trkpt>
      <trkpt lat="41.72966" lon="-74.20322">
        <ele>338.6</ele>
      </trkpt>
      <trkpt lat="41.72976" lon="-74.20328">
        <ele>336.3</ele>
      </trkpt>
      <trkpt lat="41.72991" lon="-74.2033">
        <ele>333.9</ele>
      </trkpt>
      <trkpt lat="41.7301" lon="-74.20321">
        <ele>332.2</ele>
      </trkpt>
      <trkpt lat="41.73026" lon="-74.20324">
        <ele>329.9</ele>
      </trkpt>
      <trkpt lat="41.73045" lon="-74.20314">
        <ele>328.0</ele>
      </trkpt>
      <trkpt lat="41.73057" lon="-74.20317">
        <ele>326.0</ele>
      </trkpt>
      <trkpt lat="41.73075" lon="-74.20309">
        <ele>324.1</ele>
      </trkpt>
      <trkpt lat="41.73093" lon="-74.20291">
        <ele>323.2</ele>
      </trkpt>
      <trkpt lat="41.73107" lon="-74.20284">
        <ele>321.8</ele>
      </trkpt>
      <trkpt lat="41.73133" lon="-74.2029">
        <ele>317.1</ele>
      </trkpt>
      <trkpt lat="41.73148" lon="-74.20296">
        <ele>312.8</ele>
      </trkpt>
      <trkpt lat="41.73129" lon="-74.20474">
        <ele>300.2</ele>
      </trkpt>
      <trkpt lat="41.73111" lon="-74.2053">
        <ele>299.4</ele>
      </trkpt>
      <trkpt lat="41.730849" lon="-74.20587">
        <ele>299.9</ele>
      </trkpt>
      <trkpt lat="41.73034" lon="-74.20681">
        <ele>296.9</ele>
      </trkpt>
      <trkpt lat="41.73026" lon="-74.20699">
        <ele>296.5</ele>
      </trkpt>
      <trkpt lat="41.72998" lon="-74.20774">
        <ele>296.8</ele>
      </trkpt>
      <trkpt lat="41.72977" lon="-74.20811">
        <ele>297.3</ele>
      </trkpt>
      <trkpt lat="41.72949" lon="-74.20856">
        <ele>297.5</ele>
      </trkpt>
      <trkpt lat="41.72907" lon="-74.20935">
        <ele>297.7</ele>
      </trkpt>
      <trkpt lat="41.728969" lon="-74.20957">
        <ele>297.8</ele>
      </trkpt>
      <trkpt lat="41.72891" lon="-74.2098">
        <ele>297.7</ele>
      </trkpt>
      <trkpt lat="41.72869" lon="-74.211">
        <ele>299.0</ele>
      </trkpt>
      <trkpt lat="41.72855" lon="-74.21199">
        <ele>298.9</ele>
      </trkpt>
      <trkpt lat="41.72846" lon="-74.21244">
        <ele>299.6</ele>
      </trkpt>
      <trkpt lat="41.72836" lon="-74.21269">
        <ele>299.7</ele>
      </trkpt>
      <trkpt lat="41.72816" lon="-74.21311">
        <ele>299.3</ele>
      </trkpt>
      <trkpt lat="41.727939" lon="-74.21345">
        <ele>298.5</ele>
      </trkpt>
      <trkpt lat="41.72749" lon="-74.21405">
        <ele>297.4</ele>
      </trkpt>
      <trkpt lat="41.7271" lon="-74.21444">
        <ele>299.2</ele>
      </trkpt>
      <trkpt lat="41.72704" lon="-74.214519">
        <ele>299.7</ele>
      </trkpt>
      <trkpt lat="41.72695" lon="-74.214699">
        <ele>300.1</ele>
      </trkpt>
      <trkpt lat="41.72686" lon="-74.21501">
        <ele>299.2</ele>
      </trkpt>
      <trkpt lat="41.726819" lon="-74.21533">
        <ele>297.6</ele>
      </trkpt>
      <trkpt lat="41.72681" lon="-74.21562">
        <ele>295.8</ele>
      </trkpt>
      <trkpt lat="41.72683" lon="-74.21594">
        <ele>292.5</ele>
      </trkpt>
      <trkpt lat="41.72689" lon="-74.21615">
        <ele>290.4</ele>
      </trkpt>
      <trkpt lat="41.72693" lon="-74.21626">
        <ele>290.4</ele>
      </trkpt>
      <trkpt lat="41.72704" lon="-74.21641">
        <ele>291.3</ele>
      </trkpt>
      <trkpt lat="41.72717" lon="-74.21656">
        <ele>295.0</ele>
      </trkpt>
      <trkpt lat="41.72731" lon="-74.21655">
        <ele>296.1</ele>
      </trkpt>
      <trkpt lat="41.72742" lon="-74.21651">
        <ele>296.2</ele>
      </trkpt>
      <trkpt lat="41.727849" lon="-74.21626">
        <ele>293.6</ele>
      </trkpt>
      <trkpt lat="41.72802" lon="-74.21623">
        <ele>293.9</ele>
      </trkpt>
      <trkpt lat="41.72814" lon="-74.21624">
        <ele>294.3</ele>
      </trkpt>
      <trkpt lat="41.728409" lon="-74.21632">
        <ele>295.5</ele>
      </trkpt>
      <trkpt lat="41.7286" lon="-74.21643">
        <ele>296.7</ele>
      </trkpt>
      <trkpt lat="41.72885" lon="-74.2166">
        <ele>298.9</ele>
      </trkpt>
      <trkpt lat="41.72902" lon="-74.21664">
        <ele>300.0</ele>
      </trkpt>
      <trkpt lat="41.72933" lon="-74.21662">
        <ele>301.1</ele>
      </trkpt>
      <trkpt lat="41.7307" lon="-74.216309">
        <ele>301.0</ele>
      </trkpt>
      <trkpt lat="41.73096" lon="-74.21632">
        <ele>299.5</ele>
      </trkpt>
      <trkpt lat="41.73121" lon="-74.21637">
        <ele>298.3</ele>
      </trkpt>
      <trkpt lat="41.73143" lon="-74.21638">
        <ele>297.9</ele>
      </trkpt>
      <trkpt lat="41.7316" lon="-74.21645">
        <ele>298.0</ele>
      </trkpt>
      <trkpt lat="41.73174" lon="-74.21661">
        <ele>299.0</ele>
      </trkpt>
      <trkpt lat="41.73196" lon="-74.21695">
        <ele>301.1</ele>
      </trkpt>
      <trkpt lat="41.73212" lon="-74.21702">
        <ele>301.7</ele>
      </trkpt>
      <trkpt lat="41.732529" lon="-74.217339">
        <ele>304.2</ele>
      </trkpt>
      <trkpt lat="41.73262" lon="-74.21748">
        <ele>305.4</ele>
      </trkpt>
      <trkpt lat="41.7327" lon="-74.21775">
        <ele>308.3</ele>
      </trkpt>
      <trkpt lat="41.7327" lon="-74.21795">
        <ele>309.8</ele>
      </trkpt>
      <trkpt lat="41.73265" lon="-74.21816">
        <ele>311.3</ele>
      </trkpt>
      <trkpt lat="41.73249" lon="-74.21832">
        <ele>311.3</ele>
      </trkpt>
      <trkpt lat="41.7324" lon="-74.21844">
        <ele>311.3</ele>
      </trkpt>
      <trkpt lat="41.73236" lon="-74.21923">
        <ele>319.4</ele>
      </trkpt>
      <trkpt lat="41.73229" lon="-74.21939">
        <ele>323.3</ele>
      </trkpt>
      <trkpt lat="41.73211" lon="-74.21954">
        <ele>325.5</ele>
      </trkpt>
      <trkpt lat="41.73191" lon="-74.21968">
        <ele>326.6</ele>
      </trkpt>
      <trkpt lat="41.73172" lon="-74.21969">
        <ele>325.4</ele>
      </trkpt>
      <trkpt lat="41.73144" lon="-74.219759">
        <ele>325.6</ele>
      </trkpt>
      <trkpt lat="41.73114" lon="-74.21987">
        <ele>326.6</ele>
      </trkpt>
      <trkpt lat="41.73091" lon="-74.21989">
        <ele>326.8</ele>
      </trkpt>
      <trkpt lat="41.73075" lon="-74.22">
        <ele>327.6</ele>
      </trkpt>
      <trkpt lat="41.73077" lon="-74.22018">
        <ele>328.4</ele>
      </trkpt>
      <trkpt lat="41.7309" lon="-74.2203">
        <ele>330.2</ele>
      </trkpt>
      <trkpt lat="41.73105" lon="-74.22029">
        <ele>331.3</ele>
      </trkpt>
      <trkpt lat="41.731229" lon="-74.22021">
        <ele>331.1</ele>
      </trkpt>
      <trkpt lat="41.73134" lon="-74.22023">
        <ele>332.3</ele>
      </trkpt>
      <trkpt lat="41.73148" lon="-74.2202">
        <ele>332.6</ele>
      </trkpt>
      <trkpt lat="41.73168" lon="-74.22011">
        <ele>332.1</ele>
      </trkpt>
      <trkpt lat="41.731879" lon="-74.21997">
        <ele>331.0</ele>
      </trkpt>
      <trkpt lat="41.73209" lon="-74.21991">
        <ele>331.6</ele>
      </trkpt>
      <trkpt lat="41.73227" lon="-74.21982">
        <ele>332.0</ele>
      </trkpt>
      <trkpt lat="41.7324" lon="-74.21968">
        <ele>331.8</ele>
      </trkpt>
      <trkpt lat="41.73256" lon="-74.21957">
        <ele>332.5</ele>
      </trkpt>
      <trkpt lat="41.73303" lon="-74.2191">
        <ele>330.6</ele>
      </trkpt>
      <trkpt lat="41.73313" lon="-74.21897">
        <ele>329.2</ele>
      </trkpt>
      <trkpt lat="41.73333" lon="-74.218909">
        <ele>331.0</ele>
      </trkpt>
      <trkpt lat="41.73356" lon="-74.2189">
        <ele>335.5</ele>
      </trkpt>
      <trkpt lat="41.73369" lon="-74.21894">
        <ele>339.0</ele>
      </trkpt>
      <trkpt lat="41.73395" lon="-74.21909">
        <ele>342.4</ele>
      </trkpt>
      <trkpt lat="41.73413" lon="-74.21912">
        <ele>342.7</ele>
      </trkpt>
      <trkpt lat="41.73433" lon="-74.21911">
        <ele>343.1</ele>
      </trkpt>
      <trkpt lat="41.73467" lon="-74.21906">
        <ele>345.8</ele>
      </trkpt>
      <trkpt lat="41.73512" lon="-74.21884">
        <ele>344.9</ele>
      </trkpt>
      <trkpt lat="41.73532" lon="-74.2189">
        <ele>345.4</ele>
      </trkpt>
      <trkpt lat="41.73546" lon="-74.2189">
        <ele>345.2</ele>
      </trkpt>
      <trkpt lat="41.735639" lon="-74.21894">
        <ele>345.4</ele>
      </trkpt>
      <trkpt lat="41.73584" lon="-74.21905">
        <ele>345.7</ele>
      </trkpt>
      <trkpt lat="41.73593" lon="-74.21919">
        <ele>346.3</ele>
      </trkpt>
      <trkpt lat="41.73602" lon="-74.21942">
        <ele>347.2</ele>
      </trkpt>
      <trkpt lat="41.73605" lon="-74.21965">
        <ele>348.1</ele>
      </trkpt>
      <trkpt lat="41.73597" lon="-74.21995">
        <ele>349.5</ele>
      </trkpt>
      <trkpt lat="41.73588" lon="-74.22021">
        <ele>350.8</ele>
      </trkpt>
      <trkpt lat="41.73586" lon="-74.22054">
        <ele>351.8</ele>
      </trkpt>
      <trkpt lat="41.73589" lon="-74.22077">
        <ele>352.3</ele>
      </trkpt>
      <trkpt lat="41.73628" lon="-74.22149">
        <ele>355.1</ele>
      </trkpt>
      <trkpt lat="41.73633" lon="-74.22165">
        <ele>355.5</ele>
      </trkpt>
      <trkpt lat="41.73641" lon="-74.222">
        <ele>356.2</ele>
      </trkpt>
      <trkpt lat="41.73643" lon="-74.22224">
        <ele>356.7</ele>
      </trkpt>
      <trkpt lat="41.73649" lon="-74.22246">
        <ele>357.0</ele>
      </trkpt>
      <trkpt lat="41.73652" lon="-74.22286">
        <ele>358.0</ele>
      </trkpt>
      <trkpt lat="41.73647" lon="-74.22306">
        <ele>359.0</ele>
      </trkpt>
      <trkpt lat="41.73648" lon="-74.22323">
        <ele>361.2</ele>
      </trkpt>
      <trkpt lat="41.73656" lon="-74.2233">
        <ele>362.4</ele>
      </trkpt>
      <trkpt lat="41.73662" lon="-74.22333">
        <ele>362.6</ele>
      </trkpt>
      <trkpt lat="41.73667" lon="-74.22335">
        <ele>362.6</ele>
      </trkpt>
      <trkpt lat="41.73682" lon="-74.22346">
        <ele>364.8</ele>
      </trkpt>
      <trkpt lat="41.73695" lon="-74.22351">
        <ele>363.5</ele>
      </trkpt>
      <trkpt lat="41.73707" lon="-74.22352">
        <ele>361.3</ele>
      </trkpt>
      <trkpt lat="41.73715" lon="-74.2236">
        <ele>361.9</ele>
      </trkpt>
      <trkpt lat="41.73719" lon="-74.22373">
        <ele>363.6</ele>
      </trkpt>
      <trkpt lat="41.73718" lon="-74.22388">
        <ele>366.4</ele>
      </trkpt>
      <trkpt lat="41.73716" lon="-74.22402">
        <ele>368.2</ele>
      </trkpt>
      <trkpt lat="41.73728" lon="-74.22484">
        <ele>366.2</ele>
      </trkpt>
      <trkpt lat="41.73742" lon="-74.22515">
        <ele>365.5</ele>
      </trkpt>
      <trkpt lat="41.7375" lon="-74.22529">
        <ele>364.6</ele>
      </trkpt>
      <trkpt lat="41.73756" lon="-74.22551">
        <ele>364.5</ele>
      </trkpt>
      <trkpt lat="41.73756" lon="-74.22567">
        <ele>366.0</ele>
      </trkpt>
      <trkpt lat="41.7376" lon="-74.2259">
        <ele>366.7</ele>
      </trkpt>
      <trkpt lat="41.73768" lon="-74.22626">
        <ele>371.2</ele>
      </trkpt>
      <trkpt lat="41.73774" lon="-74.22658">
        <ele>375.4</ele>
      </trkpt>
      <trkpt lat="41.73776" lon="-74.22685">
        <ele>375.5</ele>
      </trkpt>
      <trkpt lat="41.73783" lon="-74.22708">
        <ele>373.5</ele>
      </trkpt>
      <trkpt lat="41.73783" lon="-74.22746">
        <ele>373.2</ele>
      </trkpt>
      <trkpt lat="41.7378" lon="-74.22775">
        <ele>374.2</ele>
      </trkpt>
      <trkpt lat="41.73786" lon="-74.22816">
        <ele>373.3</ele>
      </trkpt>
      <trkpt lat="41.73787" lon="-74.22836">
        <ele>373.3</ele>
      </trkpt>
      <trkpt lat="41.73797" lon="-74.22889">
        <ele>370.9</ele>
      </trkpt>
      <trkpt lat="41.73797" lon="-74.22951">
        <ele>373.6</ele>
      </trkpt>
      <trkpt lat="41.73791" lon="-74.22971">
        <ele>376.5</ele>
      </trkpt>
      <trkpt lat="41.73781" lon="-74.23035">
        <ele>378.7</ele>
      </trkpt>
      <trkpt lat="41.73792" lon="-74.23099">
        <ele>376.4</ele>
      </trkpt>
      <trkpt lat="41.73795" lon="-74.23133">
        <ele>377.3</ele>
      </trkpt>
      <trkpt lat="41.73796" lon="-74.23163">
        <ele>379.6</ele>
      </trkpt>
      <trkpt lat="41.73793" lon="-74.23198">
        <ele>381.6</ele>
      </trkpt>
      <trkpt lat="41.7379" lon="-74.23221">
        <ele>381.6</ele>
      </trkpt>
      <trkpt lat="41.73786" lon="-74.23233">
        <ele>381.7</ele>
      </trkpt>
      <trkpt lat="41.73781" lon="-74.23243">
        <ele>381.8</ele>
      </trkpt>
      <trkpt lat="41.73772" lon="-74.23261">
        <ele>381.8</ele>
      </trkpt>
      <trkpt lat="41.73769" lon="-74.23273">
        <ele>381.5</ele>
      </trkpt>
      <trkpt lat="41.73759" lon="-74.23282">
        <ele>381.6</ele>
      </trkpt>
      <trkpt lat="41.73747" lon="-74.23292">
        <ele>381.6</ele>
      </trkpt>
      <trkpt lat="41.73735" lon="-74.23296">
        <ele>381.8</ele>
      </trkpt>
      <trkpt lat="41.73723" lon="-74.23298">
        <ele>382.1</ele>
      </trkpt>
      <trkpt lat="41.73716" lon="-74.23301">
        <ele>382.0</ele>
      </trkpt>
      <trkpt lat="41.73699" lon="-74.23304">
        <ele>382.0</ele>
      </trkpt>
      <trkpt lat="41.73687" lon="-74.233">
        <ele>383.0</ele>
      </trkpt>
      <trkpt lat="41.73676" lon="-74.23291">
        <ele>384.9</ele>
      </trkpt>
      <trkpt lat="41.73664" lon="-74.23285">
        <ele>386.1</ele>
      </trkpt>
      <trkpt lat="41.73653" lon="-74.23289">
        <ele>385.5</ele>
      </trkpt>
      <trkpt lat="41.73637" lon="-74.23289">
        <ele>386.1</ele>
      </trkpt>
      <trkpt lat="41.73629" lon="-74.23292">
        <ele>385.9</ele>
      </trkpt>
      <trkpt lat="41.73606" lon="-74.23294">
        <ele>387.4</ele>
      </trkpt>
      <trkpt lat="41.736" lon="-74.23301">
        <ele>386.3</ele>
      </trkpt>
      <trkpt lat="41.73589" lon="-74.23307">
        <ele>386.4</ele>
      </trkpt>
      <trkpt lat="41.73582" lon="-74.23317">
        <ele>384.7</ele>
      </trkpt>
      <trkpt lat="41.73575" lon="-74.2333">
        <ele>382.5</ele>
      </trkpt>
      <trkpt lat="41.73561" lon="-74.23347">
        <ele>381.4</ele>
      </trkpt>
      <trkpt lat="41.73553" lon="-74.23364">
        <ele>380.0</ele>
      </trkpt>
      <trkpt lat="41.73545" lon="-74.23375">
        <ele>380.0</ele>
      </trkpt>
      <trkpt lat="41.73537" lon="-74.23388">
        <ele>380.1</ele>
      </trkpt>
      <trkpt lat="41.73517" lon="-74.23409">
        <ele>384.2</ele>
      </trkpt>
      <trkpt lat="41.7351" lon="-74.23418">
        <ele>385.6</ele>
      </trkpt>
      <trkpt lat="41.73504" lon="-74.23428">
        <ele>386.2</ele>
      </trkpt>
      <trkpt lat="41.735" lon="-74.23438">
        <ele>386.1</ele>
      </trkpt>
      <trkpt lat="41.73493" lon="-74.23446">
        <ele>386.6</ele>
      </trkpt>
      <trkpt lat="41.73488" lon="-74.23453">
        <ele>387.0</ele>
      </trkpt>
      <trkpt lat="41.73486" lon="-74.23463">
        <ele>386.6</ele>
      </trkpt>
      <trkpt lat="41.73472" lon="-74.23494">
        <ele>386.9</ele>
      </trkpt>
      <trkpt lat="41.7345" lon="-74.23526">
        <ele>389.3</ele>
      </trkpt>
      <trkpt lat="41.73435" lon="-74.23559">
        <ele>392.3</ele>
      </trkpt>
      <trkpt lat="41.73428" lon="-74.23607">
        <ele>392.1</ele>
      </trkpt>
      <trkpt lat="41.7343" lon="-74.23636">
        <ele>392.2</ele>
      </trkpt>
      <trkpt lat="41.7342" lon="-74.23683">
        <ele>392.8</ele>
      </trkpt>
      <trkpt lat="41.73408" lon="-74.23703">
        <ele>395.9</ele>
      </trkpt>
      <trkpt lat="41.73402" lon="-74.23704">
        <ele>397.7</ele>
      </trkpt>
      <trkpt lat="41.73398" lon="-74.23704">
        <ele>398.9</ele>
      </trkpt>
      <trkpt lat="41.73401" lon="-74.23688">
        <ele>395.7</ele>
      </trkpt>
      <trkpt lat="41.73401" lon="-74.23675">
        <ele>395.1</ele>
      </trkpt>
      <trkpt lat="41.73401" lon="-74.23652">
        <ele>395.3</ele>
      </trkpt>
      <trkpt lat="41.73396" lon="-74.23632">
        <ele>398.4</ele>
      </trkpt>
      <trkpt lat="41.734" lon="-74.23624">
        <ele>397.4</ele>
      </trkpt>
      <trkpt lat="41.73401" lon="-74.23614">
        <ele>398.0</ele>
      </trkpt>
      <trkpt lat="41.73398" lon="-74.2361">
        <ele>399.5</ele>
      </trkpt>
      <trkpt lat="41.73392" lon="-74.23605">
        <ele>402.3</ele>
      </trkpt>
      <trkpt lat="41.73382" lon="-74.23607">
        <ele>405.6</ele>
      </trkpt>
      <trkpt lat="41.73373" lon="-74.23614">
        <ele>407.9</ele>
      </trkpt>
      <trkpt lat="41.73362" lon="-74.23628">
        <ele>411.1</ele>
      </trkpt>
      <trkpt lat="41.73356" lon="-74.2363">
        <ele>413.6</ele>
      </trkpt>
      <trkpt lat="41.73354" lon="-74.23634">
        <ele>414.2</ele>
      </trkpt>
      <trkpt lat="41.7336" lon="-74.23643">
        <ele>410.9</ele>
      </trkpt>
      <trkpt lat="41.73358" lon="-74.23652">
        <ele>411.3</ele>
      </trkpt>
      <trkpt lat="41.73358" lon="-74.23682">
        <ele>411.4</ele>
      </trkpt>
      <trkpt lat="41.73361" lon="-74.23699">
        <ele>410.4</ele>
      </trkpt>
      <trkpt lat="41.7336" lon="-74.23717">
        <ele>411.8</ele>
      </trkpt>
      <trkpt lat="41.73366" lon="-74.23734">
        <ele>409.6</ele>
      </trkpt>
      <trkpt lat="41.73375" lon="-74.23743">
        <ele>407.9</ele>
      </trkpt>
      <trkpt lat="41.73396" lon="-74.2374">
        <ele>406.6</ele>
      </trkpt>
      <trkpt lat="41.73403" lon="-74.23737">
        <ele>405.9</ele>
      </trkpt>
      <trkpt lat="41.7342" lon="-74.23736">
        <ele>405.1</ele>
      </trkpt>
      <trkpt lat="41.73429" lon="-74.23746">
        <ele>407.3</ele>
      </trkpt>
      <trkpt lat="41.73431" lon="-74.23752">
        <ele>408.8</ele>
      </trkpt>
      <trkpt lat="41.73428" lon="-74.23775">
        <ele>415.2</ele>
      </trkpt>
      <trkpt lat="41.73423" lon="-74.23798">
        <ele>416.7</ele>
      </trkpt>
      <trkpt lat="41.73423" lon="-74.23813">
        <ele>417.4</ele>
      </trkpt>
      <trkpt lat="41.73421" lon="-74.2382">
        <ele>418.0</ele>
      </trkpt>
      <trkpt lat="41.73421" lon="-74.23844">
        <ele>418.3</ele>
      </trkpt>
      <trkpt lat="41.73416" lon="-74.23855">
        <ele>418.6</ele>
      </trkpt>
      <trkpt lat="41.73415" lon="-74.23863">
        <ele>418.5</ele>
      </trkpt>
      <trkpt lat="41.73413" lon="-74.23863">
        <ele>418.7</ele>
      </trkpt>
      <trkpt lat="41.73406" lon="-74.23867">
        <ele>419.2</ele>
      </trkpt>
      <trkpt lat="41.73407" lon="-74.23852">
        <ele>419.6</ele>
      </trkpt>
      <trkpt lat="41.73408" lon="-74.23845">
        <ele>419.7</ele>
      </trkpt>
      <trkpt lat="41.73407" lon="-74.23832">
        <ele>419.9</ele>
      </trkpt>
      <trkpt lat="41.73402" lon="-74.23812">
        <ele>421.1</ele>
      </trkpt>
      <trkpt lat="41.734" lon="-74.23798">
        <ele>421.5</ele>
      </trkpt>
      <trkpt lat="41.73397" lon="-74.23788">
        <ele>421.2</ele>
      </trkpt>
      <trkpt lat="41.73392" lon="-74.23783">
        <ele>421.0</ele>
      </trkpt>
      <trkpt lat="41.73371" lon="-74.23775">
        <ele>422.4</ele>
      </trkpt>
      <trkpt lat="41.73355" lon="-74.23784">
        <ele>425.9</ele>
      </trkpt>
      <trkpt lat="41.73342" lon="-74.23786">
        <ele>425.9</ele>
      </trkpt>
      <trkpt lat="41.73333" lon="-74.2379">
        <ele>426.8</ele>
      </trkpt>
      <trkpt lat="41.7332" lon="-74.23791">
        <ele>429.0</ele>
      </trkpt>
      <trkpt lat="41.73313" lon="-74.23789">
        <ele>430.5</ele>
      </trkpt>
      <trkpt lat="41.73309" lon="-74.2378">
        <ele>431.0</ele>
      </trkpt>
      <trkpt lat="41.73309" lon="-74.23769">
        <ele>431.2</ele>
      </trkpt>
      <trkpt lat="41.73313" lon="-74.23759">
        <ele>430.7</ele>
      </trkpt>
      <trkpt lat="41.73319" lon="-74.23744">
        <ele>429.7</ele>
      </trkpt>
      <trkpt lat="41.73321" lon="-74.23724">
        <ele>430.3</ele>
      </trkpt>
      <trkpt lat="41.7332" lon="-74.23704">
        <ele>431.3</ele>
      </trkpt>
      <trkpt lat="41.73313" lon="-74.23687">
        <ele>433.4</ele>
      </trkpt>
      <trkpt lat="41.73312" lon="-74.23666">
        <ele>433.3</ele>
      </trkpt>
      <trkpt lat="41.73304" lon="-74.23646">
        <ele>434.1</ele>
      </trkpt>
      <trkpt lat="41.73293" lon="-74.2363">
        <ele>437.3</ele>
      </trkpt>
      <trkpt lat="41.73288" lon="-74.23618">
        <ele>439.2</ele>
      </trkpt>
      <trkpt lat="41.73278" lon="-74.23614">
        <ele>444.0</ele>
      </trkpt>
      <trkpt lat="41.73273" lon="-74.23616">
        <ele>446.9</ele>
      </trkpt>
      <trkpt lat="41.73268" lon="-74.23625">
        <ele>448.4</ele>
      </trkpt>
      <trkpt lat="41.73269" lon="-74.23638">
        <ele>446.7</ele>
      </trkpt>
      <trkpt lat="41.73265" lon="-74.2365">
        <ele>447.2</ele>
      </trkpt>
      <trkpt lat="41.73261" lon="-74.23655">
        <ele>448.0</ele>
      </trkpt>
      <trkpt lat="41.73255" lon="-74.2368">
        <ele>447.8</ele>
      </trkpt>
      <trkpt lat="41.73248" lon="-74.23688">
        <ele>448.6</ele>
      </trkpt>
      <trkpt lat="41.73244" lon="-74.23695">
        <ele>448.9</ele>
      </trkpt>
      <trkpt lat="41.73238" lon="-74.23697">
        <ele>449.8</ele>
      </trkpt>
      <trkpt lat="41.73236" lon="-74.23695">
        <ele>450.2</ele>
      </trkpt>
      <trkpt lat="41.73236" lon="-74.23693">
        <ele>450.4</ele>
      </trkpt>
      <trkpt lat="41.73231" lon="-74.23692">
        <ele>451.4</ele>
      </trkpt>
      <trkpt lat="41.73221" lon="-74.23697">
        <ele>454.2</ele>
      </trkpt>
      <trkpt lat="41.73214" lon="-74.23695">
        <ele>456.7</ele>
      </trkpt>
      <trkpt lat="41.73203" lon="-74.23694">
        <ele>459.2</ele>
      </trkpt>
      <trkpt lat="41.73176" lon="-74.23702">
        <ele>464.0</ele>
      </trkpt>
      <trkpt lat="41.73173" lon="-74.23705">
        <ele>464.2</ele>
      </trkpt>
      <trkpt lat="41.7317" lon="-74.23709">
        <ele>464.2</ele>
      </trkpt>
      <trkpt lat="41.73163" lon="-74.23717">
        <ele>464.1</ele>
      </trkpt>
      <trkpt lat="41.73161" lon="-74.23724">
        <ele>463.2</ele>
      </trkpt>
      <trkpt lat="41.73159" lon="-74.23728">
        <ele>462.7</ele>
      </trkpt>
      <trkpt lat="41.73153" lon="-74.23733">
        <ele>462.9</ele>
      </trkpt>
      <trkpt lat="41.73148" lon="-74.23733">
        <ele>463.6</ele>
      </trkpt>
      <trkpt lat="41.73125" lon="-74.2375">
        <ele>466.9</ele>
      </trkpt>
      <trkpt lat="41.73108" lon="-74.23769">
        <ele>469.4</ele>
      </trkpt>
      <trkpt lat="41.73092" lon="-74.23805">
        <ele>471.6</ele>
      </trkpt>
      <trkpt lat="41.7308" lon="-74.23822">
        <ele>474.2</ele>
      </trkpt>
      <trkpt lat="41.73068" lon="-74.23842">
        <ele>476.1</ele>
      </trkpt>
      <trkpt lat="41.73054" lon="-74.23864">
        <ele>477.4</ele>
      </trkpt>
      <trkpt lat="41.73052" lon="-74.23865">
        <ele>477.8</ele>
      </trkpt>
      <trkpt lat="41.73048" lon="-74.2386">
        <ele>479.6</ele>
      </trkpt>
      <trkpt lat="41.73047" lon="-74.23857">
        <ele>480.2</ele>
      </trkpt>
      <trkpt lat="41.73048" lon="-74.23847">
        <ele>480.8</ele>
      </trkpt>
      <trkpt lat="41.73051" lon="-74.23838">
        <ele>480.7</ele>
      </trkpt>
      <trkpt lat="41.73051" lon="-74.23833">
        <ele>481.1</ele>
      </trkpt>
      <trkpt lat="41.73049" lon="-74.23827">
        <ele>481.9</ele>
      </trkpt>
      <trkpt lat="41.73048" lon="-74.238">
        <ele>483.7</ele>
      </trkpt>
      <trkpt lat="41.73044" lon="-74.23794">
        <ele>484.7</ele>
      </trkpt>
      <trkpt lat="41.73038" lon="-74.23795">
        <ele>485.9</ele>
      </trkpt>
      <trkpt lat="41.73033" lon="-74.238">
        <ele>486.9</ele>
      </trkpt>
      <trkpt lat="41.73026" lon="-74.23812">
        <ele>487.8</ele>
      </trkpt>
      <trkpt lat="41.73001" lon="-74.23854">
        <ele>490.8</ele>
      </trkpt>
      <trkpt lat="41.72977" lon="-74.23887">
        <ele>492.7</ele>
      </trkpt>
      <trkpt lat="41.72965" lon="-74.23898">
        <ele>491.6</ele>
      </trkpt>
      <trkpt lat="41.72958" lon="-74.23903">
        <ele>491.0</ele>
      </trkpt>
      <trkpt lat="41.7293" lon="-74.23902">
        <ele>491.1</ele>
      </trkpt>
      <trkpt lat="41.72925" lon="-74.239">
        <ele>491.3</ele>
      </trkpt>
      <trkpt lat="41.72922" lon="-74.23892">
        <ele>492.6</ele>
      </trkpt>
      <trkpt lat="41.7292" lon="-74.23881">
        <ele>495.7</ele>
      </trkpt>
      <trkpt lat="41.72927" lon="-74.23872">
        <ele>499.1</ele>
      </trkpt>
      <trkpt lat="41.72935" lon="-74.23868">
        <ele>499.9</ele>
      </trkpt>
      <trkpt lat="41.72937" lon="-74.23858">
        <ele>501.2</ele>
      </trkpt>
      <trkpt lat="41.7294" lon="-74.23845">
        <ele>501.9</ele>
      </trkpt>
      <trkpt lat="41.72939" lon="-74.23834">
        <ele>502.7</ele>
      </trkpt>
      <trkpt lat="41.72937" lon="-74.2383">
        <ele>503.1</ele>
      </trkpt>
      <trkpt lat="41.72933" lon="-74.23828">
        <ele>503.4</ele>
      </trkpt>
      <trkpt lat="41.72905" lon="-74.23845">
        <ele>503.5</ele>
      </trkpt>
      <trkpt lat="41.72887" lon="-74.2385">
        <ele>504.3</ele>
      </trkpt>
      <trkpt lat="41.72866" lon="-74.23858">
        <ele>504.7</ele>
      </trkpt>
      <trkpt lat="41.72846" lon="-74.23861">
        <ele>505.0</ele>
      </trkpt>
      <trkpt lat="41.72831" lon="-74.23861">
        <ele>504.7</ele>
      </trkpt>
      <trkpt lat="41.72821" lon="-74.23855">
        <ele>505.9</ele>
      </trkpt>
      <trkpt lat="41.72815" lon="-74.23846">
        <ele>508.4</ele>
      </trkpt>
      <trkpt lat="41.72796" lon="-74.23804">
        <ele>514.6</ele>
      </trkpt>
      <trkpt lat="41.72795" lon="-74.23796">
        <ele>515.2</ele>
      </trkpt>
      <trkpt lat="41.72795" lon="-74.23788">
        <ele>515.5</ele>
      </trkpt>
      <trkpt lat="41.72802" lon="-74.23768">
        <ele>515.9</ele>
      </trkpt>
      <trkpt lat="41.72807" lon="-74.23751">
        <ele>514.9</ele>
      </trkpt>
      <trkpt lat="41.7281" lon="-74.23745">
        <ele>515.2</ele>
      </trkpt>
      <trkpt lat="41.7281" lon="-74.23741">
        <ele>515.0</ele>
      </trkpt>
      <trkpt lat="41.72807" lon="-74.2373">
        <ele>513.7</ele>
      </trkpt>
      <trkpt lat="41.72803" lon="-74.23735">
        <ele>512.8</ele>
      </trkpt>
      <trkpt lat="41.72801" lon="-74.23743">
        <ele>512.9</ele>
      </trkpt>
      <trkpt lat="41.72779" lon="-74.23778">
        <ele>509.5</ele>
      </trkpt>
      <trkpt lat="41.72775" lon="-74.23787">
        <ele>508.0</ele>
      </trkpt>
      <trkpt lat="41.72765" lon="-74.23816">
        <ele>501.9</ele>
      </trkpt>
      <trkpt lat="41.7276" lon="-74.23822">
        <ele>499.9</ele>
      </trkpt>
      <trkpt lat="41.72754" lon="-74.23825">
        <ele>499.0</ele>
      </trkpt>
      <trkpt lat="41.72745" lon="-74.23826">
        <ele>498.8</ele>
      </trkpt>
      <trkpt lat="41.72722" lon="-74.23804">
        <ele>501.3</ele>
      </trkpt>
      <trkpt lat="41.72714" lon="-74.2379">
        <ele>502.7</ele>
      </trkpt>
      <trkpt lat="41.72701" lon="-74.23775">
        <ele>504.7</ele>
      </trkpt>
      <trkpt lat="41.72687" lon="-74.23769">
        <ele>506.9</ele>
      </trkpt>
      <trkpt lat="41.72677" lon="-74.2376">
        <ele>508.1</ele>
      </trkpt>
      <trkpt lat="41.72673" lon="-74.2375">
        <ele>508.0</ele>
      </trkpt>
      <trkpt lat="41.72667" lon="-74.23744">
        <ele>508.2</ele>
      </trkpt>
      <trkpt lat="41.72662" lon="-74.23742">
        <ele>508.5</ele>
      </trkpt>
      <trkpt lat="41.72658" lon="-74.23745">
        <ele>509.6</ele>
      </trkpt>
      <trkpt lat="41.72655" lon="-74.23753">
        <ele>511.4</ele>
      </trkpt>
      <trkpt lat="41.72665" lon="-74.2383">
        <ele>517.9</ele>
      </trkpt>
      <trkpt lat="41.72671" lon="-74.23854">
        <ele>517.3</ele>
      </trkpt>
      <trkpt lat="41.7267" lon="-74.23863">
        <ele>517.8</ele>
      </trkpt>
      <trkpt lat="41.72666" lon="-74.2387">
        <ele>519.1</ele>
      </trkpt>
      <trkpt lat="41.72656" lon="-74.23874">
        <ele>521.9</ele>
      </trkpt>
      <trkpt lat="41.7265" lon="-74.23874">
        <ele>523.3</ele>
      </trkpt>
      <trkpt lat="41.72645" lon="-74.23869">
        <ele>523.8</ele>
      </trkpt>
      <trkpt lat="41.72641" lon="-74.23857">
        <ele>523.9</ele>
      </trkpt>
      <trkpt lat="41.72637" lon="-74.23835">
        <ele>522.9</ele>
      </trkpt>
      <trkpt lat="41.72636" lon="-74.23822">
        <ele>522.2</ele>
      </trkpt>
      <trkpt lat="41.72632" lon="-74.23802">
        <ele>521.1</ele>
      </trkpt>
      <trkpt lat="41.72623" lon="-74.23783">
        <ele>520.3</ele>
      </trkpt>
      <trkpt lat="41.72615" lon="-74.23776">
        <ele>521.1</ele>
      </trkpt>
      <trkpt lat="41.72602" lon="-74.23772">
        <ele>523.0</ele>
      </trkpt>
      <trkpt lat="41.7259" lon="-74.23769">
        <ele>524.3</ele>
      </trkpt>
      <trkpt lat="41.72578" lon="-74.2377">
        <ele>525.8</ele>
      </trkpt>
      <trkpt lat="41.72578" lon="-74.2377">
        <ele>525.8</ele>
      </trkpt>
      <trkpt lat="41.72569" lon="-74.23771">
        <ele>526.9</ele>
      </trkpt>
      <trkpt lat="41.72555" lon="-74.23763">
        <ele>527.7</ele>
      </trkpt>
      <trkpt lat="41.72548" lon="-74.23762">
        <ele>528.5</ele>
      </trkpt>
      <trkpt lat="41.72542" lon="-74.23764">
        <ele>529.4</ele>
      </trkpt>
      <trkpt lat="41.72542" lon="-74.23768">
        <ele>530.1</ele>
      </trkpt>
      <trkpt lat="41.72543" lon="-74.23772">
        <ele>530.4</ele>
      </trkpt>
      <trkpt lat="41.72551" lon="-74.23787">
        <ele>530.4</ele>
      </trkpt>
      <trkpt lat="41.72551" lon="-74.23799">
        <ele>531.3</ele>
      </trkpt>
      <trkpt lat="41.72549" lon="-74.23801">
        <ele>531.5</ele>
      </trkpt>
      <trkpt lat="41.72518" lon="-74.238">
        <ele>534.8</ele>
      </trkpt>
      <trkpt lat="41.72509" lon="-74.23797">
        <ele>535.7</ele>
      </trkpt>
      <trkpt lat="41.725" lon="-74.23792">
        <ele>535.8</ele>
      </trkpt>
      <trkpt lat="41.72493" lon="-74.2379">
        <ele>535.7</ele>
      </trkpt>
      <trkpt lat="41.72487" lon="-74.23793">
        <ele>536.4</ele>
      </trkpt>
      <trkpt lat="41.72457" lon="-74.23816">
        <ele>541.8</ele>
      </trkpt>
      <trkpt lat="41.72451" lon="-74.23829">
        <ele>543.2</ele>
      </trkpt>
      <trkpt lat="41.72451" lon="-74.23842">
        <ele>543.6</ele>
      </trkpt>
      <trkpt lat="41.72447" lon="-74.23861">
        <ele>544.1</ele>
      </trkpt>
      <trkpt lat="41.72438" lon="-74.23879">
        <ele>544.8</ele>
      </trkpt>
      <trkpt lat="41.72425" lon="-74.23891">
        <ele>545.7</ele>
      </trkpt>
      <trkpt lat="41.72389" lon="-74.23912">
        <ele>546.6</ele>
      </trkpt>
      <trkpt lat="41.72375" lon="-74.23916">
        <ele>546.9</ele>
      </trkpt>
      <trkpt lat="41.72336" lon="-74.23923">
        <ele>548.5</ele>
      </trkpt>
      <trkpt lat="41.72328" lon="-74.23928">
        <ele>548.8</ele>
      </trkpt>
      <trkpt lat="41.72317" lon="-74.23957">
        <ele>548.7</ele>
      </trkpt>
      <trkpt lat="41.72307" lon="-74.23975">
        <ele>549.1</ele>
      </trkpt>
      <trkpt lat="41.72302" lon="-74.23981">
        <ele>549.4</ele>
      </trkpt>
      <trkpt lat="41.72298" lon="-74.23985">
        <ele>549.7</ele>
      </trkpt>
      <trkpt lat="41.72291" lon="-74.23986">
        <ele>550.5</ele>
      </trkpt>
      <trkpt lat="41.72283" lon="-74.23983">
        <ele>551.7</ele>
      </trkpt>
      <trkpt lat="41.72274" lon="-74.23976">
        <ele>553.1</ele>
      </trkpt>
      <trkpt lat="41.72267" lon="-74.23975">
        <ele>554.0</ele>
      </trkpt>
      <trkpt lat="41.72262" lon="-74.23977">
        <ele>554.5</ele>
      </trkpt>
      <trkpt lat="41.72254" lon="-74.23987">
        <ele>554.9</ele>
      </trkpt>
      <trkpt lat="41.72246" lon="-74.23998">
        <ele>555.3</ele>
      </trkpt>
      <trkpt lat="41.72238" lon="-74.24001">
        <ele>555.7</ele>
      </trkpt>
      <trkpt lat="41.72233" lon="-74.24001">
        <ele>556.0</ele>
      </trkpt>
      <trkpt lat="41.72228" lon="-74.23999">
        <ele>556.3</ele>
      </trkpt>
      <trkpt lat="41.72215" lon="-74.2399">
        <ele>557.1</ele>
      </trkpt>
      <trkpt lat="41.72205" lon="-74.23987">
        <ele>557.7</ele>
      </trkpt>
      <trkpt lat="41.72187" lon="-74.2399">
        <ele>558.7</ele>
      </trkpt>
      <trkpt lat="41.72162" lon="-74.23996">
        <ele>560.1</ele>
      </trkpt>
      <trkpt lat="41.72147" lon="-74.23994">
        <ele>561.0</ele>
      </trkpt>
      <trkpt lat="41.72137" lon="-74.23997">
        <ele>561.3</ele>
      </trkpt>
      <trkpt lat="41.72118" lon="-74.24018">
        <ele>561.8</ele>
      </trkpt>
      <trkpt lat="41.7211" lon="-74.24032">
        <ele>561.8</ele>
      </trkpt>
      <trkpt lat="41.72103" lon="-74.24051">
        <ele>562.0</ele>
      </trkpt>
      <trkpt lat="41.72096" lon="-74.24063">
        <ele>562.3</ele>
      </trkpt>
      <trkpt lat="41.72086" lon="-74.24072">
        <ele>562.6</ele>
      </trkpt>
      <trkpt lat="41.72075" lon="-74.24072">
        <ele>563.1</ele>
      </trkpt>
      <trkpt lat="41.7206" lon="-74.24065">
        <ele>563.8</ele>
      </trkpt>
      <trkpt lat="41.72057" lon="-74.24066">
        <ele>564.0</ele>
      </trkpt>
      <trkpt lat="41.72043" lon="-74.24062">
        <ele>564.6</ele>
      </trkpt>
      <trkpt lat="41.72028" lon="-74.24052">
        <ele>565.2</ele>
      </trkpt>
      <trkpt lat="41.72021" lon="-74.24045">
        <ele>565.7</ele>
      </trkpt>
      <trkpt lat="41.72015" lon="-74.24042">
        <ele>565.9</ele>
      </trkpt>
      <trkpt lat="41.71993" lon="-74.24047">
        <ele>565.4</ele>
      </trkpt>
      <trkpt lat="41.71989" lon="-74.24045">
        <ele>565.3</ele>
      </trkpt>
      <trkpt lat="41.71984" lon="-74.24045">
        <ele>564.8</ele>
      </trkpt>
      <trkpt lat="41.71978" lon="-74.24043">
        <ele>564.4</ele>
      </trkpt>
      <trkpt lat="41.71962" lon="-74.24045">
        <ele>563.4</ele>
      </trkpt>
      <trkpt lat="41.71953" lon="-74.24051">
        <ele>563.1</ele>
      </trkpt>
      <trkpt lat="41.7195" lon="-74.24063">
        <ele>563.3</ele>
      </trkpt>
      <trkpt lat="41.71951" lon="-74.2407">
        <ele>563.5</ele>
      </trkpt>
      <trkpt lat="41.71948" lon="-74.2408">
        <ele>563.7</ele>
      </trkpt>
      <trkpt lat="41.71945" lon="-74.24085">
        <ele>563.8</ele>
      </trkpt>
      <trkpt lat="41.71936" lon="-74.24094">
        <ele>563.9</ele>
      </trkpt>
      <trkpt lat="41.71927" lon="-74.241">
        <ele>563.9</ele>
      </trkpt>
      <trkpt lat="41.7191" lon="-74.24115">
        <ele>564.4</ele>
      </trkpt>
      <trkpt lat="41.71901" lon="-74.2412">
        <ele>564.7</ele>
      </trkpt>
      <trkpt lat="41.71886" lon="-74.2412">
        <ele>564.8</ele>
      </trkpt>
      <trkpt lat="41.7187" lon="-74.24116">
        <ele>564.8</ele>
      </trkpt>
      <trkpt lat="41.71859" lon="-74.24108">
        <ele>564.5</ele>
      </trkpt>
      <trkpt lat="41.7184" lon="-74.24091">
        <ele>563.6</ele>
      </trkpt>
      <trkpt lat="41.71831" lon="-74.24089">
        <ele>563.4</ele>
      </trkpt>
      <trkpt lat="41.71813" lon="-74.24091">
        <ele>564.1</ele>
      </trkpt>
      <trkpt lat="41.71795" lon="-74.24079">
        <ele>561.3</ele>
      </trkpt>
      <trkpt lat="41.71779" lon="-74.24076">
        <ele>559.8</ele>
      </trkpt>
      <trkpt lat="41.71761" lon="-74.2408">
        <ele>559.5</ele>
      </trkpt>
      <trkpt lat="41.7175" lon="-74.24084">
        <ele>559.2</ele>
      </trkpt>
      <trkpt lat="41.71738" lon="-74.24091">
        <ele>559.1</ele>
      </trkpt>
      <trkpt lat="41.71729" lon="-74.24104">
        <ele>560.7</ele>
      </trkpt>
      <trkpt lat="41.71724" lon="-74.24108">
        <ele>560.8</ele>
      </trkpt>
      <trkpt lat="41.71698" lon="-74.24119">
        <ele>558.2</ele>
      </trkpt>
      <trkpt lat="41.71682" lon="-74.24132">
        <ele>557.7</ele>
      </trkpt>
      <trkpt lat="41.7164" lon="-74.24174">
        <ele>555.9</ele>
      </trkpt>
      <trkpt lat="41.71631" lon="-74.24186">
        <ele>555.8</ele>
      </trkpt>
      <trkpt lat="41.71623" lon="-74.242">
        <ele>556.3</ele>
      </trkpt>
      <trkpt lat="41.71606" lon="-74.24214">
        <ele>554.3</ele>
      </trkpt>
      <trkpt lat="41.71598" lon="-74.2422">
        <ele>553.4</ele>
      </trkpt>
      <trkpt lat="41.71587" lon="-74.24238">
        <ele>553.5</ele>
      </trkpt>
      <trkpt lat="41.71581" lon="-74.24255">
        <ele>554.7</ele>
      </trkpt>
      <trkpt lat="41.71574" lon="-74.24289">
        <ele>558.9</ele>
      </trkpt>
      <trkpt lat="41.71562" lon="-74.24319">
        <ele>561.1</ele>
      </trkpt>
      <trkpt lat="41.71552" lon="-74.24342">
        <ele>560.5</ele>
      </trkpt>
      <trkpt lat="41.71539" lon="-74.24364">
        <ele>561.8</ele>
      </trkpt>
      <trkpt lat="41.71534" lon="-74.24376">
        <ele>561.2</ele>
      </trkpt>
      <trkpt lat="41.71529" lon="-74.244">
        <ele>563.9</ele>
      </trkpt>
      <trkpt lat="41.71523" lon="-74.24418">
        <ele>564.7</ele>
      </trkpt>
      <trkpt lat="41.71512" lon="-74.2445">
        <ele>568.7</ele>
      </trkpt>
      <trkpt lat="41.71509" lon="-74.24455">
        <ele>569.1</ele>
      </trkpt>
      <trkpt lat="41.71497" lon="-74.24466">
        <ele>565.9</ele>
      </trkpt>
      <trkpt lat="41.71486" lon="-74.24481">
        <ele>564.1</ele>
      </trkpt>
      <trkpt lat="41.71478" lon="-74.24496">
        <ele>565.4</ele>
      </trkpt>
      <trkpt lat="41.71474" lon="-74.24504">
        <ele>566.4</ele>
      </trkpt>
      <trkpt lat="41.71463" lon="-74.24539">
        <ele>571.4</ele>
      </trkpt>
      <trkpt lat="41.71464" lon="-74.24551">
        <ele>573.6</ele>
      </trkpt>
      <trkpt lat="41.71461" lon="-74.24575">
        <ele>575.8</ele>
      </trkpt>
      <trkpt lat="41.71458" lon="-74.24585">
        <ele>576.4</ele>
      </trkpt>
      <trkpt lat="41.71419" lon="-74.2464">
        <ele>576.6</ele>
      </trkpt>
      <trkpt lat="41.71402" lon="-74.24655">
        <ele>576.5</ele>
      </trkpt>
      <trkpt lat="41.71386" lon="-74.24681">
        <ele>576.3</ele>
      </trkpt>
      <trkpt lat="41.71379" lon="-74.24686">
        <ele>574.4</ele>
      </trkpt>
      <trkpt lat="41.71375" lon="-74.24693">
        <ele>574.5</ele>
      </trkpt>
      <trkpt lat="41.71373" lon="-74.24702">
        <ele>576.5</ele>
      </trkpt>
      <trkpt lat="41.71372" lon="-74.24731">
        <ele>580.1</ele>
      </trkpt>
      <trkpt lat="41.7137" lon="-74.24747">
        <ele>580.2</ele>
      </trkpt>
      <trkpt lat="41.7137" lon="-74.24762">
        <ele>580.6</ele>
      </trkpt>
      <trkpt lat="41.71375" lon="-74.24798">
        <ele>582.1</ele>
      </trkpt>
      <trkpt lat="41.71375" lon="-74.24806">
        <ele>582.4</ele>
      </trkpt>
      <trkpt lat="41.71374" lon="-74.24818">
        <ele>582.9</ele>
      </trkpt>
      <trkpt lat="41.71369" lon="-74.2483">
        <ele>583.5</ele>
      </trkpt>
      <trkpt lat="41.7133" lon="-74.2487">
        <ele>584.6</ele>
      </trkpt>
      <trkpt lat="41.71315" lon="-74.24879">
        <ele>583.7</ele>
      </trkpt>
      <trkpt lat="41.71308" lon="-74.24887">
        <ele>583.8</ele>
      </trkpt>
      <trkpt lat="41.71304" lon="-74.24892">
        <ele>583.9</ele>
      </trkpt>
      <trkpt lat="41.71304" lon="-74.249">
        <ele>585.0</ele>
      </trkpt>
      <trkpt lat="41.71313" lon="-74.24915">
        <ele>590.3</ele>
      </trkpt>
      <trkpt lat="41.71314" lon="-74.24919">
        <ele>591.3</ele>
      </trkpt>
      <trkpt lat="41.71314" lon="-74.24922">
        <ele>591.9</ele>
      </trkpt>
      <trkpt lat="41.71313" lon="-74.24926">
        <ele>592.3</ele>
      </trkpt>
      <trkpt lat="41.71307" lon="-74.24933">
        <ele>592.1</ele>
      </trkpt>
      <trkpt lat="41.71293" lon="-74.24941">
        <ele>589.8</ele>
      </trkpt>
      <trkpt lat="41.71285" lon="-74.24946">
        <ele>589.0</ele>
      </trkpt>
      <trkpt lat="41.71271" lon="-74.2496">
        <ele>588.7</ele>
      </trkpt>
      <trkpt lat="41.71266" lon="-74.24962">
        <ele>588.4</ele>
      </trkpt>
      <trkpt lat="41.71252" lon="-74.24964">
        <ele>587.0</ele>
      </trkpt>
      <trkpt lat="41.71242" lon="-74.24969">
        <ele>586.4</ele>
      </trkpt>
      <trkpt lat="41.71234" lon="-74.24977">
        <ele>586.2</ele>
      </trkpt>
      <trkpt lat="41.71229" lon="-74.24988">
        <ele>587.2</ele>
      </trkpt>
      <trkpt lat="41.71225" lon="-74.25009">
        <ele>590.2</ele>
      </trkpt>
      <trkpt lat="41.7122" lon="-74.25018">
        <ele>591.2</ele>
      </trkpt>
      <trkpt lat="41.71205" lon="-74.25033">
        <ele>592.0</ele>
      </trkpt>
      <trkpt lat="41.711799" lon="-74.25068">
        <ele>593.3</ele>
      </trkpt>
      <trkpt lat="41.71173" lon="-74.2508">
        <ele>593.5</ele>
      </trkpt>
      <trkpt lat="41.71166" lon="-74.25104">
        <ele>596.1</ele>
      </trkpt>
      <trkpt lat="41.7116" lon="-74.25111">
        <ele>595.6</ele>
      </trkpt>
      <trkpt lat="41.71126" lon="-74.25131">
        <ele>588.5</ele>
      </trkpt>
      <trkpt lat="41.71122" lon="-74.25135">
        <ele>588.1</ele>
      </trkpt>
      <trkpt lat="41.71118" lon="-74.25146">
        <ele>589.1</ele>
      </trkpt>
      <trkpt lat="41.71113" lon="-74.25171">
        <ele>594.0</ele>
      </trkpt>
      <trkpt lat="41.71113" lon="-74.2518">
        <ele>596.3</ele>
      </trkpt>
      <trkpt lat="41.71116" lon="-74.251949">
        <ele>599.0</ele>
      </trkpt>
      <trkpt lat="41.71121" lon="-74.25201">
        <ele>600.2</ele>
      </trkpt>
      <trkpt lat="41.71127" lon="-74.25201">
        <ele>600.9</ele>
      </trkpt>
      <trkpt lat="41.7113" lon="-74.25196">
        <ele>600.9</ele>
      </trkpt>
      <trkpt lat="41.71138" lon="-74.251769">
        <ele>600.2</ele>
      </trkpt>
      <trkpt lat="41.71146" lon="-74.25167">
        <ele>600.2</ele>
      </trkpt>
      <trkpt lat="41.71156" lon="-74.25164">
        <ele>601.1</ele>
      </trkpt>
      <trkpt lat="41.71163" lon="-74.25166">
        <ele>601.9</ele>
      </trkpt>
      <trkpt lat="41.71166" lon="-74.2517">
        <ele>602.6</ele>
      </trkpt>
      <trkpt lat="41.71166" lon="-74.25174">
        <ele>602.9</ele>
      </trkpt>
      <trkpt lat="41.71162" lon="-74.25182">
        <ele>603.1</ele>
      </trkpt>
      <trkpt lat="41.71145" lon="-74.25197">
        <ele>602.8</ele>
      </trkpt>
      <trkpt lat="41.71134" lon="-74.25211">
        <ele>602.7</ele>
      </trkpt>
      <trkpt lat="41.71131" lon="-74.2523">
        <ele>603.8</ele>
      </trkpt>
      <trkpt lat="41.7113" lon="-74.25244">
        <ele>604.2</ele>
      </trkpt>
      <trkpt lat="41.71134" lon="-74.25269">
        <ele>604.8</ele>
      </trkpt>
      <trkpt lat="41.71134" lon="-74.25279">
        <ele>604.8</ele>
      </trkpt>
      <trkpt lat="41.71129" lon="-74.25286">
        <ele>604.6</ele>
      </trkpt>
      <trkpt lat="41.71114" lon="-74.25297">
        <ele>603.8</ele>
      </trkpt>
      <trkpt lat="41.711039" lon="-74.25316">
        <ele>604.1</ele>
      </trkpt>
      <trkpt lat="41.71098" lon="-74.253469">
        <ele>604.6</ele>
      </trkpt>
      <trkpt lat="41.71093" lon="-74.25388">
        <ele>605.6</ele>
      </trkpt>
      <trkpt lat="41.71076" lon="-74.25417">
        <ele>605.7</ele>
      </trkpt>
      <trkpt lat="41.71071" lon="-74.25432">
        <ele>606.5</ele>
      </trkpt>
      <trkpt lat="41.71067" lon="-74.25438">
        <ele>606.7</ele>
      </trkpt>
      <trkpt lat="41.71046" lon="-74.25448">
        <ele>607.0</ele>
      </trkpt>
      <trkpt lat="41.70987" lon="-74.25473">
        <ele>609.7</ele>
      </trkpt>
      <trkpt lat="41.70975" lon="-74.254859">
        <ele>610.2</ele>
      </trkpt>
      <trkpt lat="41.70958" lon="-74.25492">
        <ele>610.2</ele>
      </trkpt>
      <trkpt lat="41.70955" lon="-74.254949">
        <ele>610.2</ele>
      </trkpt>
      <trkpt lat="41.70949" lon="-74.25514">
        <ele>610.5</ele>
      </trkpt>
      <trkpt lat="41.70941" lon="-74.25521">
        <ele>610.0</ele>
      </trkpt>
      <trkpt lat="41.70925" lon="-74.25522">
        <ele>608.2</ele>
      </trkpt>
      <trkpt lat="41.708979" lon="-74.25538">
        <ele>605.8</ele>
      </trkpt>
      <trkpt lat="41.70892" lon="-74.25539">
        <ele>605.0</ele>
      </trkpt>
      <trkpt lat="41.70869" lon="-74.25535">
        <ele>602.7</ele>
      </trkpt>
      <trkpt lat="41.70844" lon="-74.25538">
        <ele>603.8</ele>
      </trkpt>
      <trkpt lat="41.70831" lon="-74.25545">
        <ele>604.8</ele>
      </trkpt>
      <trkpt lat="41.70814" lon="-74.25563">
        <ele>607.3</ele>
      </trkpt>
      <trkpt lat="41.70784" lon="-74.25579">
        <ele>606.6</ele>
      </trkpt>
      <trkpt lat="41.70759" lon="-74.25602">
        <ele>606.8</ele>
      </trkpt>
      <trkpt lat="41.70754" lon="-74.2561">
        <ele>606.9</ele>
      </trkpt>
      <trkpt lat="41.70753" lon="-74.25618">
        <ele>607.6</ele>
      </trkpt>
      <trkpt lat="41.707569" lon="-74.25633">
        <ele>609.6</ele>
      </trkpt>
      <trkpt lat="41.707569" lon="-74.25639">
        <ele>610.0</ele>
      </trkpt>
      <trkpt lat="41.70753" lon="-74.25643">
        <ele>609.6</ele>
      </trkpt>
      <trkpt lat="41.707479" lon="-74.25646">
        <ele>608.8</ele>
      </trkpt>
      <trkpt lat="41.70728" lon="-74.25646">
        <ele>604.8</ele>
      </trkpt>
      <trkpt lat="41.70714" lon="-74.25649">
        <ele>604.1</ele>
      </trkpt>
      <trkpt lat="41.70699" lon="-74.25667">
        <ele>607.8</ele>
      </trkpt>
      <trkpt lat="41.70689" lon="-74.25672">
        <ele>607.6</ele>
      </trkpt>
      <trkpt lat="41.70679" lon="-74.25685">
        <ele>608.6</ele>
      </trkpt>
      <trkpt lat="41.70651" lon="-74.25704">
        <ele>608.1</ele>
      </trkpt>
      <trkpt lat="41.7063" lon="-74.25727">
        <ele>609.0</ele>
      </trkpt>
      <trkpt lat="41.70623" lon="-74.25738">
        <ele>609.8</ele>
      </trkpt>
      <trkpt lat="41.70613" lon="-74.25771">
        <ele>613.8</ele>
      </trkpt>
      <trkpt lat="41.70603" lon="-74.25788">
        <ele>614.6</ele>
      </trkpt>
      <trkpt lat="41.70595" lon="-74.2581">
        <ele>615.8</ele>
      </trkpt>
      <trkpt lat="41.70593" lon="-74.25817">
        <ele>616.2</ele>
      </trkpt>
      <trkpt lat="41.70594" lon="-74.2583">
        <ele>617.4</ele>
      </trkpt>
      <trkpt lat="41.706" lon="-74.258439">
        <ele>619.2</ele>
      </trkpt>
      <trkpt lat="41.706069" lon="-74.25855">
        <ele>620.7</ele>
      </trkpt>
      <trkpt lat="41.70621" lon="-74.25864">
        <ele>622.4</ele>
      </trkpt>
      <trkpt lat="41.70623" lon="-74.25867">
        <ele>622.6</ele>
      </trkpt>
      <trkpt lat="41.70622" lon="-74.25873">
        <ele>622.4</ele>
      </trkpt>
      <trkpt lat="41.70619" lon="-74.25877">
        <ele>621.9</ele>
      </trkpt>
      <trkpt lat="41.70562" lon="-74.25896">
        <ele>618.6</ele>
      </trkpt>
      <trkpt lat="41.70526" lon="-74.25914">
        <ele>620.6</ele>
      </trkpt>
      <trkpt lat="41.70516" lon="-74.25928">
        <ele>621.6</ele>
      </trkpt>
      <trkpt lat="41.70511" lon="-74.259379">
        <ele>622.0</ele>
      </trkpt>
      <trkpt lat="41.70498" lon="-74.25954">
        <ele>620.6</ele>
      </trkpt>
      <trkpt lat="41.70497" lon="-74.25959">
        <ele>620.9</ele>
      </trkpt>
      <trkpt lat="41.705" lon="-74.25967">
        <ele>622.1</ele>
      </trkpt>
      <trkpt lat="41.705039" lon="-74.2597">
        <ele>622.6</ele>
      </trkpt>
      <trkpt lat="41.70527" lon="-74.25982">
        <ele>625.8</ele>
      </trkpt>
      <trkpt lat="41.705329" lon="-74.25988">
        <ele>626.6</ele>
      </trkpt>
      <trkpt lat="41.70535" lon="-74.25995">
        <ele>626.7</ele>
      </trkpt>
      <trkpt lat="41.70534" lon="-74.26005">
        <ele>626.2</ele>
      </trkpt>
      <trkpt lat="41.70527" lon="-74.26013">
        <ele>625.3</ele>
      </trkpt>
      <trkpt lat="41.70514" lon="-74.26018">
        <ele>622.3</ele>
      </trkpt>
      <trkpt lat="41.70506" lon="-74.26025">
        <ele>620.6</ele>
      </trkpt>
      <trkpt lat="41.70505" lon="-74.26039">
        <ele>622.6</ele>
      </trkpt>
      <trkpt lat="41.70515" lon="-74.26088">
        <ele>627.2</ele>
      </trkpt>
      <trkpt lat="41.705129" lon="-74.26108">
        <ele>627.1</ele>
      </trkpt>
      <trkpt lat="41.7051" lon="-74.26124">
        <ele>627.8</ele>
      </trkpt>
      <trkpt lat="41.704949" lon="-74.26143">
        <ele>627.8</ele>
      </trkpt>
      <trkpt lat="41.704859" lon="-74.2615">
        <ele>626.9</ele>
      </trkpt>
      <trkpt lat="41.70477" lon="-74.2617">
        <ele>630.6</ele>
      </trkpt>
      <trkpt lat="41.70469" lon="-74.26181">
        <ele>629.7</ele>
      </trkpt>
      <trkpt lat="41.70468" lon="-74.261889">
        <ele>629.8</ele>
      </trkpt>
      <trkpt lat="41.70474" lon="-74.26197">
        <ele>632.4</ele>
      </trkpt>
      <trkpt lat="41.70481" lon="-74.26202">
        <ele>633.6</ele>
      </trkpt>
      <trkpt lat="41.70484" lon="-74.26207">
        <ele>633.8</ele>
      </trkpt>
      <trkpt lat="41.70484" lon="-74.26216">
        <ele>633.6</ele>
      </trkpt>
      <trkpt lat="41.70464" lon="-74.26286">
        <ele>633.3</ele>
      </trkpt>
      <trkpt lat="41.70463" lon="-74.26302">
        <ele>633.5</ele>
      </trkpt>
      <trkpt lat="41.70465" lon="-74.26306">
        <ele>633.6</ele>
      </trkpt>
      <trkpt lat="41.70468" lon="-74.26309">
        <ele>633.6</ele>
      </trkpt>
      <trkpt lat="41.70476" lon="-74.26309">
        <ele>633.9</ele>
      </trkpt>
      <trkpt lat="41.70496" lon="-74.26302">
        <ele>635.0</ele>
      </trkpt>
      <trkpt lat="41.70502" lon="-74.26303">
        <ele>635.3</ele>
      </trkpt>
      <trkpt lat="41.7051" lon="-74.26308">
        <ele>635.9</ele>
      </trkpt>
      <trkpt lat="41.70518" lon="-74.26321">
        <ele>636.9</ele>
      </trkpt>
      <trkpt lat="41.70523" lon="-74.26338">
        <ele>637.9</ele>
      </trkpt>
      <trkpt lat="41.70525" lon="-74.26351">
        <ele>638.5</ele>
      </trkpt>
      <trkpt lat="41.70524" lon="-74.26362">
        <ele>638.7</ele>
      </trkpt>
      <trkpt lat="41.70512" lon="-74.26382">
        <ele>639.1</ele>
      </trkpt>
      <trkpt lat="41.70498" lon="-74.26432">
        <ele>640.2</ele>
      </trkpt>
      <trkpt lat="41.70492" lon="-74.264349">
        <ele>639.6</ele>
      </trkpt>
      <trkpt lat="41.70473" lon="-74.2643">
        <ele>635.5</ele>
      </trkpt>
      <trkpt lat="41.70468" lon="-74.26431">
        <ele>634.2</ele>
      </trkpt>
      <trkpt lat="41.70467" lon="-74.264349">
        <ele>634.3</ele>
      </trkpt>
      <trkpt lat="41.70469" lon="-74.26492">
        <ele>640.6</ele>
      </trkpt>
      <trkpt lat="41.70467" lon="-74.26505">
        <ele>641.8</ele>
      </trkpt>
      <trkpt lat="41.70455" lon="-74.26526">
        <ele>642.6</ele>
      </trkpt>
      <trkpt lat="41.70454" lon="-74.26536">
        <ele>643.2</ele>
      </trkpt>
      <trkpt lat="41.70456" lon="-74.265649">
        <ele>644.8</ele>
      </trkpt>
      <trkpt lat="41.70454" lon="-74.26588">
        <ele>644.8</ele>
      </trkpt>
      <trkpt lat="41.70454" lon="-74.26599">
        <ele>645.0</ele>
      </trkpt>
      <trkpt lat="41.70455" lon="-74.26609">
        <ele>645.2</ele>
      </trkpt>
      <trkpt lat="41.70456" lon="-74.26616">
        <ele>645.5</ele>
      </trkpt>
      <trkpt lat="41.70456" lon="-74.26626">
        <ele>645.8</ele>
      </trkpt>
      <trkpt lat="41.70454" lon="-74.26647">
        <ele>646.1</ele>
      </trkpt>
      <trkpt lat="41.70448" lon="-74.2668">
        <ele>645.6</ele>
      </trkpt>
      <trkpt lat="41.70438" lon="-74.26705">
        <ele>644.9</ele>
      </trkpt>
      <trkpt lat="41.70421" lon="-74.26747">
        <ele>648.7</ele>
      </trkpt>
      <trkpt lat="41.70411" lon="-74.26759">
        <ele>649.9</ele>
      </trkpt>
      <trkpt lat="41.70382" lon="-74.26784">
        <ele>648.0</ele>
      </trkpt>
      <trkpt lat="41.70374" lon="-74.26791">
        <ele>647.0</ele>
      </trkpt>
      <trkpt lat="41.70371" lon="-74.26799">
        <ele>648.0</ele>
      </trkpt>
      <trkpt lat="41.70371" lon="-74.26806">
        <ele>649.6</ele>
      </trkpt>
      <trkpt lat="41.70381" lon="-74.26868">
        <ele>651.8</ele>
      </trkpt>
      <trkpt lat="41.70381" lon="-74.26872">
        <ele>651.8</ele>
      </trkpt>
      <trkpt lat="41.7038" lon="-74.26877">
        <ele>651.8</ele>
      </trkpt>
      <trkpt lat="41.70369" lon="-74.26886">
        <ele>650.3</ele>
      </trkpt>
      <trkpt lat="41.70368" lon="-74.26891">
        <ele>650.3</ele>
      </trkpt>
      <trkpt lat="41.70367" lon="-74.26896">
        <ele>650.2</ele>
      </trkpt>
      <trkpt lat="41.70369" lon="-74.26902">
        <ele>651.2</ele>
      </trkpt>
      <trkpt lat="41.70388" lon="-74.26916">
        <ele>653.5</ele>
      </trkpt>
      <trkpt lat="41.70393" lon="-74.26921">
        <ele>653.9</ele>
      </trkpt>
      <trkpt lat="41.70393" lon="-74.26934">
        <ele>653.9</ele>
      </trkpt>
      <trkpt lat="41.70387" lon="-74.26951">
        <ele>652.4</ele>
      </trkpt>
      <trkpt lat="41.70383" lon="-74.26971">
        <ele>654.7</ele>
      </trkpt>
      <trkpt lat="41.70377" lon="-74.26983">
        <ele>654.5</ele>
      </trkpt>
      <trkpt lat="41.70376" lon="-74.26991">
        <ele>655.0</ele>
      </trkpt>
      <trkpt lat="41.70377" lon="-74.27">
        <ele>655.6</ele>
      </trkpt>
      <trkpt lat="41.7038" lon="-74.2701">
        <ele>656.2</ele>
      </trkpt>
      <trkpt lat="41.7038" lon="-74.27017">
        <ele>654.9</ele>
      </trkpt>
      <trkpt lat="41.70376" lon="-74.27023">
        <ele>651.5</ele>
      </trkpt>
      <trkpt lat="41.70371" lon="-74.27027">
        <ele>647.8</ele>
      </trkpt>
      <trkpt lat="41.70357" lon="-74.27031">
        <ele>643.7</ele>
      </trkpt>
      <trkpt lat="41.70344" lon="-74.27036">
        <ele>642.5</ele>
      </trkpt>
      <trkpt lat="41.7034" lon="-74.27041">
        <ele>644.1</ele>
      </trkpt>
      <trkpt lat="41.70339" lon="-74.27046">
        <ele>646.7</ele>
      </trkpt>
      <trkpt lat="41.7034" lon="-74.27056">
        <ele>649.7</ele>
      </trkpt>
      <trkpt lat="41.7035" lon="-74.27072">
        <ele>654.8</ele>
      </trkpt>
      <trkpt lat="41.70355" lon="-74.27082">
        <ele>656.1</ele>
      </trkpt>
      <trkpt lat="41.70355" lon="-74.27091">
        <ele>654.1</ele>
      </trkpt>
      <trkpt lat="41.70352" lon="-74.27101">
        <ele>650.8</ele>
      </trkpt>
      <trkpt lat="41.70343" lon="-74.27112">
        <ele>650.2</ele>
      </trkpt>
      <trkpt lat="41.70329" lon="-74.27126">
        <ele>651.4</ele>
      </trkpt>
      <trkpt lat="41.70328" lon="-74.27129">
        <ele>652.0</ele>
      </trkpt>
      <trkpt lat="41.70326" lon="-74.27145">
        <ele>655.4</ele>
      </trkpt>
      <trkpt lat="41.70321" lon="-74.27153">
        <ele>655.4</ele>
      </trkpt>
      <trkpt lat="41.70311" lon="-74.27162">
        <ele>652.5</ele>
      </trkpt>
      <trkpt lat="41.70309" lon="-74.27166">
        <ele>652.0</ele>
      </trkpt>
      <trkpt lat="41.70307" lon="-74.27175">
        <ele>652.6</ele>
      </trkpt>
      <trkpt lat="41.70308" lon="-74.27183">
        <ele>655.6</ele>
      </trkpt>
      <trkpt lat="41.70311" lon="-74.27187">
        <ele>658.8</ele>
      </trkpt>
      <trkpt lat="41.70326" lon="-74.27191">
        <ele>664.4</ele>
      </trkpt>
      <trkpt lat="41.70337" lon="-74.27197">
        <ele>664.8</ele>
      </trkpt>
      <trkpt lat="41.70341" lon="-74.27202">
        <ele>664.9</ele>
      </trkpt>
      <trkpt lat="41.70347" lon="-74.27224">
        <ele>665.5</ele>
      </trkpt>
      <trkpt lat="41.70357" lon="-74.27246">
        <ele>665.3</ele>
      </trkpt>
      <trkpt lat="41.7036" lon="-74.27256">
        <ele>665.3</ele>
      </trkpt>
      <trkpt lat="41.70359" lon="-74.27261">
        <ele>665.2</ele>
      </trkpt>
      <trkpt lat="41.70358" lon="-74.27265">
        <ele>665.3</ele>
      </trkpt>
      <trkpt lat="41.70351" lon="-74.27275">
        <ele>665.4</ele>
      </trkpt>
      <trkpt lat="41.70334" lon="-74.27295">
        <ele>665.5</ele>
      </trkpt>
      <trkpt lat="41.70314" lon="-74.27314">
        <ele>664.2</ele>
      </trkpt>
      <trkpt lat="41.70311" lon="-74.27315">
        <ele>663.7</ele>
      </trkpt>
      <trkpt lat="41.70291" lon="-74.27314">
        <ele>654.6</ele>
      </trkpt>
      <trkpt lat="41.70284" lon="-74.27316">
        <ele>650.4</ele>
      </trkpt>
      <trkpt lat="41.70281" lon="-74.2732">
        <ele>649.7</ele>
      </trkpt>
      <trkpt lat="41.7028" lon="-74.27326">
        <ele>651.1</ele>
      </trkpt>
      <trkpt lat="41.7028" lon="-74.27332">
        <ele>654.0</ele>
      </trkpt>
      <trkpt lat="41.70283" lon="-74.27343">
        <ele>661.6</ele>
      </trkpt>
      <trkpt lat="41.70276" lon="-74.27363">
        <ele>660.0</ele>
      </trkpt>
      <trkpt lat="41.70277" lon="-74.27368">
        <ele>660.3</ele>
      </trkpt>
      <trkpt lat="41.70279" lon="-74.27369">
        <ele>661.4</ele>
      </trkpt>
      <trkpt lat="41.70292" lon="-74.27367">
        <ele>666.5</ele>
      </trkpt>
      <trkpt lat="41.70296" lon="-74.27369">
        <ele>666.7</ele>
      </trkpt>
      <trkpt lat="41.70309" lon="-74.2737">
        <ele>666.4</ele>
      </trkpt>
      <trkpt lat="41.70318" lon="-74.27366">
        <ele>666.0</ele>
      </trkpt>
      <trkpt lat="41.7033" lon="-74.27359">
        <ele>666.2</ele>
      </trkpt>
      <trkpt lat="41.70336" lon="-74.27358">
        <ele>666.1</ele>
      </trkpt>
      <trkpt lat="41.70338" lon="-74.2736">
        <ele>666.0</ele>
      </trkpt>
      <trkpt lat="41.70342" lon="-74.27366">
        <ele>665.8</ele>
      </trkpt>
      <trkpt lat="41.7035" lon="-74.27373">
        <ele>665.7</ele>
      </trkpt>
      <trkpt lat="41.70363" lon="-74.27375">
        <ele>665.8</ele>
      </trkpt>
      <trkpt lat="41.70364" lon="-74.27379">
        <ele>665.9</ele>
      </trkpt>
      <trkpt lat="41.70362" lon="-74.27383">
        <ele>666.0</ele>
      </trkpt>
      <trkpt lat="41.70351" lon="-74.27394">
        <ele>665.9</ele>
      </trkpt>
      <trkpt lat="41.70351" lon="-74.27401">
        <ele>665.7</ele>
      </trkpt>
      <trkpt lat="41.70357" lon="-74.2741">
        <ele>664.3</ele>
      </trkpt>
      <trkpt lat="41.70364" lon="-74.27413">
        <ele>663.0</ele>
      </trkpt>
      <trkpt lat="41.7037" lon="-74.27412">
        <ele>663.0</ele>
      </trkpt>
      <trkpt lat="41.70377" lon="-74.27404">
        <ele>665.2</ele>
      </trkpt>
      <trkpt lat="41.7038" lon="-74.27402">
        <ele>665.5</ele>
      </trkpt>
      <trkpt lat="41.70385" lon="-74.27403">
        <ele>665.1</ele>
      </trkpt>
      <trkpt lat="41.70388" lon="-74.27406">
        <ele>664.7</ele>
      </trkpt>
      <trkpt lat="41.70386" lon="-74.27422">
        <ele>659.0</ele>
      </trkpt>
      <trkpt lat="41.70387" lon="-74.27427">
        <ele>656.5</ele>
      </trkpt>
      <trkpt lat="41.7039" lon="-74.27428">
        <ele>655.7</ele>
      </trkpt>
      <trkpt lat="41.70395" lon="-74.27426">
        <ele>655.4</ele>
      </trkpt>
      <trkpt lat="41.70409" lon="-74.27408">
        <ele>657.6</ele>
      </trkpt>
      <trkpt lat="41.70415" lon="-74.27403">
        <ele>656.7</ele>
      </trkpt>
      <trkpt lat="41.70442" lon="-74.27396">
        <ele>654.0</ele>
      </trkpt>
      <trkpt lat="41.70448" lon="-74.27396">
        <ele>654.8</ele>
      </trkpt>
      <trkpt lat="41.70452" lon="-74.27398">
        <ele>655.3</ele>
      </trkpt>
      <trkpt lat="41.70453" lon="-74.274">
        <ele>655.3</ele>
      </trkpt>
      <trkpt lat="41.70452" lon="-74.27406">
        <ele>654.4</ele>
      </trkpt>
      <trkpt lat="41.70434" lon="-74.27427">
        <ele>650.7</ele>
      </trkpt>
      <trkpt lat="41.70431" lon="-74.27433">
        <ele>650.7</ele>
      </trkpt>
      <trkpt lat="41.70429" lon="-74.27438">
        <ele>650.8</ele>
      </trkpt>
      <trkpt lat="41.70427" lon="-74.2745">
        <ele>651.5</ele>
      </trkpt>
      <trkpt lat="41.70427" lon="-74.27461">
        <ele>651.9</ele>
      </trkpt>
      <trkpt lat="41.70429" lon="-74.27471">
        <ele>651.5</ele>
      </trkpt>
      <trkpt lat="41.70432" lon="-74.27474">
        <ele>651.2</ele>
      </trkpt>
      <trkpt lat="41.70437" lon="-74.27474">
        <ele>651.4</ele>
      </trkpt>
      <trkpt lat="41.70444" lon="-74.27465">
        <ele>652.2</ele>
      </trkpt>
      <trkpt lat="41.70451" lon="-74.27464">
        <ele>652.2</ele>
      </trkpt>
      <trkpt lat="41.70463" lon="-74.27467">
        <ele>651.4</ele>
      </trkpt>
      <trkpt lat="41.70496" lon="-74.27471">
        <ele>645.8</ele>
      </trkpt>
      <trkpt lat="41.705" lon="-74.27471">
        <ele>645.3</ele>
      </trkpt>
      <trkpt lat="41.70505" lon="-74.27467">
        <ele>645.4</ele>
      </trkpt>
      <trkpt lat="41.7051" lon="-74.2746">
        <ele>645.9</ele>
      </trkpt>
      <trkpt lat="41.70515" lon="-74.27449">
        <ele>646.9</ele>
      </trkpt>
      <trkpt lat="41.70519" lon="-74.27445">
        <ele>646.9</ele>
      </trkpt>
      <trkpt lat="41.70528" lon="-74.27444">
        <ele>645.9</ele>
      </trkpt>
      <trkpt lat="41.70533" lon="-74.27447">
        <ele>644.8</ele>
      </trkpt>
      <trkpt lat="41.70541" lon="-74.27449">
        <ele>642.9</ele>
      </trkpt>
      <trkpt lat="41.70545" lon="-74.27446">
        <ele>642.6</ele>
      </trkpt>
      <trkpt lat="41.70551" lon="-74.27435">
        <ele>643.2</ele>
      </trkpt>
      <trkpt lat="41.70551" lon="-74.27421">
        <ele>645.2</ele>
      </trkpt>
      <trkpt lat="41.70553" lon="-74.27409">
        <ele>646.3</ele>
      </trkpt>
      <trkpt lat="41.7056" lon="-74.27399">
        <ele>646.3</ele>
      </trkpt>
      <trkpt lat="41.70574" lon="-74.27393">
        <ele>644.7</ele>
      </trkpt>
      <trkpt lat="41.70582" lon="-74.27387">
        <ele>644.0</ele>
      </trkpt>
      <trkpt lat="41.70595" lon="-74.27369">
        <ele>644.8</ele>
      </trkpt>
      <trkpt lat="41.70602" lon="-74.27365">
        <ele>644.2</ele>
      </trkpt>
      <trkpt lat="41.70604" lon="-74.27365">
        <ele>643.8</ele>
      </trkpt>
      <trkpt lat="41.70604" lon="-74.27365">
        <ele>643.8</ele>
      </trkpt>
      <trkpt lat="41.70624" lon="-74.27363">
        <ele>640.6</ele>
      </trkpt>
      <trkpt lat="41.70633" lon="-74.2736">
        <ele>640.1</ele>
      </trkpt>
      <trkpt lat="41.70651" lon="-74.27341">
        <ele>642.6</ele>
      </trkpt>
      <trkpt lat="41.70656" lon="-74.27339">
        <ele>642.6</ele>
      </trkpt>
      <trkpt lat="41.70658" lon="-74.27341">
        <ele>642.2</ele>
      </trkpt>
      <trkpt lat="41.70659" lon="-74.27348">
        <ele>641.1</ele>
      </trkpt>
      <trkpt lat="41.70657" lon="-74.27351">
        <ele>640.6</ele>
      </trkpt>
      <trkpt lat="41.70645" lon="-74.27365">
        <ele>639.1</ele>
      </trkpt>
      <trkpt lat="41.7064" lon="-74.27386">
        <ele>638.3</ele>
      </trkpt>
      <trkpt lat="41.70625" lon="-74.27398">
        <ele>638.1</ele>
      </trkpt>
      <trkpt lat="41.70621" lon="-74.27404">
        <ele>638.0</ele>
      </trkpt>
      <trkpt lat="41.7062" lon="-74.27408">
        <ele>637.9</ele>
      </trkpt>
      <trkpt lat="41.70622" lon="-74.27419">
        <ele>637.5</ele>
      </trkpt>
      <trkpt lat="41.70636" lon="-74.27451">
        <ele>636.6</ele>
      </trkpt>
      <trkpt lat="41.70636" lon="-74.27461">
        <ele>636.5</ele>
      </trkpt>
      <trkpt lat="41.70635" lon="-74.27465">
        <ele>636.5</ele>
      </trkpt>
      <trkpt lat="41.70636" lon="-74.27468">
        <ele>636.6</ele>
      </trkpt>
      <trkpt lat="41.70633" lon="-74.27474">
        <ele>636.5</ele>
      </trkpt>
      <trkpt lat="41.70627" lon="-74.27476">
        <ele>636.1</ele>
      </trkpt>
      <trkpt lat="41.70625" lon="-74.27476">
        <ele>635.8</ele>
      </trkpt>
      <trkpt lat="41.70613" lon="-74.2746">
        <ele>634.3</ele>
      </trkpt>
      <trkpt lat="41.70605" lon="-74.27457">
        <ele>633.9</ele>
      </trkpt>
      <trkpt lat="41.70597" lon="-74.27453">
        <ele>634.1</ele>
      </trkpt>
      <trkpt lat="41.70568" lon="-74.27461">
        <ele>634.8</ele>
      </trkpt>
      <trkpt lat="41.70535" lon="-74.27479">
        <ele>637.7</ele>
      </trkpt>
      <trkpt lat="41.70488" lon="-74.27497">
        <ele>640.7</ele>
      </trkpt>
      <trkpt lat="41.7045" lon="-74.27496">
        <ele>643.1</ele>
      </trkpt>
      <trkpt lat="41.70416" lon="-74.27489">
        <ele>643.4</ele>
      </trkpt>
      <trkpt lat="41.70383" lon="-74.27477">
        <ele>638.8</ele>
      </trkpt>
      <trkpt lat="41.70346" lon="-74.2747">
        <ele>634.1</ele>
      </trkpt>
      <trkpt lat="41.70338" lon="-74.2747">
        <ele>633.5</ele>
      </trkpt>
      <trkpt lat="41.7033" lon="-74.27472">
        <ele>632.0</ele>
      </trkpt>
      <trkpt lat="41.70325" lon="-74.27479">
        <ele>629.3</ele>
      </trkpt>
      <trkpt lat="41.70325" lon="-74.27485">
        <ele>627.8</ele>
      </trkpt>
      <trkpt lat="41.70326" lon="-74.27488">
        <ele>627.3</ele>
      </trkpt>
      <trkpt lat="41.70331" lon="-74.27495">
        <ele>626.5</ele>
      </trkpt>
      <trkpt lat="41.70344" lon="-74.27506">
        <ele>625.1</ele>
      </trkpt>
      <trkpt lat="41.70353" lon="-74.27519">
        <ele>621.3</ele>
      </trkpt>
      <trkpt lat="41.70355" lon="-74.27525">
        <ele>620.7</ele>
      </trkpt>
      <trkpt lat="41.70356" lon="-74.27545">
        <ele>620.0</ele>
      </trkpt>
      <trkpt lat="41.7037" lon="-74.27604">
        <ele>617.1</ele>
      </trkpt>
      <trkpt lat="41.70373" lon="-74.27609">
        <ele>616.8</ele>
      </trkpt>
      <trkpt lat="41.70377" lon="-74.27611">
        <ele>616.8</ele>
      </trkpt>
      <trkpt lat="41.70381" lon="-74.27608">
        <ele>617.1</ele>
      </trkpt>
      <trkpt lat="41.7039" lon="-74.27599">
        <ele>617.6</ele>
      </trkpt>
      <trkpt lat="41.70396" lon="-74.27596">
        <ele>617.8</ele>
      </trkpt>
      <trkpt lat="41.70398" lon="-74.27596">
        <ele>617.8</ele>
      </trkpt>
      <trkpt lat="41.70401" lon="-74.27598">
        <ele>617.8</ele>
      </trkpt>
      <trkpt lat="41.70402" lon="-74.27602">
        <ele>617.6</ele>
      </trkpt>
      <trkpt lat="41.70401" lon="-74.27609">
        <ele>617.3</ele>
      </trkpt>
      <trkpt lat="41.70398" lon="-74.27626">
        <ele>616.8</ele>
      </trkpt>
      <trkpt lat="41.70398" lon="-74.27639">
        <ele>616.5</ele>
      </trkpt>
      <trkpt lat="41.70401" lon="-74.27643">
        <ele>616.5</ele>
      </trkpt>
      <trkpt lat="41.7042" lon="-74.27657">
        <ele>617.1</ele>
      </trkpt>
      <trkpt lat="41.70422" lon="-74.27662">
        <ele>617.1</ele>
      </trkpt>
      <trkpt lat="41.70421" lon="-74.2769">
        <ele>616.7</ele>
      </trkpt>
      <trkpt lat="41.70422" lon="-74.27754">
        <ele>614.4</ele>
      </trkpt>
      <trkpt lat="41.70425" lon="-74.27774">
        <ele>613.8</ele>
      </trkpt>
      <trkpt lat="41.70441" lon="-74.27857">
        <ele>613.4</ele>
      </trkpt>
      <trkpt lat="41.70452" lon="-74.27895">
        <ele>613.9</ele>
      </trkpt>
      <trkpt lat="41.70454" lon="-74.27904">
        <ele>613.9</ele>
      </trkpt>
      <trkpt lat="41.70456" lon="-74.27932">
        <ele>613.4</ele>
      </trkpt>
      <trkpt lat="41.70463" lon="-74.27965">
        <ele>612.7</ele>
      </trkpt>
      <trkpt lat="41.70479" lon="-74.2803">
        <ele>608.4</ele>
      </trkpt>
      <trkpt lat="41.70481" lon="-74.28044">
        <ele>608.4</ele>
      </trkpt>
      <trkpt lat="41.70477" lon="-74.28071">
        <ele>608.8</ele>
      </trkpt>
      <trkpt lat="41.70478" lon="-74.28089">
        <ele>608.4</ele>
      </trkpt>
      <trkpt lat="41.70479" lon="-74.28094">
        <ele>608.1</ele>
      </trkpt>
      <trkpt lat="41.70483" lon="-74.281">
        <ele>607.5</ele>
      </trkpt>
      <trkpt lat="41.70506" lon="-74.281">
        <ele>605.6</ele>
      </trkpt>
      <trkpt lat="41.70516" lon="-74.28114">
        <ele>604.5</ele>
      </trkpt>
      <trkpt lat="41.70539" lon="-74.28174">
        <ele>602.4</ele>
      </trkpt>
      <trkpt lat="41.70541" lon="-74.28184">
        <ele>602.1</ele>
      </trkpt>
      <trkpt lat="41.70542" lon="-74.28195">
        <ele>602.0</ele>
      </trkpt>
      <trkpt lat="41.70541" lon="-74.2822">
        <ele>601.2</ele>
      </trkpt>
      <trkpt lat="41.70541" lon="-74.2822">
        <ele>601.2</ele>
      </trkpt>
      <trkpt lat="41.7054" lon="-74.28245">
        <ele>599.9</ele>
      </trkpt>
      <trkpt lat="41.70546" lon="-74.28305">
        <ele>597.4</ele>
      </trkpt>
      <trkpt lat="41.70547" lon="-74.2831">
        <ele>597.1</ele>
      </trkpt>
      <trkpt lat="41.70551" lon="-74.28314">
        <ele>596.8</ele>
      </trkpt>
      <trkpt lat="41.70553" lon="-74.28313">
        <ele>596.8</ele>
      </trkpt>
      <trkpt lat="41.70557" lon="-74.28311">
        <ele>596.9</ele>
      </trkpt>
      <trkpt lat="41.70566" lon="-74.28297">
        <ele>598.0</ele>
      </trkpt>
      <trkpt lat="41.70569" lon="-74.28294">
        <ele>598.6</ele>
      </trkpt>
      <trkpt lat="41.70577" lon="-74.28294">
        <ele>599.6</ele>
      </trkpt>
      <trkpt lat="41.7058" lon="-74.28296">
        <ele>599.8</ele>
      </trkpt>
      <trkpt lat="41.70582" lon="-74.283">
        <ele>599.5</ele>
      </trkpt>
      <trkpt lat="41.70583" lon="-74.28304">
        <ele>599.1</ele>
      </trkpt>
      <trkpt lat="41.70584" lon="-74.28312">
        <ele>597.9</ele>
      </trkpt>
      <trkpt lat="41.70584" lon="-74.28337">
        <ele>595.1</ele>
      </trkpt>
      <trkpt lat="41.70587" lon="-74.28345">
        <ele>594.6</ele>
      </trkpt>
      <trkpt lat="41.70591" lon="-74.2835">
        <ele>594.3</ele>
      </trkpt>
      <trkpt lat="41.70594" lon="-74.2835">
        <ele>594.5</ele>
      </trkpt>
      <trkpt lat="41.70598" lon="-74.28348">
        <ele>594.8</ele>
      </trkpt>
      <trkpt lat="41.70612" lon="-74.28333">
        <ele>597.9</ele>
      </trkpt>
      <trkpt lat="41.7062" lon="-74.28331">
        <ele>599.6</ele>
      </trkpt>
      <trkpt lat="41.70626" lon="-74.28332">
        <ele>600.1</ele>
      </trkpt>
      <trkpt lat="41.70632" lon="-74.28334">
        <ele>600.2</ele>
      </trkpt>
      <trkpt lat="41.70659" lon="-74.2833">
        <ele>603.3</ele>
      </trkpt>
      <trkpt lat="41.70729" lon="-74.28329">
        <ele>605.4</ele>
      </trkpt>
      <trkpt lat="41.70804" lon="-74.28342">
        <ele>600.4</ele>
      </trkpt>
      <trkpt lat="41.70821" lon="-74.28345">
        <ele>599.5</ele>
      </trkpt>
      <trkpt lat="41.70829" lon="-74.28341">
        <ele>599.8</ele>
      </trkpt>
      <trkpt lat="41.70835" lon="-74.28333">
        <ele>600.5</ele>
      </trkpt>
      <trkpt lat="41.70843" lon="-74.28323">
        <ele>601.0</ele>
      </trkpt>
      <trkpt lat="41.70853" lon="-74.28318">
        <ele>601.1</ele>
      </trkpt>
      <trkpt lat="41.70863" lon="-74.28317">
        <ele>600.9</ele>
      </trkpt>
      <trkpt lat="41.70874" lon="-74.2832">
        <ele>600.4</ele>
      </trkpt>
      <trkpt lat="41.70887" lon="-74.28338">
        <ele>598.6</ele>
      </trkpt>
      <trkpt lat="41.70897" lon="-74.28363">
        <ele>596.3</ele>
      </trkpt>
      <trkpt lat="41.70902" lon="-74.28366">
        <ele>594.9</ele>
      </trkpt>
      <trkpt lat="41.70908" lon="-74.28356">
        <ele>595.4</ele>
      </trkpt>
      <trkpt lat="41.70914" lon="-74.28333">
        <ele>596.9</ele>
      </trkpt>
      <trkpt lat="41.70936" lon="-74.28322">
        <ele>595.1</ele>
      </trkpt>
      <trkpt lat="41.70946" lon="-74.28325">
        <ele>593.1</ele>
      </trkpt>
      <trkpt lat="41.70951" lon="-74.28342">
        <ele>590.3</ele>
      </trkpt>
      <trkpt lat="41.70954" lon="-74.28365">
        <ele>586.5</ele>
      </trkpt>
      <trkpt lat="41.7096" lon="-74.28371">
        <ele>584.5</ele>
      </trkpt>
      <trkpt lat="41.70967" lon="-74.28367">
        <ele>584.0</ele>
      </trkpt>
      <trkpt lat="41.70986" lon="-74.28334">
        <ele>586.3</ele>
      </trkpt>
      <trkpt lat="41.71004" lon="-74.28317">
        <ele>585.4</ele>
      </trkpt>
      <trkpt lat="41.71012" lon="-74.2831">
        <ele>585.0</ele>
      </trkpt>
      <trkpt lat="41.71024" lon="-74.28303">
        <ele>584.0</ele>
      </trkpt>
      <trkpt lat="41.71034" lon="-74.2829">
        <ele>583.8</ele>
      </trkpt>
      <trkpt lat="41.7105" lon="-74.28251">
        <ele>584.7</ele>
      </trkpt>
      <trkpt lat="41.71083" lon="-74.28198">
        <ele>582.1</ele>
      </trkpt>
      <trkpt lat="41.71124" lon="-74.28106">
        <ele>579.0</ele>
      </trkpt>
      <trkpt lat="41.71139" lon="-74.28118">
        <ele>577.4</ele>
      </trkpt>
      <trkpt lat="41.71162" lon="-74.2813">
        <ele>573.9</ele>
      </trkpt>
      <trkpt lat="41.71172" lon="-74.28153">
        <ele>571.7</ele>
      </trkpt>
      <trkpt lat="41.71168" lon="-74.28191">
        <ele>570.3</ele>
      </trkpt>
      <trkpt lat="41.71165" lon="-74.28242">
        <ele>570.3</ele>
      </trkpt>
      <trkpt lat="41.71168" lon="-74.28269">
        <ele>570.8</ele>
      </trkpt>
      <trkpt lat="41.71161" lon="-74.28297">
        <ele>570.9</ele>
      </trkpt>
      <trkpt lat="41.71161" lon="-74.28309">
        <ele>570.9</ele>
      </trkpt>
      <trkpt lat="41.71167" lon="-74.28322">
        <ele>571.1</ele>
      </trkpt>
      <trkpt lat="41.71177" lon="-74.28326">
        <ele>571.6</ele>
      </trkpt>
      <trkpt lat="41.71183" lon="-74.2833">
        <ele>571.8</ele>
      </trkpt>
      <trkpt lat="41.71187" lon="-74.28335">
        <ele>571.9</ele>
      </trkpt>
      <trkpt lat="41.71188" lon="-74.28355">
        <ele>572.2</ele>
      </trkpt>
      <trkpt lat="41.71166" lon="-74.28394">
        <ele>571.9</ele>
      </trkpt>
      <trkpt lat="41.71142" lon="-74.2845">
        <ele>572.0</ele>
      </trkpt>
      <trkpt lat="41.71119" lon="-74.28507">
        <ele>572.5</ele>
      </trkpt>
      <trkpt lat="41.71111" lon="-74.28545">
        <ele>573.4</ele>
      </trkpt>
      <trkpt lat="41.71081" lon="-74.28612">
        <ele>575.2</ele>
      </trkpt>
      <trkpt lat="41.7107" lon="-74.28625">
        <ele>575.8</ele>
      </trkpt>
      <trkpt lat="41.71051" lon="-74.28646">
        <ele>576.7</ele>
      </trkpt>
      <trkpt lat="41.71046" lon="-74.28676">
        <ele>579.6</ele>
      </trkpt>
      <trkpt lat="41.71045" lon="-74.28686">
        <ele>580.5</ele>
      </trkpt>
      <trkpt lat="41.7104" lon="-74.287">
        <ele>581.8</ele>
      </trkpt>
      <trkpt lat="41.71041" lon="-74.28705">
        <ele>582.4</ele>
      </trkpt>
      <trkpt lat="41.71044" lon="-74.28706">
        <ele>582.7</ele>
      </trkpt>
      <trkpt lat="41.71052" lon="-74.28704">
        <ele>582.7</ele>
      </trkpt>
      <trkpt lat="41.71058" lon="-74.28705">
        <ele>582.8</ele>
      </trkpt>
      <trkpt lat="41.71069" lon="-74.28715">
        <ele>582.1</ele>
      </trkpt>
      <trkpt lat="41.71073" lon="-74.28727">
        <ele>581.5</ele>
      </trkpt>
      <trkpt lat="41.71073" lon="-74.28734">
        <ele>581.7</ele>
      </trkpt>
      <trkpt lat="41.71066" lon="-74.28752">
        <ele>583.4</ele>
      </trkpt>
      <trkpt lat="41.71058" lon="-74.28781">
        <ele>584.1</ele>
      </trkpt>
      <trkpt lat="41.71048" lon="-74.28812">
        <ele>583.6</ele>
      </trkpt>
      <trkpt lat="41.71049" lon="-74.28845">
        <ele>581.8</ele>
      </trkpt>
      <trkpt lat="41.71046" lon="-74.28866">
        <ele>581.1</ele>
      </trkpt>
      <trkpt lat="41.7104" lon="-74.2889">
        <ele>580.3</ele>
      </trkpt>
      <trkpt lat="41.71038" lon="-74.28904">
        <ele>579.5</ele>
      </trkpt>
      <trkpt lat="41.71039" lon="-74.28916">
        <ele>578.5</ele>
      </trkpt>
      <trkpt lat="41.71043" lon="-74.28926">
        <ele>577.8</ele>
      </trkpt>
      <trkpt lat="41.71051" lon="-74.28937">
        <ele>577.8</ele>
      </trkpt>
      <trkpt lat="41.7106" lon="-74.28942">
        <ele>578.2</ele>
      </trkpt>
      <trkpt lat="41.71069" lon="-74.28943">
        <ele>579.2</ele>
      </trkpt>
      <trkpt lat="41.71077" lon="-74.28941">
        <ele>580.1</ele>
      </trkpt>
      <trkpt lat="41.71099" lon="-74.28941">
        <ele>582.8</ele>
      </trkpt>
      <trkpt lat="41.71112" lon="-74.28938">
        <ele>583.3</ele>
      </trkpt>
      <trkpt lat="41.71122" lon="-74.28939">
        <ele>583.9</ele>
      </trkpt>
      <trkpt lat="41.71126" lon="-74.28948">
        <ele>584.8</ele>
      </trkpt>
      <trkpt lat="41.71134" lon="-74.28975">
        <ele>586.7</ele>
      </trkpt>
      <trkpt lat="41.71136" lon="-74.29">
        <ele>587.1</ele>
      </trkpt>
      <trkpt lat="41.71132" lon="-74.29052">
        <ele>586.2</ele>
      </trkpt>
      <trkpt lat="41.71123" lon="-74.29084">
        <ele>585.5</ele>
      </trkpt>
      <trkpt lat="41.71119" lon="-74.29107">
        <ele>585.0</ele>
      </trkpt>
      <trkpt lat="41.71111" lon="-74.2913">
        <ele>584.7</ele>
      </trkpt>
      <trkpt lat="41.71101" lon="-74.2918">
        <ele>582.7</ele>
      </trkpt>
      <trkpt lat="41.71102" lon="-74.29188">
        <ele>581.8</ele>
      </trkpt>
      <trkpt lat="41.71099" lon="-74.29214">
        <ele>579.7</ele>
      </trkpt>
      <trkpt lat="41.71106" lon="-74.29262">
        <ele>574.7</ele>
      </trkpt>
      <trkpt lat="41.71108" lon="-74.29286">
        <ele>572.6</ele>
      </trkpt>
      <trkpt lat="41.71101" lon="-74.29357">
        <ele>566.5</ele>
      </trkpt>
      <trkpt lat="41.71099" lon="-74.29414">
        <ele>561.7</ele>
      </trkpt>
      <trkpt lat="41.71092" lon="-74.29451">
        <ele>560.2</ele>
      </trkpt>
      <trkpt lat="41.7108" lon="-74.29482">
        <ele>559.6</ele>
      </trkpt>
      <trkpt lat="41.71066" lon="-74.29505">
        <ele>559.6</ele>
      </trkpt>
      <trkpt lat="41.7105" lon="-74.29525">
        <ele>559.8</ele>
      </trkpt>
      <trkpt lat="41.71027" lon="-74.2957">
        <ele>556.0</ele>
      </trkpt>
      <trkpt lat="41.71024" lon="-74.29579">
        <ele>553.9</ele>
      </trkpt>
      <trkpt lat="41.71024" lon="-74.29584">
        <ele>552.4</ele>
      </trkpt>
      <trkpt lat="41.71025" lon="-74.2959">
        <ele>550.5</ele>
      </trkpt>
      <trkpt lat="41.71025" lon="-74.29599">
        <ele>548.3</ele>
      </trkpt>
      <trkpt lat="41.71021" lon="-74.29619">
        <ele>545.5</ele>
      </trkpt>
      <trkpt lat="41.71021" lon="-74.29629">
        <ele>544.4</ele>
      </trkpt>
      <trkpt lat="41.7101" lon="-74.2967">
        <ele>542.2</ele>
      </trkpt>
      <trkpt lat="41.71006" lon="-74.29692">
        <ele>541.6</ele>
      </trkpt>
      <trkpt lat="41.70998" lon="-74.29704">
        <ele>541.8</ele>
      </trkpt>
      <trkpt lat="41.70997" lon="-74.29713">
        <ele>541.5</ele>
      </trkpt>
      <trkpt lat="41.70998" lon="-74.2972">
        <ele>541.1</ele>
      </trkpt>
      <trkpt lat="41.71001" lon="-74.29727">
        <ele>540.7</ele>
      </trkpt>
      <trkpt lat="41.71023" lon="-74.2975">
        <ele>538.7</ele>
      </trkpt>
      <trkpt lat="41.71032" lon="-74.29756">
        <ele>538.1</ele>
      </trkpt>
      <trkpt lat="41.71045" lon="-74.29757">
        <ele>537.3</ele>
      </trkpt>
      <trkpt lat="41.71059" lon="-74.29756">
        <ele>536.5</ele>
      </trkpt>
      <trkpt lat="41.71079" lon="-74.29758">
        <ele>535.9</ele>
      </trkpt>
      <trkpt lat="41.71091" lon="-74.2977">
        <ele>535.6</ele>
      </trkpt>
      <trkpt lat="41.71108" lon="-74.2978">
        <ele>534.4</ele>
      </trkpt>
      <trkpt lat="41.71136" lon="-74.29803">
        <ele>531.3</ele>
      </trkpt>
      <trkpt lat="41.71145" lon="-74.29806">
        <ele>530.5</ele>
      </trkpt>
      <trkpt lat="41.71157" lon="-74.29799">
        <ele>529.5</ele>
      </trkpt>
      <trkpt lat="41.71177" lon="-74.29795">
        <ele>528.6</ele>
      </trkpt>
      <trkpt lat="41.71183" lon="-74.29795">
        <ele>528.2</ele>
      </trkpt>
      <trkpt lat="41.71191" lon="-74.29797">
        <ele>527.8</ele>
      </trkpt>
      <trkpt lat="41.71204" lon="-74.29809">
        <ele>527.1</ele>
      </trkpt>
      <trkpt lat="41.71214" lon="-74.2982">
        <ele>525.7</ele>
      </trkpt>
      <trkpt lat="41.71222" lon="-74.29832">
        <ele>527.2</ele>
      </trkpt>
      <trkpt lat="41.71227" lon="-74.29837">
        <ele>528.0</ele>
      </trkpt>
      <trkpt lat="41.71234" lon="-74.29841">
        <ele>529.0</ele>
      </trkpt>
      <trkpt lat="41.71246" lon="-74.29845">
        <ele>530.5</ele>
      </trkpt>
      <trkpt lat="41.71253" lon="-74.29846">
        <ele>531.4</ele>
      </trkpt>
      <trkpt lat="41.71258" lon="-74.29851">
        <ele>532.2</ele>
      </trkpt>
      <trkpt lat="41.7126" lon="-74.29858">
        <ele>533.0</ele>
      </trkpt>
      <trkpt lat="41.71259" lon="-74.29865">
        <ele>534.0</ele>
      </trkpt>
      <trkpt lat="41.71256" lon="-74.29872">
        <ele>534.3</ele>
      </trkpt>
      <trkpt lat="41.71245" lon="-74.29889">
        <ele>534.0</ele>
      </trkpt>
      <trkpt lat="41.71239" lon="-74.29906">
        <ele>535.2</ele>
      </trkpt>
      <trkpt lat="41.71234" lon="-74.29933">
        <ele>537.1</ele>
      </trkpt>
      <trkpt lat="41.71228" lon="-74.29958">
        <ele>538.5</ele>
      </trkpt>
      <trkpt lat="41.71222" lon="-74.29973">
        <ele>539.2</ele>
      </trkpt>
      <trkpt lat="41.7122" lon="-74.3002">
        <ele>544.8</ele>
      </trkpt>
      <trkpt lat="41.71216" lon="-74.30036">
        <ele>546.4</ele>
      </trkpt>
      <trkpt lat="41.71212" lon="-74.30047">
        <ele>547.1</ele>
      </trkpt>
      <trkpt lat="41.7121" lon="-74.30058">
        <ele>547.8</ele>
      </trkpt>
      <trkpt lat="41.71203" lon="-74.30075">
        <ele>548.4</ele>
      </trkpt>
      <trkpt lat="41.71199" lon="-74.30093">
        <ele>549.7</ele>
      </trkpt>
      <trkpt lat="41.71198" lon="-74.30112">
        <ele>551.4</ele>
      </trkpt>
      <trkpt lat="41.71193" lon="-74.30123">
        <ele>552.0</ele>
      </trkpt>
      <trkpt lat="41.71188" lon="-74.30134">
        <ele>552.5</ele>
      </trkpt>
      <trkpt lat="41.71191" lon="-74.30143">
        <ele>553.5</ele>
      </trkpt>
      <trkpt lat="41.712" lon="-74.3015">
        <ele>554.7</ele>
      </trkpt>
      <trkpt lat="41.7121" lon="-74.30155">
        <ele>555.5</ele>
      </trkpt>
      <trkpt lat="41.71223" lon="-74.30187">
        <ele>558.6</ele>
      </trkpt>
      <trkpt lat="41.71228" lon="-74.30218">
        <ele>560.8</ele>
      </trkpt>
      <trkpt lat="41.71239" lon="-74.30254">
        <ele>562.2</ele>
      </trkpt>
      <trkpt lat="41.71249" lon="-74.30274">
        <ele>562.6</ele>
      </trkpt>
      <trkpt lat="41.71261" lon="-74.30313">
        <ele>563.7</ele>
      </trkpt>
      <trkpt lat="41.71283" lon="-74.30361">
        <ele>564.1</ele>
      </trkpt>
      <trkpt lat="41.71289" lon="-74.30392">
        <ele>564.2</ele>
      </trkpt>
      <trkpt lat="41.71291" lon="-74.30417">
        <ele>564.3</ele>
      </trkpt>
      <trkpt lat="41.71289" lon="-74.30452">
        <ele>564.9</ele>
      </trkpt>
      <trkpt lat="41.71291" lon="-74.30481">
        <ele>565.4</ele>
      </trkpt>
      <trkpt lat="41.71288" lon="-74.30503">
        <ele>566.0</ele>
      </trkpt>
      <trkpt lat="41.71281" lon="-74.30546">
        <ele>566.5</ele>
      </trkpt>
      <trkpt lat="41.71279" lon="-74.30593">
        <ele>566.9</ele>
      </trkpt>
      <trkpt lat="41.71283" lon="-74.30628">
        <ele>566.7</ele>
      </trkpt>
      <trkpt lat="41.71284" lon="-74.307">
        <ele>565.7</ele>
      </trkpt>
      <trkpt lat="41.71288" lon="-74.30767">
        <ele>565.6</ele>
      </trkpt>
      <trkpt lat="41.71282" lon="-74.30793">
        <ele>566.0</ele>
      </trkpt>
      <trkpt lat="41.71275" lon="-74.30833">
        <ele>565.1</ele>
      </trkpt>
      <trkpt lat="41.71282" lon="-74.30865">
        <ele>564.6</ele>
      </trkpt>
      <trkpt lat="41.71299" lon="-74.30882">
        <ele>563.3</ele>
      </trkpt>
      <trkpt lat="41.71303" lon="-74.30917">
        <ele>562.8</ele>
      </trkpt>
      <trkpt lat="41.71293" lon="-74.30983">
        <ele>563.7</ele>
      </trkpt>
      <trkpt lat="41.71277" lon="-74.31027">
        <ele>564.5</ele>
      </trkpt>
      <trkpt lat="41.71275" lon="-74.31062">
        <ele>564.3</ele>
      </trkpt>
      <trkpt lat="41.71278" lon="-74.311">
        <ele>563.8</ele>
      </trkpt>
      <trkpt lat="41.71275" lon="-74.31167">
        <ele>564.2</ele>
      </trkpt>
      <trkpt lat="41.71273" lon="-74.31234">
        <ele>564.3</ele>
      </trkpt>
      <trkpt lat="41.71269" lon="-74.31279">
        <ele>564.4</ele>
      </trkpt>
      <trkpt lat="41.71267" lon="-74.31319">
        <ele>565.0</ele>
      </trkpt>
      <trkpt lat="41.71268" lon="-74.31346">
        <ele>565.4</ele>
      </trkpt>
      <trkpt lat="41.71278" lon="-74.31381">
        <ele>564.7</ele>
      </trkpt>
      <trkpt lat="41.71286" lon="-74.31432">
        <ele>563.6</ele>
      </trkpt>
      <trkpt lat="41.71288" lon="-74.31463">
        <ele>562.9</ele>
      </trkpt>
      <trkpt lat="41.71272" lon="-74.31521">
        <ele>563.4</ele>
      </trkpt>
      <trkpt lat="41.71258" lon="-74.3155">
        <ele>564.1</ele>
      </trkpt>
      <trkpt lat="41.71243" lon="-74.31579">
        <ele>564.0</ele>
      </trkpt>
      <trkpt lat="41.71236" lon="-74.31596">
        <ele>563.3</ele>
      </trkpt>
      <trkpt lat="41.71233" lon="-74.31615">
        <ele>562.5</ele>
      </trkpt>
      <trkpt lat="41.71243" lon="-74.31661">
        <ele>561.0</ele>
      </trkpt>
      <trkpt lat="41.71244" lon="-74.31703">
        <ele>561.2</ele>
      </trkpt>
      <trkpt lat="41.71253" lon="-74.31786">
        <ele>562.8</ele>
      </trkpt>
      <trkpt lat="41.71258" lon="-74.31819">
        <ele>566.2</ele>
      </trkpt>
      <trkpt lat="41.71264" lon="-74.31849">
        <ele>566.7</ele>
      </trkpt>
      <trkpt lat="41.71269" lon="-74.31863">
        <ele>566.9</ele>
      </trkpt>
      <trkpt lat="41.71278" lon="-74.31872">
        <ele>567.0</ele>
      </trkpt>
      <trkpt lat="41.71291" lon="-74.31873">
        <ele>566.8</ele>
      </trkpt>
      <trkpt lat="41.71302" lon="-74.31876">
        <ele>566.8</ele>
      </trkpt>
      <trkpt lat="41.7131" lon="-74.31885">
        <ele>566.6</ele>
      </trkpt>
      <trkpt lat="41.71321" lon="-74.31907">
        <ele>567.7</ele>
      </trkpt>
      <trkpt lat="41.71332" lon="-74.3192">
        <ele>568.5</ele>
      </trkpt>
      <trkpt lat="41.71341" lon="-74.31927">
        <ele>569.1</ele>
      </trkpt>
      <trkpt lat="41.71353" lon="-74.31928">
        <ele>569.8</ele>
      </trkpt>
      <trkpt lat="41.71375" lon="-74.31951">
        <ele>571.5</ele>
      </trkpt>
      <trkpt lat="41.71418" lon="-74.31984">
        <ele>573.9</ele>
      </trkpt>
      <trkpt lat="41.71444" lon="-74.32006">
        <ele>575.4</ele>
      </trkpt>
      <trkpt lat="41.71468" lon="-74.32032">
        <ele>578.8</ele>
      </trkpt>
      <trkpt lat="41.71476" lon="-74.32035">
        <ele>580.8</ele>
      </trkpt>
      <trkpt lat="41.71489" lon="-74.32032">
        <ele>582.8</ele>
      </trkpt>
      <trkpt lat="41.71503" lon="-74.32024">
        <ele>584.0</ele>
      </trkpt>
      <trkpt lat="41.7152" lon="-74.32004">
        <ele>583.3</ele>
      </trkpt>
      <trkpt lat="41.71544" lon="-74.31972">
        <ele>584.3</ele>
      </trkpt>
      <trkpt lat="41.71564" lon="-74.31937">
        <ele>584.9</ele>
      </trkpt>
      <trkpt lat="41.71573" lon="-74.3193">
        <ele>586.9</ele>
      </trkpt>
      <trkpt lat="41.71582" lon="-74.31927">
        <ele>588.1</ele>
      </trkpt>
      <trkpt lat="41.71591" lon="-74.31926">
        <ele>589.1</ele>
      </trkpt>
      <trkpt lat="41.71605" lon="-74.31928">
        <ele>590.8</ele>
      </trkpt>
      <trkpt lat="41.71617" lon="-74.31927">
        <ele>591.8</ele>
      </trkpt>
      <trkpt lat="41.71627" lon="-74.31931">
        <ele>592.5</ele>
      </trkpt>
      <trkpt lat="41.71637" lon="-74.31939">
        <ele>593.5</ele>
      </trkpt>
      <trkpt lat="41.71681" lon="-74.3198">
        <ele>597.3</ele>
      </trkpt>
      <trkpt lat="41.71679" lon="-74.31983">
        <ele>597.3</ele>
      </trkpt>
      <trkpt lat="41.71705" lon="-74.32006">
        <ele>599.5</ele>
      </trkpt>
      <trkpt lat="41.7172" lon="-74.32024">
        <ele>600.4</ele>
      </trkpt>
      <trkpt lat="41.71743" lon="-74.3207">
        <ele>601.4</ele>
      </trkpt>
      <trkpt lat="41.71752" lon="-74.32122">
        <ele>602.7</ele>
      </trkpt>
      <trkpt lat="41.71758" lon="-74.32146">
        <ele>603.4</ele>
      </trkpt>
      <trkpt lat="41.717799" lon="-74.32195">
        <ele>605.7</ele>
      </trkpt>
      <trkpt lat="41.71789" lon="-74.3221">
        <ele>605.7</ele>
      </trkpt>
      <trkpt lat="41.71801" lon="-74.32214">
        <ele>604.8</ele>
      </trkpt>
      <trkpt lat="41.71823" lon="-74.322149">
        <ele>603.1</ele>
      </trkpt>
      <trkpt lat="41.71837" lon="-74.322239">
        <ele>602.1</ele>
      </trkpt>
      <trkpt lat="41.71841" lon="-74.32239">
        <ele>601.7</ele>
      </trkpt>
      <trkpt lat="41.71852" lon="-74.32266">
        <ele>600.9</ele>
      </trkpt>
      <trkpt lat="41.71859" lon="-74.32279">
        <ele>600.4</ele>
      </trkpt>
      <trkpt lat="41.7188" lon="-74.322999">
        <ele>599.1</ele>
      </trkpt>
      <trkpt lat="41.719029" lon="-74.32315">
        <ele>597.6</ele>
      </trkpt>
      <trkpt lat="41.71916" lon="-74.32339">
        <ele>597.0</ele>
      </trkpt>
      <trkpt lat="41.71934" lon="-74.32365">
        <ele>596.7</ele>
      </trkpt>
      <trkpt lat="41.71956" lon="-74.32389">
        <ele>595.4</ele>
      </trkpt>
      <trkpt lat="41.71976" lon="-74.32405">
        <ele>594.3</ele>
      </trkpt>
      <trkpt lat="41.71988" lon="-74.32425">
        <ele>593.6</ele>
      </trkpt>
      <trkpt lat="41.71999" lon="-74.32451">
        <ele>593.2</ele>
      </trkpt>
      <trkpt lat="41.72022" lon="-74.324969">
        <ele>592.1</ele>
      </trkpt>
      <trkpt lat="41.72029" lon="-74.32518">
        <ele>591.7</ele>
      </trkpt>
      <trkpt lat="41.7203" lon="-74.32548">
        <ele>591.6</ele>
      </trkpt>
      <trkpt lat="41.7204" lon="-74.32576">
        <ele>590.6</ele>
      </trkpt>
      <trkpt lat="41.72059" lon="-74.32597">
        <ele>588.8</ele>
      </trkpt>
      <trkpt lat="41.72092" lon="-74.32608">
        <ele>585.3</ele>
      </trkpt>
      <trkpt lat="41.72108" lon="-74.32617">
        <ele>584.8</ele>
      </trkpt>
      <trkpt lat="41.7213" lon="-74.32635">
        <ele>584.5</ele>
      </trkpt>
      <trkpt lat="41.72213" lon="-74.327209">
        <ele>583.2</ele>
      </trkpt>
      <trkpt lat="41.72246" lon="-74.32757">
        <ele>582.2</ele>
      </trkpt>
      <trkpt lat="41.72307" lon="-74.32808">
        <ele>583.0</ele>
      </trkpt>
      <trkpt lat="41.72325" lon="-74.32832">
        <ele>584.3</ele>
      </trkpt>
      <trkpt lat="41.72347" lon="-74.32878">
        <ele>584.9</ele>
      </trkpt>
      <trkpt lat="41.72355" lon="-74.328999">
        <ele>584.0</ele>
      </trkpt>
      <trkpt lat="41.72388" lon="-74.33018">
        <ele>578.8</ele>
      </trkpt>
      <trkpt lat="41.72414" lon="-74.33159">
        <ele>578.8</ele>
      </trkpt>
      <trkpt lat="41.72415" lon="-74.33165">
        <ele>578.6</ele>
      </trkpt>
      <trkpt lat="41.72401" lon="-74.33201">
        <ele>578.8</ele>
      </trkpt>
      <trkpt lat="41.72399" lon="-74.332179">
        <ele>578.7</ele>
      </trkpt>
      <trkpt lat="41.72396" lon="-74.33229">
        <ele>578.9</ele>
      </trkpt>
      <trkpt lat="41.72398" lon="-74.33251">
        <ele>578.4</ele>
      </trkpt>
      <trkpt lat="41.72397" lon="-74.3327">
        <ele>578.4</ele>
      </trkpt>
      <trkpt lat="41.72393" lon="-74.33296">
        <ele>578.6</ele>
      </trkpt>
      <trkpt lat="41.72388" lon="-74.33315">
        <ele>579.1</ele>
      </trkpt>
      <trkpt lat="41.723909" lon="-74.3333">
        <ele>579.0</ele>
      </trkpt>
      <trkpt lat="41.72401" lon="-74.33355">
        <ele>578.2</ele>
      </trkpt>
      <trkpt lat="41.72403" lon="-74.33387">
        <ele>577.8</ele>
      </trkpt>
      <trkpt lat="41.7241" lon="-74.334">
        <ele>577.3</ele>
      </trkpt>
      <trkpt lat="41.72414" lon="-74.33418">
        <ele>577.2</ele>
      </trkpt>
      <trkpt lat="41.72417" lon="-74.33444">
        <ele>577.3</ele>
      </trkpt>
      <trkpt lat="41.72417" lon="-74.33483">
        <ele>577.9</ele>
      </trkpt>
      <trkpt lat="41.72411" lon="-74.33555">
        <ele>578.2</ele>
      </trkpt>
      <trkpt lat="41.72398" lon="-74.33635">
        <ele>577.9</ele>
      </trkpt>
      <trkpt lat="41.72395" lon="-74.336429">
        <ele>577.8</ele>
      </trkpt>
      <trkpt lat="41.72369" lon="-74.33671">
        <ele>574.9</ele>
      </trkpt>
      <trkpt lat="41.72363" lon="-74.33675">
        <ele>573.2</ele>
      </trkpt>
      <trkpt lat="41.72357" lon="-74.33676">
        <ele>572.6</ele>
      </trkpt>
      <trkpt lat="41.72335" lon="-74.33671">
        <ele>574.1</ele>
      </trkpt>
      <trkpt lat="41.72331" lon="-74.33672">
        <ele>573.9</ele>
      </trkpt>
      <trkpt lat="41.72313" lon="-74.33682">
        <ele>571.1</ele>
      </trkpt>
      <trkpt lat="41.72303" lon="-74.33692">
        <ele>569.8</ele>
      </trkpt>
      <trkpt lat="41.723" lon="-74.33699">
        <ele>568.7</ele>
      </trkpt>
      <trkpt lat="41.72299" lon="-74.33708">
        <ele>567.6</ele>
      </trkpt>
      <trkpt lat="41.723" lon="-74.33716">
        <ele>566.6</ele>
      </trkpt>
      <trkpt lat="41.72309" lon="-74.3373">
        <ele>564.0</ele>
      </trkpt>
      <trkpt lat="41.72311" lon="-74.33741">
        <ele>562.1</ele>
      </trkpt>
      <trkpt lat="41.72309" lon="-74.33744">
        <ele>561.7</ele>
      </trkpt>
      <trkpt lat="41.72304" lon="-74.337459">
        <ele>562.2</ele>
      </trkpt>
      <trkpt lat="41.72295" lon="-74.33742">
        <ele>564.4</ele>
      </trkpt>
      <trkpt lat="41.72291" lon="-74.33744">
        <ele>564.9</ele>
      </trkpt>
      <trkpt lat="41.72285" lon="-74.33756">
        <ele>564.2</ele>
      </trkpt>
      <trkpt lat="41.72276" lon="-74.33762">
        <ele>564.6</ele>
      </trkpt>
      <trkpt lat="41.72265" lon="-74.337819">
        <ele>562.6</ele>
      </trkpt>
      <trkpt lat="41.7226" lon="-74.33785">
        <ele>562.8</ele>
      </trkpt>
      <trkpt lat="41.72246" lon="-74.33787">
        <ele>564.7</ele>
      </trkpt>
      <trkpt lat="41.72184" lon="-74.33828">
        <ele>560.2</ele>
      </trkpt>
      <trkpt lat="41.72168" lon="-74.33835">
        <ele>557.2</ele>
      </trkpt>
      <trkpt lat="41.721469" lon="-74.33838">
        <ele>556.8</ele>
      </trkpt>
      <trkpt lat="41.72137" lon="-74.33835">
        <ele>557.3</ele>
      </trkpt>
      <trkpt lat="41.7213" lon="-74.33823">
        <ele>558.7</ele>
      </trkpt>
      <trkpt lat="41.72124" lon="-74.33816">
        <ele>558.7</ele>
      </trkpt>
      <trkpt lat="41.72117" lon="-74.33814">
        <ele>558.1</ele>
      </trkpt>
      <trkpt lat="41.72095" lon="-74.33827">
        <ele>556.1</ele>
      </trkpt>
      <trkpt lat="41.72089" lon="-74.33835">
        <ele>555.2</ele>
      </trkpt>
      <trkpt lat="41.72076" lon="-74.33847">
        <ele>553.5</ele>
      </trkpt>
      <trkpt lat="41.72051" lon="-74.33873">
        <ele>551.7</ele>
      </trkpt>
      <trkpt lat="41.72032" lon="-74.33905">
        <ele>549.6</ele>
      </trkpt>
      <trkpt lat="41.72023" lon="-74.33911">
        <ele>549.0</ele>
      </trkpt>
      <trkpt lat="41.72009" lon="-74.33912">
        <ele>548.6</ele>
      </trkpt>
      <trkpt lat="41.71994" lon="-74.33921">
        <ele>547.6</ele>
      </trkpt>
      <trkpt lat="41.71983" lon="-74.33934">
        <ele>546.8</ele>
      </trkpt>
      <trkpt lat="41.7197" lon="-74.33962">
        <ele>545.5</ele>
      </trkpt>
      <trkpt lat="41.71964" lon="-74.33992">
        <ele>543.2</ele>
      </trkpt>
      <trkpt lat="41.71964" lon="-74.34009">
        <ele>542.6</ele>
      </trkpt>
      <trkpt lat="41.719679" lon="-74.34027">
        <ele>541.8</ele>
      </trkpt>
      <trkpt lat="41.7197" lon="-74.34049">
        <ele>541.7</ele>
      </trkpt>
      <trkpt lat="41.7197" lon="-74.34049">
        <ele>541.7</ele>
      </trkpt>
      <trkpt lat="41.71981" lon="-74.34126">
        <ele>539.9</ele>
      </trkpt>
      <trkpt lat="41.71982" lon="-74.341489">
        <ele>539.3</ele>
      </trkpt>
      <trkpt lat="41.71979" lon="-74.34181">
        <ele>538.8</ele>
      </trkpt>
      <trkpt lat="41.71981" lon="-74.34211">
        <ele>537.9</ele>
      </trkpt>
      <trkpt lat="41.71985" lon="-74.34256">
        <ele>536.4</ele>
      </trkpt>
      <trkpt lat="41.71984" lon="-74.34269">
        <ele>535.9</ele>
      </trkpt>
      <trkpt lat="41.7198" lon="-74.34285">
        <ele>535.5</ele>
      </trkpt>
      <trkpt lat="41.71976" lon="-74.34325">
        <ele>533.5</ele>
      </trkpt>
      <trkpt lat="41.71976" lon="-74.34341">
        <ele>532.6</ele>
      </trkpt>
      <trkpt lat="41.71982" lon="-74.34365">
        <ele>530.8</ele>
      </trkpt>
      <trkpt lat="41.71983" lon="-74.34377">
        <ele>530.2</ele>
      </trkpt>
      <trkpt lat="41.71975" lon="-74.344309">
        <ele>527.5</ele>
      </trkpt>
      <trkpt lat="41.71965" lon="-74.34465">
        <ele>526.6</ele>
      </trkpt>
      <trkpt lat="41.71957" lon="-74.34498">
        <ele>525.2</ele>
      </trkpt>
      <trkpt lat="41.71936" lon="-74.34536">
        <ele>524.2</ele>
      </trkpt>
      <trkpt lat="41.71931" lon="-74.34554">
        <ele>522.8</ele>
      </trkpt>
      <trkpt lat="41.71924" lon="-74.34624">
        <ele>519.0</ele>
      </trkpt>
      <trkpt lat="41.71919" lon="-74.34641">
        <ele>519.6</ele>
      </trkpt>
      <trkpt lat="41.71923" lon="-74.34662">
        <ele>519.0</ele>
      </trkpt>
      <trkpt lat="41.71936" lon="-74.347219">
        <ele>514.9</ele>
      </trkpt>
      <trkpt lat="41.71944" lon="-74.34738">
        <ele>511.9</ele>
      </trkpt>
      <trkpt lat="41.71955" lon="-74.34755">
        <ele>508.4</ele>
      </trkpt>
      <trkpt lat="41.71987" lon="-74.34788">
        <ele>499.9</ele>
      </trkpt>
      <trkpt lat="41.72007" lon="-74.34817">
        <ele>495.1</ele>
      </trkpt>
      <trkpt lat="41.72017" lon="-74.34838">
        <ele>493.1</ele>
      </trkpt>
      <trkpt lat="41.72041" lon="-74.34899">
        <ele>491.1</ele>
      </trkpt>
      <trkpt lat="41.72043" lon="-74.34915">
        <ele>491.5</ele>
      </trkpt>
      <trkpt lat="41.72046" lon="-74.349189">
        <ele>490.9</ele>
      </trkpt>
      <trkpt lat="41.72059" lon="-74.3493">
        <ele>488.4</ele>
      </trkpt>
      <trkpt lat="41.7209" lon="-74.35035">
        <ele>481.7</ele>
      </trkpt>
      <trkpt lat="41.72112" lon="-74.3514">
        <ele>472.5</ele>
      </trkpt>
      <trkpt lat="41.72114" lon="-74.35163">
        <ele>471.2</ele>
      </trkpt>
      <trkpt lat="41.7212" lon="-74.35183">
        <ele>469.4</ele>
      </trkpt>
      <trkpt lat="41.72133" lon="-74.35207">
        <ele>466.0</ele>
      </trkpt>
      <trkpt lat="41.72141" lon="-74.352099">
        <ele>464.1</ele>
      </trkpt>
      <trkpt lat="41.721469" lon="-74.35216">
        <ele>462.6</ele>
      </trkpt>
      <trkpt lat="41.72153" lon="-74.35227">
        <ele>460.8</ele>
      </trkpt>
      <trkpt lat="41.72148" lon="-74.33839">
        <ele>556.6</ele>
      </trkpt>
      <trkpt lat="41.72138" lon="-74.33835">
        <ele>557.3</ele>
      </trkpt>
      <trkpt lat="41.72132" lon="-74.33829">
        <ele>558.0</ele>
      </trkpt>
      <trkpt lat="41.72126" lon="-74.33815">
        <ele>559.1</ele>
      </trkpt>
      <trkpt lat="41.72121" lon="-74.3381">
        <ele>558.6</ele>
      </trkpt>
      <trkpt lat="41.72116" lon="-74.3381">
        <ele>558.2</ele>
      </trkpt>
      <trkpt lat="41.72109" lon="-74.33815">
        <ele>557.5</ele>
      </trkpt>
      <trkpt lat="41.72096" lon="-74.33826">
        <ele>556.2</ele>
      </trkpt>
      <trkpt lat="41.7208" lon="-74.33806">
        <ele>558.0</ele>
      </trkpt>
      <trkpt lat="41.72068" lon="-74.33796">
        <ele>558.9</ele>
      </trkpt>
      <trkpt lat="41.72057" lon="-74.33785">
        <ele>558.9</ele>
      </trkpt>
      <trkpt lat="41.72045" lon="-74.33775">
        <ele>559.1</ele>
      </trkpt>
      <trkpt lat="41.72031" lon="-74.33771">
        <ele>558.7</ele>
      </trkpt>
      <trkpt lat="41.72017" lon="-74.33776">
        <ele>558.6</ele>
      </trkpt>
      <trkpt lat="41.72005" lon="-74.33787">
        <ele>558.1</ele>
      </trkpt>
      <trkpt lat="41.71988" lon="-74.33799">
        <ele>557.4</ele>
      </trkpt>
      <trkpt lat="41.71973" lon="-74.33806">
        <ele>556.8</ele>
      </trkpt>
      <trkpt lat="41.71956" lon="-74.33806">
        <ele>556.8</ele>
      </trkpt>
      <trkpt lat="41.71933" lon="-74.33792">
        <ele>558.4</ele>
      </trkpt>
      <trkpt lat="41.71916" lon="-74.33787">
        <ele>559.1</ele>
      </trkpt>
      <trkpt lat="41.71902" lon="-74.33796">
        <ele>558.7</ele>
      </trkpt>
      <trkpt lat="41.71894" lon="-74.33818">
        <ele>557.2</ele>
      </trkpt>
      <trkpt lat="41.71882" lon="-74.33823">
        <ele>557.2</ele>
      </trkpt>
      <trkpt lat="41.71862" lon="-74.33821">
        <ele>557.8</ele>
      </trkpt>
      <trkpt lat="41.71841" lon="-74.33823">
        <ele>558.3</ele>
      </trkpt>
      <trkpt lat="41.71826" lon="-74.33827">
        <ele>558.7</ele>
      </trkpt>
      <trkpt lat="41.71813" lon="-74.33842">
        <ele>558.3</ele>
      </trkpt>
      <trkpt lat="41.71804" lon="-74.33855">
        <ele>558.2</ele>
      </trkpt>
      <trkpt lat="41.71793" lon="-74.33858">
        <ele>558.5</ele>
      </trkpt>
      <trkpt lat="41.71779" lon="-74.3386">
        <ele>558.8</ele>
      </trkpt>
      <trkpt lat="41.71766" lon="-74.33859">
        <ele>559.2</ele>
      </trkpt>
      <trkpt lat="41.71753" lon="-74.33861">
        <ele>559.6</ele>
      </trkpt>
      <trkpt lat="41.71744" lon="-74.33864">
        <ele>559.9</ele>
      </trkpt>
      <trkpt lat="41.7173" lon="-74.33865">
        <ele>560.5</ele>
      </trkpt>
      <trkpt lat="41.71718" lon="-74.33864">
        <ele>560.8</ele>
      </trkpt>
      <trkpt lat="41.71709" lon="-74.33871">
        <ele>561.0</ele>
      </trkpt>
      <trkpt lat="41.71702" lon="-74.3388">
        <ele>561.3</ele>
      </trkpt>
      <trkpt lat="41.71696" lon="-74.33894">
        <ele>561.6</ele>
      </trkpt>
      <trkpt lat="41.71684" lon="-74.33913">
        <ele>562.1</ele>
      </trkpt>
      <trkpt lat="41.71658" lon="-74.33942">
        <ele>567.1</ele>
      </trkpt>
      <trkpt lat="41.71644" lon="-74.33955">
        <ele>567.1</ele>
      </trkpt>
      <trkpt lat="41.71607" lon="-74.33987">
        <ele>568.1</ele>
      </trkpt>
      <trkpt lat="41.71569" lon="-74.34011">
        <ele>569.4</ele>
      </trkpt>
      <trkpt lat="41.71552" lon="-74.34024">
        <ele>570.1</ele>
      </trkpt>
      <trkpt lat="41.7154" lon="-74.34033">
        <ele>570.6</ele>
      </trkpt>
      <trkpt lat="41.7153" lon="-74.3404">
        <ele>571.1</ele>
      </trkpt>
      <trkpt lat="41.71506" lon="-74.34051">
        <ele>572.1</ele>
      </trkpt>
      <trkpt lat="41.71497" lon="-74.34053">
        <ele>572.0</ele>
      </trkpt>
      <trkpt lat="41.7145" lon="-74.34082">
        <ele>572.0</ele>
      </trkpt>
      <trkpt lat="41.71435" lon="-74.34084">
        <ele>572.0</ele>
      </trkpt>
      <trkpt lat="41.71418" lon="-74.3408">
        <ele>572.0</ele>
      </trkpt>
      <trkpt lat="41.714" lon="-74.34074">
        <ele>572.0</ele>
      </trkpt>
      <trkpt lat="41.71384" lon="-74.34069">
        <ele>572.3</ele>
      </trkpt>
      <trkpt lat="41.71369" lon="-74.3407">
        <ele>572.7</ele>
      </trkpt>
      <trkpt lat="41.71362" lon="-74.34073">
        <ele>572.8</ele>
      </trkpt>
      <trkpt lat="41.7135" lon="-74.34089">
        <ele>573.2</ele>
      </trkpt>
      <trkpt lat="41.71334" lon="-74.34124">
        <ele>574.0</ele>
      </trkpt>
      <trkpt lat="41.71333" lon="-74.34146">
        <ele>575.0</ele>
      </trkpt>
      <trkpt lat="41.71342" lon="-74.34171">
        <ele>574.7</ele>
      </trkpt>
      <trkpt lat="41.71341" lon="-74.34181">
        <ele>575.1</ele>
      </trkpt>
      <trkpt lat="41.71329" lon="-74.34193">
        <ele>576.1</ele>
      </trkpt>
      <trkpt lat="41.71303" lon="-74.34222">
        <ele>577.2</ele>
      </trkpt>
      <trkpt lat="41.71257" lon="-74.34252">
        <ele>582.3</ele>
      </trkpt>
      <trkpt lat="41.7121" lon="-74.34282">
        <ele>588.3</ele>
      </trkpt>
      <trkpt lat="41.71204" lon="-74.34289">
        <ele>589.2</ele>
      </trkpt>
      <trkpt lat="41.71197" lon="-74.343">
        <ele>590.3</ele>
      </trkpt>
      <trkpt lat="41.71193" lon="-74.34305">
        <ele>590.9</ele>
      </trkpt>
      <trkpt lat="41.71186" lon="-74.34308">
        <ele>591.9</ele>
      </trkpt>
      <trkpt lat="41.71166" lon="-74.34307">
        <ele>594.2</ele>
      </trkpt>
      <trkpt lat="41.7116" lon="-74.34308">
        <ele>594.8</ele>
      </trkpt>
      <trkpt lat="41.71129" lon="-74.34335">
        <ele>599.0</ele>
      </trkpt>
      <trkpt lat="41.71122" lon="-74.34348">
        <ele>600.2</ele>
      </trkpt>
      <trkpt lat="41.7111" lon="-74.34364">
        <ele>601.9</ele>
      </trkpt>
      <trkpt lat="41.71098" lon="-74.34379">
        <ele>603.9</ele>
      </trkpt>
      <trkpt lat="41.71094" lon="-74.34386">
        <ele>604.7</ele>
      </trkpt>
      <trkpt lat="41.71088" lon="-74.34406">
        <ele>606.2</ele>
      </trkpt>
      <trkpt lat="41.71084" lon="-74.34437">
        <ele>608.1</ele>
      </trkpt>
      <trkpt lat="41.71089" lon="-74.34459">
        <ele>610.7</ele>
      </trkpt>
      <trkpt lat="41.71095" lon="-74.34471">
        <ele>611.9</ele>
      </trkpt>
      <trkpt lat="41.71095" lon="-74.34484">
        <ele>613.7</ele>
      </trkpt>
      <trkpt lat="41.71089" lon="-74.34519">
        <ele>617.6</ele>
      </trkpt>
      <trkpt lat="41.71079" lon="-74.34549">
        <ele>620.3</ele>
      </trkpt>
      <trkpt lat="41.71068" lon="-74.34575">
        <ele>621.8</ele>
      </trkpt>
      <trkpt lat="41.71049" lon="-74.34592">
        <ele>623.4</ele>
      </trkpt>
      <trkpt lat="41.71022" lon="-74.34596">
        <ele>626.6</ele>
      </trkpt>
      <trkpt lat="41.70994" lon="-74.34593">
        <ele>628.6</ele>
      </trkpt>
      <trkpt lat="41.70981" lon="-74.34579">
        <ele>629.6</ele>
      </trkpt>
      <trkpt lat="41.7097" lon="-74.34545">
        <ele>631.0</ele>
      </trkpt>
      <trkpt lat="41.70957" lon="-74.34528">
        <ele>632.2</ele>
      </trkpt>
      <trkpt lat="41.70944" lon="-74.34521">
        <ele>633.8</ele>
      </trkpt>
      <trkpt lat="41.70931" lon="-74.3452">
        <ele>635.7</ele>
      </trkpt>
      <trkpt lat="41.70917" lon="-74.34521">
        <ele>637.7</ele>
      </trkpt>
      <trkpt lat="41.70896" lon="-74.34535">
        <ele>639.9</ele>
      </trkpt>
      <trkpt lat="41.70883" lon="-74.34549">
        <ele>640.6</ele>
      </trkpt>
      <trkpt lat="41.70873" lon="-74.34564">
        <ele>640.3</ele>
      </trkpt>
      <trkpt lat="41.70857" lon="-74.34576">
        <ele>640.7</ele>
      </trkpt>
      <trkpt lat="41.70829" lon="-74.34591">
        <ele>641.5</ele>
      </trkpt>
      <trkpt lat="41.70806" lon="-74.346">
        <ele>642.0</ele>
      </trkpt>
      <trkpt lat="41.70777" lon="-74.34608">
        <ele>642.5</ele>
      </trkpt>
      <trkpt lat="41.70726" lon="-74.34624">
        <ele>643.4</ele>
      </trkpt>
      <trkpt lat="41.70717" lon="-74.34625">
        <ele>643.8</ele>
      </trkpt>
      <trkpt lat="41.70649" lon="-74.34604">
        <ele>648.2</ele>
      </trkpt>
      <trkpt lat="41.70642" lon="-74.34603">
        <ele>648.5</ele>
      </trkpt>
      <trkpt lat="41.70563" lon="-74.34607">
        <ele>649.9</ele>
      </trkpt>
      <trkpt lat="41.70519" lon="-74.346">
        <ele>652.3</ele>
      </trkpt>
      <trkpt lat="41.7049" lon="-74.34596">
        <ele>654.9</ele>
      </trkpt>
      <trkpt lat="41.70457" lon="-74.34604">
        <ele>655.7</ele>
      </trkpt>
      <trkpt lat="41.70396" lon="-74.34627">
        <ele>656.0</ele>
      </trkpt>
      <trkpt lat="41.7033" lon="-74.3465">
        <ele>658.5</ele>
      </trkpt>
      <trkpt lat="41.70273" lon="-74.34674">
        <ele>660.6</ele>
      </trkpt>
      <trkpt lat="41.70269" lon="-74.34674">
        <ele>660.8</ele>
      </trkpt>
      <trkpt lat="41.70237" lon="-74.3466">
        <ele>662.1</ele>
      </trkpt>
      <trkpt lat="41.70217" lon="-74.34653">
        <ele>663.0</ele>
      </trkpt>
      <trkpt lat="41.70207" lon="-74.34652">
        <ele>663.4</ele>
      </trkpt>
      <trkpt lat="41.70192" lon="-74.34655">
        <ele>664.1</ele>
      </trkpt>
      <trkpt lat="41.70177" lon="-74.34662">
        <ele>664.7</ele>
      </trkpt>
      <trkpt lat="41.70119" lon="-74.34705">
        <ele>669.5</ele>
      </trkpt>
      <trkpt lat="41.70103" lon="-74.34715">
        <ele>669.9</ele>
      </trkpt>
      <trkpt lat="41.70058" lon="-74.34737">
        <ele>670.2</ele>
      </trkpt>
      <trkpt lat="41.70032" lon="-74.34744">
        <ele>670.9</ele>
      </trkpt>
      <trkpt lat="41.70015" lon="-74.34744">
        <ele>671.3</ele>
      </trkpt>
      <trkpt lat="41.69999" lon="-74.34757">
        <ele>671.8</ele>
      </trkpt>
      <trkpt lat="41.69966" lon="-74.34763">
        <ele>672.2</ele>
      </trkpt>
      <trkpt lat="41.69936" lon="-74.34773">
        <ele>672.2</ele>
      </trkpt>
      <trkpt lat="41.69893" lon="-74.34791">
        <ele>672.2</ele>
      </trkpt>
      <trkpt lat="41.69862" lon="-74.34801">
        <ele>673.1</ele>
      </trkpt>
      <trkpt lat="41.69819" lon="-74.34818">
        <ele>674.3</ele>
      </trkpt>
      <trkpt lat="41.69777" lon="-74.34831">
        <ele>674.6</ele>
      </trkpt>
      <trkpt lat="41.69752" lon="-74.34834">
        <ele>674.6</ele>
      </trkpt>
      <trkpt lat="41.69744" lon="-74.34836">
        <ele>674.4</ele>
      </trkpt>
      <trkpt lat="41.69731" lon="-74.34849">
        <ele>673.0</ele>
      </trkpt>
      <trkpt lat="41.6966" lon="-74.34908">
        <ele>674.5</ele>
      </trkpt>
      <trkpt lat="41.69648" lon="-74.34909">
        <ele>674.8</ele>
      </trkpt>
      <trkpt lat="41.69639" lon="-74.34909">
        <ele>674.8</ele>
      </trkpt>
      <trkpt lat="41.69623" lon="-74.34903">
        <ele>674.7</ele>
      </trkpt>
      <trkpt lat="41.69579" lon="-74.34891">
        <ele>674.8</ele>
      </trkpt>
      <trkpt lat="41.69526" lon="-74.34869">
        <ele>676.8</ele>
      </trkpt>
      <trkpt lat="41.69513" lon="-74.34865">
        <ele>677.7</ele>
      </trkpt>
      <trkpt lat="41.69488" lon="-74.34862">
        <ele>679.1</ele>
      </trkpt>
      <trkpt lat="41.69457" lon="-74.34866">
        <ele>681.2</ele>
      </trkpt>
      <trkpt lat="41.69436" lon="-74.3487">
        <ele>682.2</ele>
      </trkpt>
      <trkpt lat="41.69373" lon="-74.34895">
        <ele>683.9</ele>
      </trkpt>
      <trkpt lat="41.69326" lon="-74.34911">
        <ele>684.4</ele>
      </trkpt>
      <trkpt lat="41.69289" lon="-74.34925">
        <ele>684.6</ele>
      </trkpt>
      <trkpt lat="41.69278" lon="-74.34932">
        <ele>684.7</ele>
      </trkpt>
      <trkpt lat="41.69233" lon="-74.34969">
        <ele>685.3</ele>
      </trkpt>
      <trkpt lat="41.69189" lon="-74.35006">
        <ele>685.9</ele>
      </trkpt>
      <trkpt lat="41.69161" lon="-74.35027">
        <ele>686.4</ele>
      </trkpt>
      <trkpt lat="41.69124" lon="-74.35058">
        <ele>687.4</ele>
      </trkpt>
      <trkpt lat="41.69099" lon="-74.35082">
        <ele>688.0</ele>
      </trkpt>
      <trkpt lat="41.69078" lon="-74.35107">
        <ele>688.8</ele>
      </trkpt>
      <trkpt lat="41.6907" lon="-74.35114">
        <ele>689.0</ele>
      </trkpt>
      <trkpt lat="41.69052" lon="-74.35124">
        <ele>689.4</ele>
      </trkpt>
      <trkpt lat="41.69014" lon="-74.35137">
        <ele>690.6</ele>
      </trkpt>
      <trkpt lat="41.68975" lon="-74.35152">
        <ele>691.8</ele>
      </trkpt>
      <trkpt lat="41.68949" lon="-74.3516">
        <ele>692.4</ele>
      </trkpt>
      <trkpt lat="41.68927" lon="-74.35164">
        <ele>693.1</ele>
      </trkpt>
      <trkpt lat="41.68921" lon="-74.35166">
        <ele>693.3</ele>
      </trkpt>
      <trkpt lat="41.68914" lon="-74.35171">
        <ele>693.6</ele>
      </trkpt>
      <trkpt lat="41.68901" lon="-74.35176">
        <ele>694.0</ele>
      </trkpt>
      <trkpt lat="41.68891" lon="-74.35181">
        <ele>694.3</ele>
      </trkpt>
      <trkpt lat="41.68847" lon="-74.35199">
        <ele>695.6</ele>
      </trkpt>
      <trkpt lat="41.68803" lon="-74.35216">
        <ele>696.2</ele>
      </trkpt>
      <trkpt lat="41.68739" lon="-74.35235">
        <ele>696.2</ele>
      </trkpt>
      <trkpt lat="41.68682" lon="-74.35258">
        <ele>695.9</ele>
      </trkpt>
      <trkpt lat="41.68647" lon="-74.3527">
        <ele>694.8</ele>
      </trkpt>
      <trkpt lat="41.68626" lon="-74.3528">
        <ele>694.5</ele>
      </trkpt>
      <trkpt lat="41.68589" lon="-74.35294">
        <ele>694.6</ele>
      </trkpt>
      <trkpt lat="41.68543" lon="-74.3531">
        <ele>694.5</ele>
      </trkpt>
      <trkpt lat="41.68501" lon="-74.35324">
        <ele>693.9</ele>
      </trkpt>
      <trkpt lat="41.68476" lon="-74.35338">
        <ele>692.5</ele>
      </trkpt>
      <trkpt lat="41.68466" lon="-74.35342">
        <ele>691.5</ele>
      </trkpt>
      <trkpt lat="41.68431" lon="-74.35354">
        <ele>689.2</ele>
      </trkpt>
      <trkpt lat="41.68413" lon="-74.35364">
        <ele>688.5</ele>
      </trkpt>
      <trkpt lat="41.68423" lon="-74.35385">
        <ele>687.9</ele>
      </trkpt>
      <trkpt lat="41.68427" lon="-74.35402">
        <ele>687.6</ele>
      </trkpt>
      <trkpt lat="41.68428" lon="-74.35411">
        <ele>687.5</ele>
      </trkpt>
      <trkpt lat="41.68427" lon="-74.35419">
        <ele>687.4</ele>
      </trkpt>
      <trkpt lat="41.68424" lon="-74.35434">
        <ele>687.4</ele>
      </trkpt>
      <trkpt lat="41.68418" lon="-74.35452">
        <ele>687.4</ele>
      </trkpt>
      <trkpt lat="41.6841" lon="-74.35469">
        <ele>687.4</ele>
      </trkpt>
      <trkpt lat="41.68397" lon="-74.35489">
        <ele>687.7</ele>
      </trkpt>
      <trkpt lat="41.68378" lon="-74.35515">
        <ele>688.1</ele>
      </trkpt>
      <trkpt lat="41.68359" lon="-74.35538">
        <ele>688.6</ele>
      </trkpt>
      <trkpt lat="41.68317" lon="-74.35582">
        <ele>689.7</ele>
      </trkpt>
      <trkpt lat="41.68298" lon="-74.35604">
        <ele>691.2</ele>
      </trkpt>
      <trkpt lat="41.68247" lon="-74.3568">
        <ele>687.5</ele>
      </trkpt>
      <trkpt lat="41.68245" lon="-74.35687">
        <ele>686.6</ele>
      </trkpt>
      <trkpt lat="41.68243" lon="-74.35703">
        <ele>685.0</ele>
      </trkpt>
      <trkpt lat="41.68246" lon="-74.35733">
        <ele>683.3</ele>
      </trkpt>
      <trkpt lat="41.68246" lon="-74.35744">
        <ele>682.2</ele>
      </trkpt>
      <trkpt lat="41.68243" lon="-74.35762">
        <ele>678.1</ele>
      </trkpt>
      <trkpt lat="41.6824" lon="-74.35768">
        <ele>676.3</ele>
      </trkpt>
      <trkpt lat="41.68237" lon="-74.35772">
        <ele>675.6</ele>
      </trkpt>
      <trkpt lat="41.68232" lon="-74.35775">
        <ele>675.2</ele>
      </trkpt>
      <trkpt lat="41.68227" lon="-74.35776">
        <ele>675.0</ele>
      </trkpt>
      <trkpt lat="41.68221" lon="-74.35774">
        <ele>675.0</ele>
      </trkpt>
      <trkpt lat="41.682" lon="-74.35762">
        <ele>675.0</ele>
      </trkpt>
      <trkpt lat="41.68195" lon="-74.35761">
        <ele>675.1</ele>
      </trkpt>
      <trkpt lat="41.68189" lon="-74.35761">
        <ele>675.1</ele>
      </trkpt>
      <trkpt lat="41.6815" lon="-74.35777">
        <ele>675.0</ele>
      </trkpt>
      <trkpt lat="41.68137" lon="-74.35783">
        <ele>675.0</ele>
      </trkpt>
      <trkpt lat="41.68059" lon="-74.35821">
        <ele>675.2</ele>
      </trkpt>
      <trkpt lat="41.68024" lon="-74.35835">
        <ele>675.3</ele>
      </trkpt>
      <trkpt lat="41.67999" lon="-74.3585">
        <ele>674.9</ele>
      </trkpt>
      <trkpt lat="41.6794" lon="-74.35894">
        <ele>673.1</ele>
      </trkpt>
      <trkpt lat="41.67912" lon="-74.35908">
        <ele>672.4</ele>
      </trkpt>
      <trkpt lat="41.67864" lon="-74.35941">
        <ele>671.3</ele>
      </trkpt>
      <trkpt lat="41.67845" lon="-74.35952">
        <ele>671.2</ele>
      </trkpt>
      <trkpt lat="41.6779" lon="-74.35978">
        <ele>671.0</ele>
      </trkpt>
      <trkpt lat="41.67767" lon="-74.35986">
        <ele>670.1</ele>
      </trkpt>
      <trkpt lat="41.67734" lon="-74.35993">
        <ele>667.6</ele>
      </trkpt>
      <trkpt lat="41.67654" lon="-74.36005">
        <ele>666.5</ele>
      </trkpt>
      <trkpt lat="41.6762" lon="-74.36012">
        <ele>665.4</ele>
      </trkpt>
      <trkpt lat="41.67565" lon="-74.36012">
        <ele>665.2</ele>
      </trkpt>
      <trkpt lat="41.67509" lon="-74.36002">
        <ele>662.9</ele>
      </trkpt>
      <trkpt lat="41.6749" lon="-74.36003">
        <ele>662.3</ele>
      </trkpt>
      <trkpt lat="41.67439" lon="-74.36017">
        <ele>658.1</ele>
      </trkpt>
      <trkpt lat="41.6741" lon="-74.36022">
        <ele>653.3</ele>
      </trkpt>
      <trkpt lat="41.67406" lon="-74.36024">
        <ele>652.4</ele>
      </trkpt>
      <trkpt lat="41.67384" lon="-74.36045">
        <ele>647.4</ele>
      </trkpt>
      <trkpt lat="41.67359" lon="-74.36072">
        <ele>643.0</ele>
      </trkpt>
      <trkpt lat="41.67352" lon="-74.36076">
        <ele>642.1</ele>
      </trkpt>
      <trkpt lat="41.67342" lon="-74.36077">
        <ele>641.4</ele>
      </trkpt>
      <trkpt lat="41.67311" lon="-74.36067">
        <ele>639.1</ele>
      </trkpt>
      <trkpt lat="41.67299" lon="-74.36067">
        <ele>638.2</ele>
      </trkpt>
      <trkpt lat="41.67242" lon="-74.36078">
        <ele>634.3</ele>
      </trkpt>
      <trkpt lat="41.67224" lon="-74.36083">
        <ele>633.7</ele>
      </trkpt>
      <trkpt lat="41.67217" lon="-74.36083">
        <ele>633.5</ele>
      </trkpt>
      <trkpt lat="41.67204" lon="-74.3608">
        <ele>633.2</ele>
      </trkpt>
      <trkpt lat="41.67182" lon="-74.36068">
        <ele>627.3</ele>
      </trkpt>
      <trkpt lat="41.67164" lon="-74.36065">
        <ele>625.7</ele>
      </trkpt>
      <trkpt lat="41.67129" lon="-74.36068">
        <ele>621.7</ele>
      </trkpt>
      <trkpt lat="41.67081" lon="-74.36067">
        <ele>615.6</ele>
      </trkpt>
      <trkpt lat="41.67067" lon="-74.36071">
        <ele>613.8</ele>
      </trkpt>
      <trkpt lat="41.6706" lon="-74.36076">
        <ele>613.0</ele>
      </trkpt>
      <trkpt lat="41.67056" lon="-74.36077">
        <ele>612.6</ele>
      </trkpt>
      <trkpt lat="41.67053" lon="-74.36093">
        <ele>612.5</ele>
      </trkpt>
      <trkpt lat="41.67046" lon="-74.36117">
        <ele>612.8</ele>
      </trkpt>
      <trkpt lat="41.67044" lon="-74.36129">
        <ele>613.1</ele>
      </trkpt>
      <trkpt lat="41.67039" lon="-74.36141">
        <ele>613.1</ele>
      </trkpt>
      <trkpt lat="41.67034" lon="-74.36144">
        <ele>612.8</ele>
      </trkpt>
      <trkpt lat="41.67031" lon="-74.3615">
        <ele>612.8</ele>
      </trkpt>
      <trkpt lat="41.67029" lon="-74.36174">
        <ele>613.2</ele>
      </trkpt>
      <trkpt lat="41.67024" lon="-74.36175">
        <ele>612.8</ele>
      </trkpt>
      <trkpt lat="41.67016" lon="-74.36173">
        <ele>612.2</ele>
      </trkpt>
      <trkpt lat="41.67016" lon="-74.36183">
        <ele>612.4</ele>
      </trkpt>
      <trkpt lat="41.6701" lon="-74.3619">
        <ele>612.3</ele>
      </trkpt>
      <trkpt lat="41.67003" lon="-74.36193">
        <ele>612.1</ele>
      </trkpt>
      <trkpt lat="41.6696" lon="-74.36175">
        <ele>610.2</ele>
      </trkpt>
      <trkpt lat="41.66933" lon="-74.36208">
        <ele>611.8</ele>
      </trkpt>
      <trkpt lat="41.66925" lon="-74.36224">
        <ele>612.8</ele>
      </trkpt>
      <trkpt lat="41.66901" lon="-74.36309">
        <ele>616.4</ele>
      </trkpt>
      <trkpt lat="41.66888" lon="-74.36349">
        <ele>615.8</ele>
      </trkpt>
      <trkpt lat="41.66875" lon="-74.36386">
        <ele>615.9</ele>
      </trkpt>
      <trkpt lat="41.66873" lon="-74.36395">
        <ele>616.1</ele>
      </trkpt>
      <trkpt lat="41.66871" lon="-74.36407">
        <ele>616.4</ele>
      </trkpt>
      <trkpt lat="41.66873" lon="-74.36418">
        <ele>616.4</ele>
      </trkpt>
      <trkpt lat="41.66876" lon="-74.36426">
        <ele>616.4</ele>
      </trkpt>
      <trkpt lat="41.66892" lon="-74.36463">
        <ele>617.1</ele>
      </trkpt>
      <trkpt lat="41.66899" lon="-74.36485">
        <ele>617.3</ele>
      </trkpt>
      <trkpt lat="41.669" lon="-74.36512">
        <ele>617.7</ele>
      </trkpt>
      <trkpt lat="41.66897" lon="-74.36533">
        <ele>619.2</ele>
      </trkpt>
      <trkpt lat="41.66882" lon="-74.36579">
        <ele>623.6</ele>
      </trkpt>
      <trkpt lat="41.66879" lon="-74.366">
        <ele>624.8</ele>
      </trkpt>
      <trkpt lat="41.66879" lon="-74.36651">
        <ele>625.6</ele>
      </trkpt>
      <trkpt lat="41.66882" lon="-74.36684">
        <ele>626.7</ele>
      </trkpt>
      <trkpt lat="41.66887" lon="-74.36705">
        <ele>627.6</ele>
      </trkpt>
      <trkpt lat="41.66891" lon="-74.36718">
        <ele>628.2</ele>
      </trkpt>
      <trkpt lat="41.66897" lon="-74.3673">
        <ele>628.6</ele>
      </trkpt>
      <trkpt lat="41.66907" lon="-74.36741">
        <ele>628.7</ele>
      </trkpt>
      <trkpt lat="41.66922" lon="-74.36755">
        <ele>628.8</ele>
      </trkpt>
      <trkpt lat="41.66953" lon="-74.36774">
        <ele>628.4</ele>
      </trkpt>
      <trkpt lat="41.66962" lon="-74.36784">
        <ele>628.4</ele>
      </trkpt>
      <trkpt lat="41.66969" lon="-74.36797">
        <ele>628.1</ele>
      </trkpt>
      <trkpt lat="41.6697" lon="-74.36802">
        <ele>627.9</ele>
      </trkpt>
      <trkpt lat="41.66973" lon="-74.36815">
        <ele>627.2</ele>
      </trkpt>
      <trkpt lat="41.66972" lon="-74.36831">
        <ele>626.1</ele>
      </trkpt>
      <trkpt lat="41.66969" lon="-74.36849">
        <ele>624.8</ele>
      </trkpt>
      <trkpt lat="41.66965" lon="-74.36862">
        <ele>624.1</ele>
      </trkpt>
      <trkpt lat="41.66954" lon="-74.36886">
        <ele>624.2</ele>
      </trkpt>
      <trkpt lat="41.66954" lon="-74.36892">
        <ele>623.9</ele>
      </trkpt>
      <trkpt lat="41.66959" lon="-74.36898">
        <ele>622.6</ele>
      </trkpt>
      <trkpt lat="41.6699" lon="-74.36929">
        <ele>621.8</ele>
      </trkpt>
      <trkpt lat="41.67002" lon="-74.36943">
        <ele>621.2</ele>
      </trkpt>
      <trkpt lat="41.67012" lon="-74.36958">
        <ele>619.8</ele>
      </trkpt>
      <trkpt lat="41.6702" lon="-74.36977">
        <ele>618.0</ele>
      </trkpt>
      <trkpt lat="41.67023" lon="-74.3699">
        <ele>617.3</ele>
      </trkpt>
      <trkpt lat="41.67021" lon="-74.37004">
        <ele>617.3</ele>
      </trkpt>
      <trkpt lat="41.67015" lon="-74.37038">
        <ele>615.5</ele>
      </trkpt>
      <trkpt lat="41.67015" lon="-74.37059">
        <ele>613.4</ele>
      </trkpt>
      <trkpt lat="41.67018" lon="-74.3708">
        <ele>611.0</ele>
      </trkpt>
      <trkpt lat="41.67027" lon="-74.37114">
        <ele>607.2</ele>
      </trkpt>
      <trkpt lat="41.67031" lon="-74.37137">
        <ele>606.2</ele>
      </trkpt>
      <trkpt lat="41.67046" lon="-74.37255">
        <ele>606.9</ele>
      </trkpt>
      <trkpt lat="41.67048" lon="-74.37297">
        <ele>611.2</ele>
      </trkpt>
      <trkpt lat="41.67047" lon="-74.37313">
        <ele>612.0</ele>
      </trkpt>
      <trkpt lat="41.67042" lon="-74.37344">
        <ele>613.3</ele>
      </trkpt>
      <trkpt lat="41.67035" lon="-74.37377">
        <ele>614.6</ele>
      </trkpt>
      <trkpt lat="41.67025" lon="-74.37411">
        <ele>615.8</ele>
      </trkpt>
      <trkpt lat="41.67008" lon="-74.37449">
        <ele>617.7</ele>
      </trkpt>
      <trkpt lat="41.6697" lon="-74.37524">
        <ele>614.9</ele>
      </trkpt>
      <trkpt lat="41.66946" lon="-74.37568">
        <ele>612.9</ele>
      </trkpt>
      <trkpt lat="41.66914" lon="-74.3762">
        <ele>610.4</ele>
      </trkpt>
      <trkpt lat="41.66883" lon="-74.37672">
        <ele>605.5</ele>
      </trkpt>
      <trkpt lat="41.66871" lon="-74.37696">
        <ele>602.7</ele>
      </trkpt>
      <trkpt lat="41.66868" lon="-74.37709">
        <ele>601.7</ele>
      </trkpt>
      <trkpt lat="41.66866" lon="-74.37725">
        <ele>600.2</ele>
      </trkpt>
      <trkpt lat="41.66867" lon="-74.37739">
        <ele>597.7</ele>
      </trkpt>
      <trkpt lat="41.66873" lon="-74.3779">
        <ele>591.5</ele>
      </trkpt>
      <trkpt lat="41.66875" lon="-74.37803">
        <ele>590.4</ele>
      </trkpt>
      <trkpt lat="41.66875" lon="-74.37815">
        <ele>590.2</ele>
      </trkpt>
      <trkpt lat="41.66873" lon="-74.37839">
        <ele>589.9</ele>
      </trkpt>
      <trkpt lat="41.66857" lon="-74.37954">
        <ele>583.8</ele>
      </trkpt>
      <trkpt lat="41.66855" lon="-74.37986">
        <ele>582.0</ele>
      </trkpt>
      <trkpt lat="41.66857" lon="-74.37992">
        <ele>581.6</ele>
      </trkpt>
      <trkpt lat="41.66869" lon="-74.38026">
        <ele>579.4</ele>
      </trkpt>
      <trkpt lat="41.66902" lon="-74.38102">
        <ele>574.7</ele>
      </trkpt>
      <trkpt lat="41.66943" lon="-74.38204">
        <ele>566.0</ele>
      </trkpt>
      <trkpt lat="41.66985" lon="-74.38306">
        <ele>561.1</ele>
      </trkpt>
      <trkpt lat="41.67006" lon="-74.38352">
        <ele>561.4</ele>
      </trkpt>
      <trkpt lat="41.6702" lon="-74.38328">
        <ele>562.1</ele>
      </trkpt>
      <trkpt lat="41.67036" lon="-74.38298">
        <ele>563.0</ele>
      </trkpt>
      <trkpt lat="41.67047" lon="-74.38269">
        <ele>563.4</ele>
      </trkpt>
      <trkpt lat="41.67067" lon="-74.38229">
        <ele>563.3</ele>
      </trkpt>
      <trkpt lat="41.67117" lon="-74.38161">
        <ele>559.8</ele>
      </trkpt>
      <trkpt lat="41.67153" lon="-74.38122">
        <ele>550.4</ele>
      </trkpt>
      <trkpt lat="41.67156" lon="-74.38117">
        <ele>549.1</ele>
      </trkpt>
      <trkpt lat="41.67158" lon="-74.38111">
        <ele>547.9</ele>
      </trkpt>
      <trkpt lat="41.67166" lon="-74.38066">
        <ele>541.2</ele>
      </trkpt>
      <trkpt lat="41.6717" lon="-74.38052">
        <ele>540.7</ele>
      </trkpt>
      <trkpt lat="41.6718" lon="-74.38025">
        <ele>541.7</ele>
      </trkpt>
      <trkpt lat="41.67199" lon="-74.37991">
        <ele>544.1</ele>
      </trkpt>
      <trkpt lat="41.67208" lon="-74.37968">
        <ele>543.8</ele>
      </trkpt>
      <trkpt lat="41.67238" lon="-74.37865">
        <ele>534.3</ele>
      </trkpt>
      <trkpt lat="41.67251" lon="-74.37824">
        <ele>530.2</ele>
      </trkpt>
      <trkpt lat="41.6727" lon="-74.37781">
        <ele>527.5</ele>
      </trkpt>
      <trkpt lat="41.67284" lon="-74.37755">
        <ele>527.0</ele>
      </trkpt>
      <trkpt lat="41.67292" lon="-74.37744">
        <ele>526.6</ele>
      </trkpt>
      <trkpt lat="41.67323" lon="-74.37706">
        <ele>524.7</ele>
      </trkpt>
      <trkpt lat="41.67351" lon="-74.37667">
        <ele>520.6</ele>
      </trkpt>
      <trkpt lat="41.67378" lon="-74.37623">
        <ele>518.3</ele>
      </trkpt>
      <trkpt lat="41.67409" lon="-74.37566">
        <ele>512.0</ele>
      </trkpt>
      <trkpt lat="41.6744" lon="-74.37509">
        <ele>502.9</ele>
      </trkpt>
      <trkpt lat="41.67445" lon="-74.37498">
        <ele>502.4</ele>
      </trkpt>
      <trkpt lat="41.67453" lon="-74.37472">
        <ele>499.9</ele>
      </trkpt>
      <trkpt lat="41.67461" lon="-74.37439">
        <ele>498.7</ele>
      </trkpt>
      <trkpt lat="41.67463" lon="-74.37426">
        <ele>497.9</ele>
      </trkpt>
      <trkpt lat="41.67463" lon="-74.37389">
        <ele>494.7</ele>
      </trkpt>
      <trkpt lat="41.67464" lon="-74.37383">
        <ele>494.4</ele>
      </trkpt>
      <trkpt lat="41.67471" lon="-74.37372">
        <ele>493.3</ele>
      </trkpt>
      <trkpt lat="41.6749" lon="-74.37351">
        <ele>488.8</ele>
      </trkpt>
      <trkpt lat="41.67557" lon="-74.3729">
        <ele>482.8</ele>
      </trkpt>
      <trkpt lat="41.6758" lon="-74.37267">
        <ele>477.7</ele>
      </trkpt>
      <trkpt lat="41.67595" lon="-74.37256">
        <ele>476.8</ele>
      </trkpt>
      <trkpt lat="41.67606" lon="-74.37251">
        <ele>475.9</ele>
      </trkpt>
      <trkpt lat="41.67619" lon="-74.37245">
        <ele>474.8</ele>
      </trkpt>
      <trkpt lat="41.6764" lon="-74.37229">
        <ele>470.4</ele>
      </trkpt>
      <trkpt lat="41.67651" lon="-74.37217">
        <ele>468.6</ele>
      </trkpt>
      <trkpt lat="41.67656" lon="-74.37204">
        <ele>467.4</ele>
      </trkpt>
      <trkpt lat="41.67659" lon="-74.37194">
        <ele>466.3</ele>
      </trkpt>
      <trkpt lat="41.67665" lon="-74.3716">
        <ele>463.4</ele>
      </trkpt>
      <trkpt lat="41.67666" lon="-74.37154">
        <ele>462.9</ele>
      </trkpt>
      <trkpt lat="41.6767" lon="-74.3715">
        <ele>462.1</ele>
      </trkpt>
      <trkpt lat="41.67677" lon="-74.37147">
        <ele>461.1</ele>
      </trkpt>
      <trkpt lat="41.67688" lon="-74.37147">
        <ele>460.6</ele>
      </trkpt>
      <trkpt lat="41.67698" lon="-74.37149">
        <ele>460.1</ele>
      </trkpt>
      <trkpt lat="41.6771" lon="-74.37153">
        <ele>460.5</ele>
      </trkpt>
      <trkpt lat="41.67725" lon="-74.37166">
        <ele>460.5</ele>
      </trkpt>
      <trkpt lat="41.67733" lon="-74.37176">
        <ele>459.9</ele>
      </trkpt>
      <trkpt lat="41.67741" lon="-74.3718">
        <ele>459.6</ele>
      </trkpt>
      <trkpt lat="41.67746" lon="-74.37179">
        <ele>459.6</ele>
      </trkpt>
      <trkpt lat="41.67751" lon="-74.37175">
        <ele>459.6</ele>
      </trkpt>
      <trkpt lat="41.67779" lon="-74.37141">
        <ele>455.5</ele>
      </trkpt>
      <trkpt lat="41.6779" lon="-74.37126">
        <ele>453.8</ele>
      </trkpt>
      <trkpt lat="41.67797" lon="-74.37112">
        <ele>452.5</ele>
      </trkpt>
      <trkpt lat="41.67805" lon="-74.3709">
        <ele>450.5</ele>
      </trkpt>
      <trkpt lat="41.67809" lon="-74.37087">
        <ele>450.0</ele>
      </trkpt>
      <trkpt lat="41.67813" lon="-74.37087">
        <ele>449.6</ele>
      </trkpt>
      <trkpt lat="41.67822" lon="-74.3709">
        <ele>448.6</ele>
      </trkpt>
      <trkpt lat="41.67834" lon="-74.37103">
        <ele>447.0</ele>
      </trkpt>
      <trkpt lat="41.67857" lon="-74.37139">
        <ele>445.2</ele>
      </trkpt>
      <trkpt lat="41.67871" lon="-74.37158">
        <ele>443.6</ele>
      </trkpt>
      <trkpt lat="41.67879" lon="-74.37166">
        <ele>442.0</ele>
      </trkpt>
      <trkpt lat="41.67887" lon="-74.3717">
        <ele>441.1</ele>
      </trkpt>
      <trkpt lat="41.67895" lon="-74.37173">
        <ele>440.1</ele>
      </trkpt>
      <trkpt lat="41.67908" lon="-74.37169">
        <ele>437.0</ele>
      </trkpt>
      <trkpt lat="41.67924" lon="-74.37167">
        <ele>432.5</ele>
      </trkpt>
      <trkpt lat="41.67931" lon="-74.37174">
        <ele>431.3</ele>
      </trkpt>
      <trkpt lat="41.67935" lon="-74.37181">
        <ele>431.5</ele>
      </trkpt>
      <trkpt lat="41.67943" lon="-74.37223">
        <ele>432.5</ele>
      </trkpt>
      <trkpt lat="41.6796" lon="-74.37278">
        <ele>434.2</ele>
      </trkpt>
      <trkpt lat="41.67973" lon="-74.37319">
        <ele>433.7</ele>
      </trkpt>
      <trkpt lat="41.67983" lon="-74.37341">
        <ele>432.9</ele>
      </trkpt>
      <trkpt lat="41.67994" lon="-74.37356">
        <ele>431.5</ele>
      </trkpt>
      <trkpt lat="41.68009" lon="-74.37371">
        <ele>428.7</ele>
      </trkpt>
      <trkpt lat="41.68026" lon="-74.37385">
        <ele>428.0</ele>
      </trkpt>
      <trkpt lat="41.68036" lon="-74.37399">
        <ele>427.4</ele>
      </trkpt>
      <trkpt lat="41.68042" lon="-74.37411">
        <ele>426.5</ele>
      </trkpt>
      <trkpt lat="41.68067" lon="-74.37479">
        <ele>420.6</ele>
      </trkpt>
      <trkpt lat="41.68079" lon="-74.37502">
        <ele>418.7</ele>
      </trkpt>
      <trkpt lat="41.68096" lon="-74.37529">
        <ele>417.3</ele>
      </trkpt>
      <trkpt lat="41.68101" lon="-74.37538">
        <ele>415.9</ele>
      </trkpt>
      <trkpt lat="41.68126" lon="-74.37607">
        <ele>408.7</ele>
      </trkpt>
      <trkpt lat="41.68139" lon="-74.37637">
        <ele>407.8</ele>
      </trkpt>
      <trkpt lat="41.68171" lon="-74.37701">
        <ele>405.0</ele>
      </trkpt>
      <trkpt lat="41.68177" lon="-74.37709">
        <ele>404.9</ele>
      </trkpt>
      <trkpt lat="41.68188" lon="-74.37721">
        <ele>404.6</ele>
      </trkpt>
      <trkpt lat="41.68204" lon="-74.37735">
        <ele>403.1</ele>
      </trkpt>
      <trkpt lat="41.68213" lon="-74.37745">
        <ele>401.9</ele>
      </trkpt>
      <trkpt lat="41.68219" lon="-74.37755">
        <ele>401.5</ele>
      </trkpt>
      <trkpt lat="41.6823" lon="-74.37776">
        <ele>400.8</ele>
      </trkpt>
      <trkpt lat="41.68236" lon="-74.37795">
        <ele>400.4</ele>
      </trkpt>
      <trkpt lat="41.68235" lon="-74.37811">
        <ele>400.1</ele>
      </trkpt>
      <trkpt lat="41.68232" lon="-74.37825">
        <ele>400.0</ele>
      </trkpt>
      <trkpt lat="41.68228" lon="-74.37835">
        <ele>399.8</ele>
      </trkpt>
      <trkpt lat="41.6821" lon="-74.37868">
        <ele>397.1</ele>
      </trkpt>
      <trkpt lat="41.68202" lon="-74.37888">
        <ele>395.0</ele>
      </trkpt>
      <trkpt lat="41.68197" lon="-74.37908">
        <ele>393.4</ele>
      </trkpt>
      <trkpt lat="41.68195" lon="-74.37919">
        <ele>392.7</ele>
      </trkpt>
      <trkpt lat="41.68195" lon="-74.37943">
        <ele>391.0</ele>
      </trkpt>
      <trkpt lat="41.682" lon="-74.37962">
        <ele>388.9</ele>
      </trkpt>
      <trkpt lat="41.68206" lon="-74.37975">
        <ele>387.6</ele>
      </trkpt>
      <trkpt lat="41.68215" lon="-74.37988">
        <ele>385.7</ele>
      </trkpt>
      <trkpt lat="41.68239" lon="-74.38008">
        <ele>380.2</ele>
      </trkpt>
      <trkpt lat="41.68293" lon="-74.38077">
        <ele>381.5</ele>
      </trkpt>
      <trkpt lat="41.68318" lon="-74.38112">
        <ele>380.0</ele>
      </trkpt>
      <trkpt lat="41.68336" lon="-74.38142">
        <ele>376.8</ele>
      </trkpt>
      <trkpt lat="41.68366" lon="-74.38212">
        <ele>368.5</ele>
      </trkpt>
      <trkpt lat="41.68378" lon="-74.38231">
        <ele>366.3</ele>
      </trkpt>
      <trkpt lat="41.68418" lon="-74.3829">
        <ele>361.4</ele>
      </trkpt>
      <trkpt lat="41.68456" lon="-74.38342">
        <ele>356.2</ele>
      </trkpt>
      <trkpt lat="41.6846" lon="-74.38346">
        <ele>356.1</ele>
      </trkpt>
      <trkpt lat="41.68474" lon="-74.38356">
        <ele>356.1</ele>
      </trkpt>
      <trkpt lat="41.68503" lon="-74.38375">
        <ele>356.8</ele>
      </trkpt>
      <trkpt lat="41.68563" lon="-74.38429">
        <ele>356.9</ele>
      </trkpt>
      <trkpt lat="41.68578" lon="-74.38444">
        <ele>356.1</ele>
      </trkpt>
      <trkpt lat="41.68589" lon="-74.38454">
        <ele>355.5</ele>
      </trkpt>
      <trkpt lat="41.68616" lon="-74.38474">
        <ele>352.9</ele>
      </trkpt>
      <trkpt lat="41.68639" lon="-74.38484">
        <ele>350.5</ele>
      </trkpt>
      <trkpt lat="41.68658" lon="-74.38489">
        <ele>350.0</ele>
      </trkpt>
      <trkpt lat="41.68703" lon="-74.38495">
        <ele>351.0</ele>
      </trkpt>
      <trkpt lat="41.68733" lon="-74.38503">
        <ele>349.7</ele>
      </trkpt>
      <trkpt lat="41.68774" lon="-74.38523">
        <ele>345.4</ele>
      </trkpt>
      <trkpt lat="41.688" lon="-74.38539">
        <ele>342.3</ele>
      </trkpt>
      <trkpt lat="41.68811" lon="-74.38544">
        <ele>340.7</ele>
      </trkpt>
      <trkpt lat="41.68826" lon="-74.3855">
        <ele>337.1</ele>
      </trkpt>
      <trkpt lat="41.68849" lon="-74.38561">
        <ele>332.6</ele>
      </trkpt>
      <trkpt lat="41.68878" lon="-74.3858">
        <ele>331.6</ele>
      </trkpt>
      <trkpt lat="41.68927" lon="-74.38609">
        <ele>329.9</ele>
      </trkpt>
      <trkpt lat="41.68949" lon="-74.38622">
        <ele>329.3</ele>
      </trkpt>
      <trkpt lat="41.69017" lon="-74.38658">
        <ele>324.6</ele>
      </trkpt>
      <trkpt lat="41.6904" lon="-74.38672">
        <ele>322.9</ele>
      </trkpt>
      <trkpt lat="41.69079" lon="-74.38699">
        <ele>319.5</ele>
      </trkpt>
      <trkpt lat="41.69117" lon="-74.38727">
        <ele>319.4</ele>
      </trkpt>
      <trkpt lat="41.69144" lon="-74.38742">
        <ele>318.7</ele>
      </trkpt>
      <trkpt lat="41.69168" lon="-74.38751">
        <ele>317.5</ele>
      </trkpt>
      <trkpt lat="41.69244" lon="-74.38773">
        <ele>308.6</ele>
      </trkpt>
      <trkpt lat="41.69254" lon="-74.38778">
        <ele>308.5</ele>
      </trkpt>
      <trkpt lat="41.69259" lon="-74.38782">
        <ele>308.8</ele>
      </trkpt>
      <trkpt lat="41.69263" lon="-74.38791">
        <ele>309.4</ele>
      </trkpt>
      <trkpt lat="41.69265" lon="-74.38808">
        <ele>309.8</ele>
      </trkpt>
      <trkpt lat="41.69263" lon="-74.38831">
        <ele>309.4</ele>
      </trkpt>
      <trkpt lat="41.69262" lon="-74.38858">
        <ele>308.8</ele>
      </trkpt>
      <trkpt lat="41.69266" lon="-74.38876">
        <ele>308.1</ele>
      </trkpt>
      <trkpt lat="41.69266" lon="-74.38886">
        <ele>307.1</ele>
      </trkpt>
      <trkpt lat="41.69268" lon="-74.38889">
        <ele>307.0</ele>
      </trkpt>
      <trkpt lat="41.69276" lon="-74.38897">
        <ele>306.6</ele>
      </trkpt>
      <trkpt lat="41.69289" lon="-74.38903">
        <ele>304.5</ele>
      </trkpt>
      <trkpt lat="41.69303" lon="-74.38906">
        <ele>301.3</ele>
      </trkpt>
      <trkpt lat="41.69342" lon="-74.38908">
        <ele>296.0</ele>
      </trkpt>
      <trkpt lat="41.69373" lon="-74.38913">
        <ele>291.5</ele>
      </trkpt>
      <trkpt lat="41.69431" lon="-74.38916">
        <ele>286.4</ele>
      </trkpt>
      <trkpt lat="41.6949" lon="-74.38918">
        <ele>281.1</ele>
      </trkpt>
      <trkpt lat="41.69497" lon="-74.38925">
        <ele>279.3</ele>
      </trkpt>
      <trkpt lat="41.69522" lon="-74.38934">
        <ele>275.7</ele>
      </trkpt>
      <trkpt lat="41.69543" lon="-74.38938">
        <ele>274.7</ele>
      </trkpt>
      <trkpt lat="41.69592" lon="-74.38944">
        <ele>268.0</ele>
      </trkpt>
      <trkpt lat="41.69618" lon="-74.38951">
        <ele>263.6</ele>
      </trkpt>
      <trkpt lat="41.69669" lon="-74.38968">
        <ele>257.7</ele>
      </trkpt>
      <trkpt lat="41.69693" lon="-74.38971">
        <ele>257.8</ele>
      </trkpt>
      <trkpt lat="41.69721" lon="-74.38972">
        <ele>253.0</ele>
      </trkpt>
      <trkpt lat="41.69734" lon="-74.3897">
        <ele>251.6</ele>
      </trkpt>
      <trkpt lat="41.69766" lon="-74.38956">
        <ele>242.8</ele>
      </trkpt>
      <trkpt lat="41.6983" lon="-74.38922">
        <ele>241.1</ele>
      </trkpt>
      <trkpt lat="41.69866" lon="-74.38898">
        <ele>238.9</ele>
      </trkpt>
      <trkpt lat="41.6988" lon="-74.38886">
        <ele>238.7</ele>
      </trkpt>
      <trkpt lat="41.69917" lon="-74.38849">
        <ele>239.0</ele>
      </trkpt>
      <trkpt lat="41.69936" lon="-74.38835">
        <ele>237.7</ele>
      </trkpt>
      <trkpt lat="41.69963" lon="-74.3882">
        <ele>232.1</ele>
      </trkpt>
      <trkpt lat="41.69983" lon="-74.38805">
        <ele>229.5</ele>
      </trkpt>
      <trkpt lat="41.70012" lon="-74.3878">
        <ele>221.6</ele>
      </trkpt>
      <trkpt lat="41.70029" lon="-74.38769">
        <ele>220.6</ele>
      </trkpt>
      <trkpt lat="41.70051" lon="-74.38761">
        <ele>220.5</ele>
      </trkpt>
      <trkpt lat="41.70129" lon="-74.38749">
        <ele>211.7</ele>
      </trkpt>
      <trkpt lat="41.70202" lon="-74.38733">
        <ele>200.9</ele>
      </trkpt>
      <trkpt lat="41.70257" lon="-74.38719">
        <ele>193.3</ele>
      </trkpt>
      <trkpt lat="41.70329" lon="-74.38711">
        <ele>182.7</ele>
      </trkpt>
      <trkpt lat="41.70398" lon="-74.38692">
        <ele>181.6</ele>
      </trkpt>
      <trkpt lat="41.70406" lon="-74.38692">
        <ele>181.1</ele>
      </trkpt>
      <trkpt lat="41.70416" lon="-74.38699">
        <ele>179.2</ele>
      </trkpt>
      <trkpt lat="41.70422" lon="-74.38706">
        <ele>177.9</ele>
      </trkpt>
      <trkpt lat="41.70439" lon="-74.38699">
        <ele>175.1</ele>
      </trkpt>
      <trkpt lat="41.70485" lon="-74.38672">
        <ele>170.0</ele>
      </trkpt>
      <trkpt lat="41.70551" lon="-74.38643">
        <ele>164.4</ele>
      </trkpt>
      <trkpt lat="41.70622" lon="-74.38613">
        <ele>158.3</ele>
      </trkpt>
      <trkpt lat="41.70636" lon="-74.3861">
        <ele>157.1</ele>
      </trkpt>
      <trkpt lat="41.70679" lon="-74.38608">
        <ele>151.9</ele>
      </trkpt>
      <trkpt lat="41.70696" lon="-74.38603">
        <ele>151.3</ele>
      </trkpt>
      <trkpt lat="41.70719" lon="-74.38584">
        <ele>150.7</ele>
      </trkpt>
      <trkpt lat="41.70734" lon="-74.38562">
        <ele>146.1</ele>
      </trkpt>
      <trkpt lat="41.7076" lon="-74.38504">
        <ele>145.8</ele>
      </trkpt>
      <trkpt lat="41.70771" lon="-74.38488">
        <ele>145.0</ele>
      </trkpt>
      <trkpt lat="41.70783" lon="-74.38475">
        <ele>143.2</ele>
      </trkpt>
      <trkpt lat="41.70796" lon="-74.38463">
        <ele>141.3</ele>
      </trkpt>
      <trkpt lat="41.70802" lon="-74.38459">
        <ele>140.6</ele>
      </trkpt>
      <trkpt lat="41.70824" lon="-74.38449">
        <ele>137.9</ele>
      </trkpt>
      <trkpt lat="41.70839" lon="-74.38445">
        <ele>136.1</ele>
      </trkpt>
      <trkpt lat="41.70857" lon="-74.38443">
        <ele>134.1</ele>
      </trkpt>
      <trkpt lat="41.70878" lon="-74.38444">
        <ele>132.6</ele>
      </trkpt>
      <trkpt lat="41.70893" lon="-74.38449">
        <ele>131.9</ele>
      </trkpt>
      <trkpt lat="41.70974" lon="-74.3845">
        <ele>126.0</ele>
      </trkpt>
      <trkpt lat="41.71059" lon="-74.38462">
        <ele>119.3</ele>
      </trkpt>
      <trkpt lat="41.71087" lon="-74.38468">
        <ele>117.6</ele>
      </trkpt>
      <trkpt lat="41.71144" lon="-74.38475">
        <ele>113.0</ele>
      </trkpt>
      <trkpt lat="41.712" lon="-74.38483">
        <ele>108.5</ele>
      </trkpt>
      <trkpt lat="41.71241" lon="-74.3849">
        <ele>106.7</ele>
      </trkpt>
      <trkpt lat="41.71266" lon="-74.38501">
        <ele>105.7</ele>
      </trkpt>
      <trkpt lat="41.71279" lon="-74.38509">
        <ele>105.3</ele>
      </trkpt>
      <trkpt lat="41.71295" lon="-74.38526">
        <ele>104.6</ele>
      </trkpt>
      <trkpt lat="41.71299" lon="-74.38532">
        <ele>104.4</ele>
      </trkpt>
      <trkpt lat="41.71303" lon="-74.38539">
        <ele>104.2</ele>
      </trkpt>
      <trkpt lat="41.71313" lon="-74.38521">
        <ele>104.0</ele>
      </trkpt>
      <trkpt lat="41.71321" lon="-74.38511">
        <ele>103.9</ele>
      </trkpt>
      <trkpt lat="41.71359" lon="-74.3847">
        <ele>101.4</ele>
      </trkpt>
      <trkpt lat="41.71396" lon="-74.38429">
        <ele>98.5</ele>
      </trkpt>
      <trkpt lat="41.71406" lon="-74.38414">
        <ele>98.3</ele>
      </trkpt>
      <trkpt lat="41.71421" lon="-74.38387">
        <ele>98.4</ele>
      </trkpt>
      <trkpt lat="41.71436" lon="-74.38366">
        <ele>98.2</ele>
      </trkpt>
      <trkpt lat="41.71462" lon="-74.38344">
        <ele>97.2</ele>
      </trkpt>
      <trkpt lat="41.71478" lon="-74.38335">
        <ele>96.9</ele>
      </trkpt>
      <trkpt lat="41.7149" lon="-74.3833">
        <ele>96.7</ele>
      </trkpt>
      <trkpt lat="41.7153" lon="-74.3832">
        <ele>96.1</ele>
      </trkpt>
      <trkpt lat="41.71546" lon="-74.38312">
        <ele>96.0</ele>
      </trkpt>
      <trkpt lat="41.71546" lon="-74.38312">
        <ele>96.0</ele>
      </trkpt>
      <trkpt lat="41.71556" lon="-74.38306">
        <ele>95.9</ele>
      </trkpt>
      <trkpt lat="41.71568" lon="-74.38293">
        <ele>96.0</ele>
      </trkpt>
      <trkpt lat="41.71607" lon="-74.38244">
        <ele>96.4</ele>
      </trkpt>
      <trkpt lat="41.71622" lon="-74.3822">
        <ele>96.5</ele>
      </trkpt>
      <trkpt lat="41.71637" lon="-74.38186">
        <ele>96.8</ele>
      </trkpt>
      <trkpt lat="41.71654" lon="-74.38156">
        <ele>96.7</ele>
      </trkpt>
      <trkpt lat="41.7167" lon="-74.38134">
        <ele>96.5</ele>
      </trkpt>
      <trkpt lat="41.71681" lon="-74.38122">
        <ele>96.4</ele>
      </trkpt>
      <trkpt lat="41.71692" lon="-74.38112">
        <ele>96.5</ele>
      </trkpt>
      <trkpt lat="41.71703" lon="-74.38103">
        <ele>96.6</ele>
      </trkpt>
      <trkpt lat="41.7173" lon="-74.38087">
        <ele>96.4</ele>
      </trkpt>
      <trkpt lat="41.7178" lon="-74.38067">
        <ele>96.1</ele>
      </trkpt>
      <trkpt lat="41.7179" lon="-74.38062">
        <ele>95.9</ele>
      </trkpt>
      <trkpt lat="41.718" lon="-74.38048">
        <ele>96.1</ele>
      </trkpt>
      <trkpt lat="41.71807" lon="-74.38033">
        <ele>96.0</ele>
      </trkpt>
      <trkpt lat="41.71814" lon="-74.38013">
        <ele>95.6</ele>
      </trkpt>
      <trkpt lat="41.71823" lon="-74.37969">
        <ele>95.4</ele>
      </trkpt>
      <trkpt lat="41.71841" lon="-74.37889">
        <ele>97.3</ele>
      </trkpt>
      <trkpt lat="41.71851" lon="-74.37861">
        <ele>98.0</ele>
      </trkpt>
      <trkpt lat="41.71862" lon="-74.37843">
        <ele>98.4</ele>
      </trkpt>
      <trkpt lat="41.71871" lon="-74.37831">
        <ele>98.6</ele>
      </trkpt>
      <trkpt lat="41.71892" lon="-74.37816">
        <ele>98.4</ele>
      </trkpt>
      <trkpt lat="41.71906" lon="-74.37802">
        <ele>98.5</ele>
      </trkpt>
      <trkpt lat="41.71935" lon="-74.37767">
        <ele>99.0</ele>
      </trkpt>
      <trkpt lat="41.71948" lon="-74.37749">
        <ele>99.0</ele>
      </trkpt>
      <trkpt lat="41.7196" lon="-74.37736">
        <ele>98.7</ele>
      </trkpt>
      <trkpt lat="41.71972" lon="-74.37727">
        <ele>97.9</ele>
      </trkpt>
      <trkpt lat="41.71984" lon="-74.37721">
        <ele>97.2</ele>
      </trkpt>
      <trkpt lat="41.71999" lon="-74.3772">
        <ele>96.8</ele>
      </trkpt>
      <trkpt lat="41.7202" lon="-74.37722">
        <ele>96.4</ele>
      </trkpt>
      <trkpt lat="41.72074" lon="-74.37736">
        <ele>95.6</ele>
      </trkpt>
      <trkpt lat="41.72082" lon="-74.37734">
        <ele>95.5</ele>
      </trkpt>
      <trkpt lat="41.72091" lon="-74.37728">
        <ele>95.5</ele>
      </trkpt>
      <trkpt lat="41.72126" lon="-74.3768">
        <ele>96.2</ele>
      </trkpt>
      <trkpt lat="41.72139" lon="-74.3767">
        <ele>96.1</ele>
      </trkpt>
      <trkpt lat="41.72178" lon="-74.37642">
        <ele>96.0</ele>
      </trkpt>
      <trkpt lat="41.72218" lon="-74.37618">
        <ele>96.4</ele>
      </trkpt>
      <trkpt lat="41.72257" lon="-74.3759">
        <ele>96.8</ele>
      </trkpt>
      <trkpt lat="41.72288" lon="-74.37563">
        <ele>98.4</ele>
      </trkpt>
      <trkpt lat="41.72293" lon="-74.37556">
        <ele>98.4</ele>
      </trkpt>
      <trkpt lat="41.72301" lon="-74.37539">
        <ele>98.4</ele>
      </trkpt>
      <trkpt lat="41.72314" lon="-74.375">
        <ele>99.8</ele>
      </trkpt>
      <trkpt lat="41.7232" lon="-74.37491">
        <ele>100.0</ele>
      </trkpt>
      <trkpt lat="41.72334" lon="-74.37477">
        <ele>100.8</ele>
      </trkpt>
      <trkpt lat="41.72373" lon="-74.37441">
        <ele>104.2</ele>
      </trkpt>
      <trkpt lat="41.72413" lon="-74.37405">
        <ele>107.2</ele>
      </trkpt>
      <trkpt lat="41.72432" lon="-74.37382">
        <ele>108.8</ele>
      </trkpt>
      <trkpt lat="41.72452" lon="-74.37353">
        <ele>109.4</ele>
      </trkpt>
      <trkpt lat="41.72479" lon="-74.37308">
        <ele>110.2</ele>
      </trkpt>
      <trkpt lat="41.72507" lon="-74.37269">
        <ele>114.2</ele>
      </trkpt>
      <trkpt lat="41.7253" lon="-74.37241">
        <ele>115.8</ele>
      </trkpt>
      <trkpt lat="41.72562" lon="-74.37197">
        <ele>116.0</ele>
      </trkpt>
      <trkpt lat="41.72578" lon="-74.3717">
        <ele>116.1</ele>
      </trkpt>
      <trkpt lat="41.72588" lon="-74.3715">
        <ele>117.0</ele>
      </trkpt>
      <trkpt lat="41.72609" lon="-74.37089">
        <ele>120.7</ele>
      </trkpt>
      <trkpt lat="41.72626" lon="-74.37059">
        <ele>120.9</ele>
      </trkpt>
      <trkpt lat="41.72675" lon="-74.36988">
        <ele>122.0</ele>
      </trkpt>
      <trkpt lat="41.72691" lon="-74.36969">
        <ele>120.8</ele>
      </trkpt>
      <trkpt lat="41.72705" lon="-74.36956">
        <ele>119.0</ele>
      </trkpt>
      <trkpt lat="41.72743" lon="-74.36916">
        <ele>115.0</ele>
      </trkpt>
      <trkpt lat="41.72755" lon="-74.36908">
        <ele>114.0</ele>
      </trkpt>
      <trkpt lat="41.72773" lon="-74.36902">
        <ele>113.3</ele>
      </trkpt>
      <trkpt lat="41.72801" lon="-74.36897">
        <ele>111.0</ele>
      </trkpt>
      <trkpt lat="41.72827" lon="-74.36887">
        <ele>110.6</ele>
      </trkpt>
      <trkpt lat="41.72849" lon="-74.36875">
        <ele>109.3</ele>
      </trkpt>
      <trkpt lat="41.72887" lon="-74.36859">
        <ele>101.8</ele>
      </trkpt>
      <trkpt lat="41.72921" lon="-74.36838">
        <ele>97.9</ele>
      </trkpt>
      <trkpt lat="41.72967" lon="-74.36806">
        <ele>101.6</ele>
      </trkpt>
      <trkpt lat="41.73007" lon="-74.36776">
        <ele>100.0</ele>
      </trkpt>
      <trkpt lat="41.73047" lon="-74.36747">
        <ele>100.0</ele>
      </trkpt>
      <trkpt lat="41.73096" lon="-74.36699">
        <ele>100.8</ele>
      </trkpt>
      <trkpt lat="41.73145" lon="-74.36648">
        <ele>97.5</ele>
      </trkpt>
      <trkpt lat="41.73156" lon="-74.3664">
        <ele>96.8</ele>
      </trkpt>
      <trkpt lat="41.73169" lon="-74.36635">
        <ele>96.3</ele>
      </trkpt>
      <trkpt lat="41.73185" lon="-74.36634">
        <ele>95.0</ele>
      </trkpt>
      <trkpt lat="41.73218" lon="-74.36636">
        <ele>91.4</ele>
      </trkpt>
      <trkpt lat="41.73228" lon="-74.36635">
        <ele>90.5</ele>
      </trkpt>
      <trkpt lat="41.73241" lon="-74.3663">
        <ele>90.1</ele>
      </trkpt>
      <trkpt lat="41.73259" lon="-74.36619">
        <ele>89.9</ele>
      </trkpt>
      <trkpt lat="41.73264" lon="-74.36632">
        <ele>89.1</ele>
      </trkpt>
      <trkpt lat="41.73311" lon="-74.36607">
        <ele>89.0</ele>
      </trkpt>
      <trkpt lat="41.73357" lon="-74.36583">
        <ele>88.7</ele>
      </trkpt>
      <trkpt lat="41.73404" lon="-74.36567">
        <ele>85.7</ele>
      </trkpt>
      <trkpt lat="41.73478" lon="-74.36555">
        <ele>84.7</ele>
      </trkpt>
      <trkpt lat="41.73552" lon="-74.36543">
        <ele>85.2</ele>
      </trkpt>
      <trkpt lat="41.73565" lon="-74.36544">
        <ele>85.1</ele>
      </trkpt>
      <trkpt lat="41.73573" lon="-74.36547">
        <ele>84.8</ele>
      </trkpt>
      <trkpt lat="41.73627" lon="-74.36587">
        <ele>84.8</ele>
      </trkpt>
      <trkpt lat="41.73652" lon="-74.36603">
        <ele>84.7</ele>
      </trkpt>
      <trkpt lat="41.73681" lon="-74.36614">
        <ele>84.7</ele>
      </trkpt>
      <trkpt lat="41.73697" lon="-74.36618">
        <ele>84.8</ele>
      </trkpt>
      <trkpt lat="41.73713" lon="-74.36616">
        <ele>84.8</ele>
      </trkpt>
      <trkpt lat="41.73733" lon="-74.36608">
        <ele>84.8</ele>
      </trkpt>
      <trkpt lat="41.7377" lon="-74.36588">
        <ele>84.8</ele>
      </trkpt>
      <trkpt lat="41.73797" lon="-74.36577">
        <ele>84.8</ele>
      </trkpt>
      <trkpt lat="41.73828" lon="-74.36568">
        <ele>84.8</ele>
      </trkpt>
      <trkpt lat="41.73893" lon="-74.36566">
        <ele>84.8</ele>
      </trkpt>
      <trkpt lat="41.73958" lon="-74.36565">
        <ele>84.8</ele>
      </trkpt>
      <trkpt lat="41.73982" lon="-74.36566">
        <ele>84.8</ele>
      </trkpt>
      <trkpt lat="41.74022" lon="-74.3655">
        <ele>84.9</ele>
      </trkpt>
      <trkpt lat="41.74046" lon="-74.36544">
        <ele>85.0</ele>
      </trkpt>
      <trkpt lat="41.74083" lon="-74.36545">
        <ele>85.0</ele>
      </trkpt>
      <trkpt lat="41.74113" lon="-74.36549">
        <ele>84.9</ele>
      </trkpt>
      <trkpt lat="41.74176" lon="-74.36564">
        <ele>84.7</ele>
      </trkpt>
      <trkpt lat="41.74253" lon="-74.36598">
        <ele>84.5</ele>
      </trkpt>
      <trkpt lat="41.74309" lon="-74.36598">
        <ele>84.6</ele>
      </trkpt>
      <trkpt lat="41.74365" lon="-74.36597">
        <ele>84.6</ele>
      </trkpt>
      <trkpt lat="41.74408" lon="-74.36587">
        <ele>84.5</ele>
      </trkpt>
      <trkpt lat="41.74426" lon="-74.36576">
        <ele>84.5</ele>
      </trkpt>
      <trkpt lat="41.74451" lon="-74.36558">
        <ele>84.5</ele>
      </trkpt>
      <trkpt lat="41.74511" lon="-74.36524">
        <ele>84.5</ele>
      </trkpt>
      <trkpt lat="41.74548" lon="-74.36487">
        <ele>84.6</ele>
      </trkpt>
      <trkpt lat="41.74602" lon="-74.3643">
        <ele>84.6</ele>
      </trkpt>
      <trkpt lat="41.74619" lon="-74.36409">
        <ele>84.6</ele>
      </trkpt>
      <trkpt lat="41.74655" lon="-74.36361">
        <ele>84.6</ele>
      </trkpt>
      <trkpt lat="41.74674" lon="-74.3633">
        <ele>84.6</ele>
      </trkpt>
      <trkpt lat="41.74693" lon="-74.36302">
        <ele>84.6</ele>
      </trkpt>
      <trkpt lat="41.74698" lon="-74.36291">
        <ele>84.6</ele>
      </trkpt>
      <trkpt lat="41.74699" lon="-74.36279">
        <ele>84.6</ele>
      </trkpt>
      <trkpt lat="41.74697" lon="-74.36267">
        <ele>84.6</ele>
      </trkpt>
      <trkpt lat="41.74688" lon="-74.36236">
        <ele>84.6</ele>
      </trkpt>
      <trkpt lat="41.74675" lon="-74.36205">
        <ele>84.6</ele>
      </trkpt>
      <trkpt lat="41.74665" lon="-74.36165">
        <ele>84.6</ele>
      </trkpt>
      <trkpt lat="41.74635" lon="-74.36129">
        <ele>84.6</ele>
      </trkpt>
      <trkpt lat="41.74608" lon="-74.36105">
        <ele>84.6</ele>
      </trkpt>
      <trkpt lat="41.74541" lon="-74.36065">
        <ele>84.6</ele>
      </trkpt>
      <trkpt lat="41.74512" lon="-74.36051">
        <ele>84.8</ele>
      </trkpt>
      <trkpt lat="41.74495" lon="-74.36041">
        <ele>84.9</ele>
      </trkpt>
      <trkpt lat="41.74454" lon="-74.36026">
        <ele>85.2</ele>
      </trkpt>
      <trkpt lat="41.74457" lon="-74.36016">
        <ele>85.1</ele>
      </trkpt>
      <trkpt lat="41.74461" lon="-74.35989">
        <ele>85.1</ele>
      </trkpt>
      <trkpt lat="41.74466" lon="-74.35929">
        <ele>85.1</ele>
      </trkpt>
      <trkpt lat="41.74468" lon="-74.35869">
        <ele>85.1</ele>
      </trkpt>
      <trkpt lat="41.74476" lon="-74.35756">
        <ele>85.1</ele>
      </trkpt>
      <trkpt lat="41.74479" lon="-74.35725">
        <ele>85.1</ele>
      </trkpt>
      <trkpt lat="41.74485" lon="-74.35695">
        <ele>85.1</ele>
      </trkpt>
      <trkpt lat="41.74492" lon="-74.35668">
        <ele>85.1</ele>
      </trkpt>
      <trkpt lat="41.74522" lon="-74.35564">
        <ele>85.3</ele>
      </trkpt>
      <trkpt lat="41.74536" lon="-74.35532">
        <ele>87.1</ele>
      </trkpt>
      <trkpt lat="41.74546" lon="-74.35515">
        <ele>87.4</ele>
      </trkpt>
      <trkpt lat="41.7456" lon="-74.35498">
        <ele>87.2</ele>
      </trkpt>
      <trkpt lat="41.74594" lon="-74.35463">
        <ele>86.8</ele>
      </trkpt>
      <trkpt lat="41.74611" lon="-74.35441">
        <ele>86.6</ele>
      </trkpt>
      <trkpt lat="41.74652" lon="-74.35369">
        <ele>86.3</ele>
      </trkpt>
      <trkpt lat="41.74681" lon="-74.35322">
        <ele>86.0</ele>
      </trkpt>
      <trkpt lat="41.74691" lon="-74.35302">
        <ele>85.9</ele>
      </trkpt>
      <trkpt lat="41.74695" lon="-74.35289">
        <ele>85.7</ele>
      </trkpt>
      <trkpt lat="41.74697" lon="-74.35267">
        <ele>85.3</ele>
      </trkpt>
      <trkpt lat="41.747" lon="-74.35201">
        <ele>84.3</ele>
      </trkpt>
      <trkpt lat="41.747" lon="-74.35175">
        <ele>84.4</ele>
      </trkpt>
      <trkpt lat="41.74695" lon="-74.35127">
        <ele>86.0</ele>
      </trkpt>
      <trkpt lat="41.74697" lon="-74.35107">
        <ele>86.0</ele>
      </trkpt>
      <trkpt lat="41.74701" lon="-74.35092">
        <ele>86.8</ele>
      </trkpt>
      <trkpt lat="41.74712" lon="-74.35072">
        <ele>89.5</ele>
      </trkpt>
      <trkpt lat="41.74756" lon="-74.35012">
        <ele>89.9</ele>
      </trkpt>
      <trkpt lat="41.74782" lon="-74.34981">
        <ele>87.9</ele>
      </trkpt>
      <trkpt lat="41.74803" lon="-74.3496">
        <ele>88.2</ele>
      </trkpt>
      <trkpt lat="41.7482" lon="-74.34947">
        <ele>88.5</ele>
      </trkpt>
      <trkpt lat="41.74836" lon="-74.34939">
        <ele>88.1</ele>
      </trkpt>
      <trkpt lat="41.74876" lon="-74.34926">
        <ele>86.2</ele>
      </trkpt>
      <trkpt lat="41.74887" lon="-74.34919">
        <ele>86.1</ele>
      </trkpt>
      <trkpt lat="41.74896" lon="-74.34911">
        <ele>86.1</ele>
      </trkpt>
      <trkpt lat="41.749" lon="-74.34904">
        <ele>86.3</ele>
      </trkpt>
      <trkpt lat="41.74904" lon="-74.34897">
        <ele>86.4</ele>
      </trkpt>
      <trkpt lat="41.74916" lon="-74.34861">
        <ele>86.9</ele>
      </trkpt>
      <trkpt lat="41.74922" lon="-74.34846">
        <ele>86.7</ele>
      </trkpt>
      <trkpt lat="41.74928" lon="-74.34837">
        <ele>86.4</ele>
      </trkpt>
      <trkpt lat="41.74933" lon="-74.34833">
        <ele>86.1</ele>
      </trkpt>
      <trkpt lat="41.74941" lon="-74.34832">
        <ele>85.4</ele>
      </trkpt>
      <trkpt lat="41.74935" lon="-74.34815">
        <ele>86.3</ele>
      </trkpt>
      <trkpt lat="41.74929" lon="-74.34801">
        <ele>86.9</ele>
      </trkpt>
      <trkpt lat="41.74921" lon="-74.3479">
        <ele>87.6</ele>
      </trkpt>
      <trkpt lat="41.74927" lon="-74.34717">
        <ele>87.8</ele>
      </trkpt>
      <trkpt lat="41.74929" lon="-74.34705">
        <ele>87.8</ele>
      </trkpt>
      <trkpt lat="41.74961" lon="-74.34627">
        <ele>87.1</ele>
      </trkpt>
      <trkpt lat="41.74987" lon="-74.34573">
        <ele>87.4</ele>
      </trkpt>
      <trkpt lat="41.74991" lon="-74.34571">
        <ele>86.4</ele>
      </trkpt>
      <trkpt lat="41.74995" lon="-74.34566">
        <ele>86.3</ele>
      </trkpt>
      <trkpt lat="41.75" lon="-74.34557">
        <ele>86.5</ele>
      </trkpt>
      <trkpt lat="41.75029" lon="-74.34526">
        <ele>85.5</ele>
      </trkpt>
      <trkpt lat="41.75071" lon="-74.34474">
        <ele>85.1</ele>
      </trkpt>
      <trkpt lat="41.75088" lon="-74.3445">
        <ele>84.9</ele>
      </trkpt>
      <trkpt lat="41.75099" lon="-74.34429">
        <ele>84.6</ele>
      </trkpt>
      <trkpt lat="41.75122" lon="-74.34375">
        <ele>83.4</ele>
      </trkpt>
      <trkpt lat="41.75146" lon="-74.34328">
        <ele>82.7</ele>
      </trkpt>
      <trkpt lat="41.75176" lon="-74.34276">
        <ele>83.4</ele>
      </trkpt>
      <trkpt lat="41.75209" lon="-74.34224">
        <ele>83.0</ele>
      </trkpt>
      <trkpt lat="41.75228" lon="-74.34184">
        <ele>83.3</ele>
      </trkpt>
      <trkpt lat="41.75245" lon="-74.34156">
        <ele>83.1</ele>
      </trkpt>
      <trkpt lat="41.75272" lon="-74.34118">
        <ele>82.5</ele>
      </trkpt>
      <trkpt lat="41.75286" lon="-74.34093">
        <ele>82.5</ele>
      </trkpt>
      <trkpt lat="41.75302" lon="-74.3406">
        <ele>83.3</ele>
      </trkpt>
      <trkpt lat="41.75309" lon="-74.3404">
        <ele>85.7</ele>
      </trkpt>
      <trkpt lat="41.75325" lon="-74.33983">
        <ele>87.1</ele>
      </trkpt>
      <trkpt lat="41.75343" lon="-74.33925">
        <ele>88.8</ele>
      </trkpt>
      <trkpt lat="41.75374" lon="-74.339">
        <ele>87.0</ele>
      </trkpt>
      <trkpt lat="41.75386" lon="-74.33888">
        <ele>86.7</ele>
      </trkpt>
      <trkpt lat="41.75403" lon="-74.33862">
        <ele>86.7</ele>
      </trkpt>
      <trkpt lat="41.75429" lon="-74.33814">
        <ele>86.6</ele>
      </trkpt>
      <trkpt lat="41.75438" lon="-74.33788">
        <ele>86.7</ele>
      </trkpt>
      <trkpt lat="41.75468" lon="-74.33696">
        <ele>87.6</ele>
      </trkpt>
      <trkpt lat="41.75478" lon="-74.33673">
        <ele>87.6</ele>
      </trkpt>
      <trkpt lat="41.75488" lon="-74.33655">
        <ele>87.5</ele>
      </trkpt>
      <trkpt lat="41.75502" lon="-74.33634">
        <ele>87.2</ele>
      </trkpt>
      <trkpt lat="41.75523" lon="-74.33597">
        <ele>87.3</ele>
      </trkpt>
      <trkpt lat="41.75574" lon="-74.33513">
        <ele>87.3</ele>
      </trkpt>
      <trkpt lat="41.75589" lon="-74.33495">
        <ele>86.9</ele>
      </trkpt>
      <trkpt lat="41.75611" lon="-74.33471">
        <ele>86.1</ele>
      </trkpt>
      <trkpt lat="41.7563" lon="-74.33441">
        <ele>83.1</ele>
      </trkpt>
      <trkpt lat="41.75643" lon="-74.33419">
        <ele>82.5</ele>
      </trkpt>
      <trkpt lat="41.75654" lon="-74.33404">
        <ele>82.3</ele>
      </trkpt>
      <trkpt lat="41.75685" lon="-74.33374">
        <ele>82.3</ele>
      </trkpt>
      <trkpt lat="41.75722" lon="-74.33332">
        <ele>82.9</ele>
      </trkpt>
      <trkpt lat="41.75759" lon="-74.33289">
        <ele>82.9</ele>
      </trkpt>
      <trkpt lat="41.7578" lon="-74.33257">
        <ele>82.0</ele>
      </trkpt>
      <trkpt lat="41.7582" lon="-74.33189">
        <ele>81.5</ele>
      </trkpt>
      <trkpt lat="41.75843" lon="-74.33164">
        <ele>81.4</ele>
      </trkpt>
      <trkpt lat="41.75881" lon="-74.33128">
        <ele>82.0</ele>
      </trkpt>
      <trkpt lat="41.75894" lon="-74.33118">
        <ele>82.4</ele>
      </trkpt>
      <trkpt lat="41.75917" lon="-74.33106">
        <ele>82.9</ele>
      </trkpt>
      <trkpt lat="41.75944" lon="-74.33098">
        <ele>83.4</ele>
      </trkpt>
      <trkpt lat="41.75967" lon="-74.33097">
        <ele>83.5</ele>
      </trkpt>
      <trkpt lat="41.75985" lon="-74.33098">
        <ele>83.7</ele>
      </trkpt>
      <trkpt lat="41.76002" lon="-74.33104">
        <ele>83.6</ele>
      </trkpt>
      <trkpt lat="41.76016" lon="-74.33113">
        <ele>83.2</ele>
      </trkpt>
      <trkpt lat="41.76034" lon="-74.33127">
        <ele>82.9</ele>
      </trkpt>
      <trkpt lat="41.7606" lon="-74.33151">
        <ele>82.8</ele>
      </trkpt>
      <trkpt lat="41.76091" lon="-74.33173">
        <ele>82.7</ele>
      </trkpt>
      <trkpt lat="41.76118" lon="-74.33187">
        <ele>81.6</ele>
      </trkpt>
      <trkpt lat="41.76135" lon="-74.33192">
        <ele>80.7</ele>
      </trkpt>
      <trkpt lat="41.76142" lon="-74.33193">
        <ele>80.3</ele>
      </trkpt>
      <trkpt lat="41.7615" lon="-74.33191">
        <ele>80.2</ele>
      </trkpt>
      <trkpt lat="41.7616" lon="-74.33186">
        <ele>80.3</ele>
      </trkpt>
      <trkpt lat="41.76176" lon="-74.3317">
        <ele>81.0</ele>
      </trkpt>
      <trkpt lat="41.76216" lon="-74.33127">
        <ele>80.8</ele>
      </trkpt>
      <trkpt lat="41.76253" lon="-74.33076">
        <ele>80.2</ele>
      </trkpt>
      <trkpt lat="41.76266" lon="-74.33055">
        <ele>80.1</ele>
      </trkpt>
      <trkpt lat="41.76298" lon="-74.32989">
        <ele>79.8</ele>
      </trkpt>
      <trkpt lat="41.7633" lon="-74.32918">
        <ele>79.3</ele>
      </trkpt>
      <trkpt lat="41.76338" lon="-74.32897">
        <ele>79.3</ele>
      </trkpt>
      <trkpt lat="41.76345" lon="-74.32869">
        <ele>79.5</ele>
      </trkpt>
      <trkpt lat="41.76351" lon="-74.32849">
        <ele>79.4</ele>
      </trkpt>
      <trkpt lat="41.76363" lon="-74.32823">
        <ele>79.3</ele>
      </trkpt>
      <trkpt lat="41.76387" lon="-74.32779">
        <ele>79.2</ele>
      </trkpt>
      <trkpt lat="41.76414" lon="-74.32721">
        <ele>79.1</ele>
      </trkpt>
      <trkpt lat="41.76439" lon="-74.32679">
        <ele>79.1</ele>
      </trkpt>
      <trkpt lat="41.76473" lon="-74.32617">
        <ele>79.3</ele>
      </trkpt>
      <trkpt lat="41.76488" lon="-74.32583">
        <ele>79.3</ele>
      </trkpt>
      <trkpt lat="41.76494" lon="-74.32568">
        <ele>79.3</ele>
      </trkpt>
      <trkpt lat="41.76499" lon="-74.32544">
        <ele>79.2</ele>
      </trkpt>
      <trkpt lat="41.76507" lon="-74.32474">
        <ele>79.1</ele>
      </trkpt>
      <trkpt lat="41.76511" lon="-74.32441">
        <ele>79.1</ele>
      </trkpt>
      <trkpt lat="41.76522" lon="-74.32367">
        <ele>78.6</ele>
      </trkpt>
      <trkpt lat="41.76524" lon="-74.32358">
        <ele>78.5</ele>
      </trkpt>
      <trkpt lat="41.76534" lon="-74.32329">
        <ele>78.5</ele>
      </trkpt>
      <trkpt lat="41.76542" lon="-74.3231">
        <ele>78.6</ele>
      </trkpt>
      <trkpt lat="41.76556" lon="-74.32287">
        <ele>78.7</ele>
      </trkpt>
      <trkpt lat="41.76564" lon="-74.32276">
        <ele>78.7</ele>
      </trkpt>
      <trkpt lat="41.76588" lon="-74.32249">
        <ele>78.7</ele>
      </trkpt>
      <trkpt lat="41.76603" lon="-74.32236">
        <ele>79.7</ele>
      </trkpt>
      <trkpt lat="41.76627" lon="-74.32221">
        <ele>80.3</ele>
      </trkpt>
      <trkpt lat="41.7664" lon="-74.32208">
        <ele>81.1</ele>
      </trkpt>
      <trkpt lat="41.76662" lon="-74.32183">
        <ele>82.6</ele>
      </trkpt>
      <trkpt lat="41.76674" lon="-74.32172">
        <ele>83.2</ele>
      </trkpt>
      <trkpt lat="41.76739" lon="-74.32125">
        <ele>80.3</ele>
      </trkpt>
      <trkpt lat="41.76756" lon="-74.32107">
        <ele>80.0</ele>
      </trkpt>
      <trkpt lat="41.76785" lon="-74.32067">
        <ele>79.8</ele>
      </trkpt>
      <trkpt lat="41.76812" lon="-74.32022">
        <ele>79.6</ele>
      </trkpt>
      <trkpt lat="41.76821" lon="-74.32">
        <ele>79.4</ele>
      </trkpt>
      <trkpt lat="41.76827" lon="-74.31966">
        <ele>79.4</ele>
      </trkpt>
      <trkpt lat="41.76829" lon="-74.31951">
        <ele>79.4</ele>
      </trkpt>
      <trkpt lat="41.76828" lon="-74.31932">
        <ele>79.5</ele>
      </trkpt>
      <trkpt lat="41.7682" lon="-74.31881">
        <ele>79.6</ele>
      </trkpt>
      <trkpt lat="41.76818" lon="-74.3184">
        <ele>79.4</ele>
      </trkpt>
      <trkpt lat="41.76818" lon="-74.3181">
        <ele>79.2</ele>
      </trkpt>
      <trkpt lat="41.76814" lon="-74.31779">
        <ele>79.0</ele>
      </trkpt>
      <trkpt lat="41.76803" lon="-74.31739">
        <ele>79.0</ele>
      </trkpt>
      <trkpt lat="41.76793" lon="-74.31705">
        <ele>79.0</ele>
      </trkpt>
      <trkpt lat="41.76776" lon="-74.31655">
        <ele>79.0</ele>
      </trkpt>
      <trkpt lat="41.76738" lon="-74.31557">
        <ele>79.1</ele>
      </trkpt>
      <trkpt lat="41.76731" lon="-74.31537">
        <ele>79.1</ele>
      </trkpt>
      <trkpt lat="41.76725" lon="-74.31505">
        <ele>79.1</ele>
      </trkpt>
      <trkpt lat="41.76721" lon="-74.31471">
        <ele>79.1</ele>
      </trkpt>
      <trkpt lat="41.7672" lon="-74.31448">
        <ele>79.0</ele>
      </trkpt>
      <trkpt lat="41.76722" lon="-74.31395">
        <ele>78.6</ele>
      </trkpt>
      <trkpt lat="41.76724" lon="-74.31368">
        <ele>78.0</ele>
      </trkpt>
      <trkpt lat="41.76726" lon="-74.31358">
        <ele>77.9</ele>
      </trkpt>
      <trkpt lat="41.76733" lon="-74.31332">
        <ele>77.7</ele>
      </trkpt>
      <trkpt lat="41.76742" lon="-74.31306">
        <ele>77.3</ele>
      </trkpt>
      <trkpt lat="41.76763" lon="-74.31257">
        <ele>77.0</ele>
      </trkpt>
      <trkpt lat="41.76783" lon="-74.31221">
        <ele>77.5</ele>
      </trkpt>
      <trkpt lat="41.76797" lon="-74.31202">
        <ele>78.5</ele>
      </trkpt>
      <trkpt lat="41.76809" lon="-74.31189">
        <ele>79.7</ele>
      </trkpt>
      <trkpt lat="41.7683" lon="-74.3117">
        <ele>80.4</ele>
      </trkpt>
      <trkpt lat="41.76875" lon="-74.31134">
        <ele>79.7</ele>
      </trkpt>
      <trkpt lat="41.76886" lon="-74.31123">
        <ele>79.5</ele>
      </trkpt>
      <trkpt lat="41.76889" lon="-74.31118">
        <ele>79.5</ele>
      </trkpt>
      <trkpt lat="41.76903" lon="-74.31089">
        <ele>80.0</ele>
      </trkpt>
      <trkpt lat="41.7691" lon="-74.31068">
        <ele>80.0</ele>
      </trkpt>
      <trkpt lat="41.76913" lon="-74.31052">
        <ele>80.0</ele>
      </trkpt>
      <trkpt lat="41.7692" lon="-74.3101">
        <ele>80.5</ele>
      </trkpt>
      <trkpt lat="41.76921" lon="-74.31001">
        <ele>81.0</ele>
      </trkpt>
      <trkpt lat="41.7692" lon="-74.3099">
        <ele>81.2</ele>
      </trkpt>
      <trkpt lat="41.76919" lon="-74.30981">
        <ele>81.1</ele>
      </trkpt>
      <trkpt lat="41.76916" lon="-74.30972">
        <ele>81.1</ele>
      </trkpt>
      <trkpt lat="41.76896" lon="-74.30921">
        <ele>82.8</ele>
      </trkpt>
      <trkpt lat="41.76894" lon="-74.30909">
        <ele>82.8</ele>
      </trkpt>
      <trkpt lat="41.76895" lon="-74.30901">
        <ele>82.7</ele>
      </trkpt>
      <trkpt lat="41.76898" lon="-74.30897">
        <ele>82.4</ele>
      </trkpt>
      <trkpt lat="41.76928" lon="-74.30867">
        <ele>80.3</ele>
      </trkpt>
      <trkpt lat="41.76934" lon="-74.30856">
        <ele>80.2</ele>
      </trkpt>
      <trkpt lat="41.76938" lon="-74.30841">
        <ele>80.0</ele>
      </trkpt>
      <trkpt lat="41.76939" lon="-74.30833">
        <ele>80.0</ele>
      </trkpt>
      <trkpt lat="41.76939" lon="-74.30813">
        <ele>80.1</ele>
      </trkpt>
      <trkpt lat="41.76937" lon="-74.30796">
        <ele>80.4</ele>
      </trkpt>
      <trkpt lat="41.76937" lon="-74.30761">
        <ele>80.2</ele>
      </trkpt>
      <trkpt lat="41.76941" lon="-74.30721">
        <ele>78.5</ele>
      </trkpt>
      <trkpt lat="41.76957" lon="-74.30623">
        <ele>78.2</ele>
      </trkpt>
      <trkpt lat="41.76974" lon="-74.3054">
        <ele>78.4</ele>
      </trkpt>
      <trkpt lat="41.76988" lon="-74.30485">
        <ele>78.3</ele>
      </trkpt>
      <trkpt lat="41.77011" lon="-74.30419">
        <ele>78.1</ele>
      </trkpt>
      <trkpt lat="41.77016" lon="-74.30397">
        <ele>78.1</ele>
      </trkpt>
      <trkpt lat="41.77019" lon="-74.30373">
        <ele>78.3</ele>
      </trkpt>
      <trkpt lat="41.77022" lon="-74.30329">
        <ele>78.6</ele>
      </trkpt>
      <trkpt lat="41.77025" lon="-74.3031">
        <ele>78.6</ele>
      </trkpt>
      <trkpt lat="41.77048" lon="-74.30235">
        <ele>77.7</ele>
      </trkpt>
      <trkpt lat="41.77053" lon="-74.30207">
        <ele>77.0</ele>
      </trkpt>
      <trkpt lat="41.77056" lon="-74.30154">
        <ele>76.3</ele>
      </trkpt>
      <trkpt lat="41.77059" lon="-74.3013">
        <ele>76.3</ele>
      </trkpt>
      <trkpt lat="41.77064" lon="-74.30104">
        <ele>76.6</ele>
      </trkpt>
      <trkpt lat="41.77077" lon="-74.30063">
        <ele>76.8</ele>
      </trkpt>
      <trkpt lat="41.77095" lon="-74.30013">
        <ele>76.8</ele>
      </trkpt>
      <trkpt lat="41.77127" lon="-74.29934">
        <ele>77.0</ele>
      </trkpt>
      <trkpt lat="41.77167" lon="-74.29845">
        <ele>77.0</ele>
      </trkpt>
      <trkpt lat="41.77185" lon="-74.29804">
        <ele>77.2</ele>
      </trkpt>
      <trkpt lat="41.77202" lon="-74.29755">
        <ele>77.6</ele>
      </trkpt>
      <trkpt lat="41.77216" lon="-74.29701">
        <ele>77.8</ele>
      </trkpt>
      <trkpt lat="41.77228" lon="-74.29671">
        <ele>77.3</ele>
      </trkpt>
      <trkpt lat="41.77236" lon="-74.29653">
        <ele>77.0</ele>
      </trkpt>
      <trkpt lat="41.77264" lon="-74.29602">
        <ele>76.5</ele>
      </trkpt>
      <trkpt lat="41.77293" lon="-74.29545">
        <ele>76.2</ele>
      </trkpt>
      <trkpt lat="41.77308" lon="-74.29554">
        <ele>75.5</ele>
      </trkpt>
      <trkpt lat="41.77325" lon="-74.29514">
        <ele>75.4</ele>
      </trkpt>
      <trkpt lat="41.77344" lon="-74.29482">
        <ele>75.2</ele>
      </trkpt>
      <trkpt lat="41.77355" lon="-74.29457">
        <ele>75.3</ele>
      </trkpt>
      <trkpt lat="41.77388" lon="-74.29373">
        <ele>75.8</ele>
      </trkpt>
      <trkpt lat="41.7741" lon="-74.29311">
        <ele>76.1</ele>
      </trkpt>
      <trkpt lat="41.77414" lon="-74.29297">
        <ele>76.2</ele>
      </trkpt>
      <trkpt lat="41.77415" lon="-74.29285">
        <ele>76.4</ele>
      </trkpt>
      <trkpt lat="41.77431" lon="-74.29244">
        <ele>76.5</ele>
      </trkpt>
      <trkpt lat="41.77451" lon="-74.29187">
        <ele>76.9</ele>
      </trkpt>
      <trkpt lat="41.7747" lon="-74.2913">
        <ele>77.4</ele>
      </trkpt>
      <trkpt lat="41.77501" lon="-74.29048">
        <ele>76.8</ele>
      </trkpt>
      <trkpt lat="41.77532" lon="-74.28968">
        <ele>76.8</ele>
      </trkpt>
      <trkpt lat="41.77562" lon="-74.28888">
        <ele>75.7</ele>
      </trkpt>
      <trkpt lat="41.77593" lon="-74.28807">
        <ele>75.1</ele>
      </trkpt>
      <trkpt lat="41.7763" lon="-74.28716">
        <ele>74.7</ele>
      </trkpt>
      <trkpt lat="41.77666" lon="-74.28624">
        <ele>74.8</ele>
      </trkpt>
      <trkpt lat="41.77703" lon="-74.28532">
        <ele>74.4</ele>
      </trkpt>
      <trkpt lat="41.77739" lon="-74.2844">
        <ele>74.5</ele>
      </trkpt>
      <trkpt lat="41.77763" lon="-74.28373">
        <ele>75.2</ele>
      </trkpt>
      <trkpt lat="41.77788" lon="-74.28306">
        <ele>75.6</ele>
      </trkpt>
      <trkpt lat="41.77816" lon="-74.28212">
        <ele>75.8</ele>
      </trkpt>
      <trkpt lat="41.77845" lon="-74.28118">
        <ele>75.6</ele>
      </trkpt>
      <trkpt lat="41.77865" lon="-74.28039">
        <ele>75.6</ele>
      </trkpt>
      <trkpt lat="41.77885" lon="-74.27959">
        <ele>75.2</ele>
      </trkpt>
      <trkpt lat="41.77906" lon="-74.27861">
        <ele>74.8</ele>
      </trkpt>
      <trkpt lat="41.77927" lon="-74.27763">
        <ele>74.8</ele>
      </trkpt>
      <trkpt lat="41.77931" lon="-74.27742">
        <ele>74.8</ele>
      </trkpt>
      <trkpt lat="41.77948" lon="-74.27665">
        <ele>74.8</ele>
      </trkpt>
      <trkpt lat="41.77964" lon="-74.27587">
        <ele>74.9</ele>
      </trkpt>
      <trkpt lat="41.77987" lon="-74.27484">
        <ele>74.8</ele>
      </trkpt>
      <trkpt lat="41.78009" lon="-74.2738">
        <ele>74.8</ele>
      </trkpt>
      <trkpt lat="41.78032" lon="-74.27276">
        <ele>75.4</ele>
      </trkpt>
      <trkpt lat="41.78054" lon="-74.27172">
        <ele>75.1</ele>
      </trkpt>
      <trkpt lat="41.78077" lon="-74.27068">
        <ele>73.4</ele>
      </trkpt>
      <trkpt lat="41.78092" lon="-74.26967">
        <ele>71.1</ele>
      </trkpt>
      <trkpt lat="41.78099" lon="-74.26882">
        <ele>72.9</ele>
      </trkpt>
      <trkpt lat="41.78105" lon="-74.26766">
        <ele>73.6</ele>
      </trkpt>
      <trkpt lat="41.78112" lon="-74.26649">
        <ele>73.6</ele>
      </trkpt>
      <trkpt lat="41.78119" lon="-74.26532">
        <ele>71.6</ele>
      </trkpt>
      <trkpt lat="41.78125" lon="-74.26416">
        <ele>69.5</ele>
      </trkpt>
      <trkpt lat="41.78126" lon="-74.26345">
        <ele>69.5</ele>
      </trkpt>
      <trkpt lat="41.78118" lon="-74.26237">
        <ele>74.0</ele>
      </trkpt>
      <trkpt lat="41.7811" lon="-74.26128">
        <ele>73.9</ele>
      </trkpt>
      <trkpt lat="41.78102" lon="-74.26019">
        <ele>75.0</ele>
      </trkpt>
      <trkpt lat="41.78094" lon="-74.25911">
        <ele>75.5</ele>
      </trkpt>
      <trkpt lat="41.78087" lon="-74.25802">
        <ele>72.5</ele>
      </trkpt>
      <trkpt lat="41.78079" lon="-74.25693">
        <ele>75.3</ele>
      </trkpt>
      <trkpt lat="41.78072" lon="-74.25584">
        <ele>76.0</ele>
      </trkpt>
      <trkpt lat="41.78065" lon="-74.25475">
        <ele>77.3</ele>
      </trkpt>
      <trkpt lat="41.78057" lon="-74.25366">
        <ele>77.8</ele>
      </trkpt>
      <trkpt lat="41.78052" lon="-74.25299">
        <ele>76.8</ele>
      </trkpt>
      <trkpt lat="41.78046" lon="-74.25232">
        <ele>76.4</ele>
      </trkpt>
      <trkpt lat="41.78041" lon="-74.25145">
        <ele>76.2</ele>
      </trkpt>
      <trkpt lat="41.78035" lon="-74.25059">
        <ele>76.5</ele>
      </trkpt>
      <trkpt lat="41.78027" lon="-74.24946">
        <ele>76.9</ele>
      </trkpt>
      <trkpt lat="41.78019" lon="-74.24832">
        <ele>76.4</ele>
      </trkpt>
      <trkpt lat="41.78011" lon="-74.24719">
        <ele>72.9</ele>
      </trkpt>
      <trkpt lat="41.78003" lon="-74.24605">
        <ele>72.9</ele>
      </trkpt>
      <trkpt lat="41.77998" lon="-74.24502">
        <ele>75.0</ele>
      </trkpt>
      <trkpt lat="41.78" lon="-74.24447">
        <ele>75.5</ele>
      </trkpt>
      <trkpt lat="41.78008" lon="-74.24385">
        <ele>75.8</ele>
      </trkpt>
      <trkpt lat="41.78034" lon="-74.24319">
        <ele>75.4</ele>
      </trkpt>
      <trkpt lat="41.78063" lon="-74.24266">
        <ele>75.3</ele>
      </trkpt>
      <trkpt lat="41.78126" lon="-74.24191">
        <ele>75.7</ele>
      </trkpt>
      <trkpt lat="41.78189" lon="-74.24117">
        <ele>75.6</ele>
      </trkpt>
      <trkpt lat="41.78252" lon="-74.24042">
        <ele>75.9</ele>
      </trkpt>
      <trkpt lat="41.78313" lon="-74.23972">
        <ele>76.3</ele>
      </trkpt>
      <trkpt lat="41.78374" lon="-74.23902">
        <ele>77.9</ele>
      </trkpt>
      <trkpt lat="41.78434" lon="-74.23832">
        <ele>84.5</ele>
      </trkpt>
      <trkpt lat="41.78495" lon="-74.23762">
        <ele>84.9</ele>
      </trkpt>
      <trkpt lat="41.78522" lon="-74.23724">
        <ele>83.5</ele>
      </trkpt>
      <trkpt lat="41.7854" lon="-74.23695">
        <ele>81.9</ele>
      </trkpt>
      <trkpt lat="41.78561" lon="-74.23645">
        <ele>79.2</ele>
      </trkpt>
      <trkpt lat="41.78575" lon="-74.23607">
        <ele>79.1</ele>
      </trkpt>
      <trkpt lat="41.78584" lon="-74.2356">
        <ele>78.2</ele>
      </trkpt>
      <trkpt lat="41.78587" lon="-74.2352">
        <ele>77.9</ele>
      </trkpt>
      <trkpt lat="41.78599" lon="-74.23509">
        <ele>77.1</ele>
      </trkpt>
      <trkpt lat="41.78597" lon="-74.23454">
        <ele>75.3</ele>
      </trkpt>
      <trkpt lat="41.78594" lon="-74.23432">
        <ele>74.6</ele>
      </trkpt>
      <trkpt lat="41.7859" lon="-74.2342">
        <ele>74.4</ele>
      </trkpt>
      <trkpt lat="41.78584" lon="-74.23413">
        <ele>74.5</ele>
      </trkpt>
      <trkpt lat="41.78587" lon="-74.23378">
        <ele>73.8</ele>
      </trkpt>
      <trkpt lat="41.78587" lon="-74.23356">
        <ele>73.8</ele>
      </trkpt>
      <trkpt lat="41.78582" lon="-74.23269">
        <ele>73.6</ele>
      </trkpt>
      <trkpt lat="41.78578" lon="-74.23182">
        <ele>74.3</ele>
      </trkpt>
      <trkpt lat="41.78576" lon="-74.23155">
        <ele>74.5</ele>
      </trkpt>
      <trkpt lat="41.78571" lon="-74.23124">
        <ele>75.0</ele>
      </trkpt>
      <trkpt lat="41.78564" lon="-74.23099">
        <ele>75.4</ele>
      </trkpt>
      <trkpt lat="41.7855" lon="-74.23067">
        <ele>76.0</ele>
      </trkpt>
      <trkpt lat="41.78545" lon="-74.23053">
        <ele>76.2</ele>
      </trkpt>
      <trkpt lat="41.78543" lon="-74.23036">
        <ele>76.4</ele>
      </trkpt>
      <trkpt lat="41.78542" lon="-74.23021">
        <ele>76.5</ele>
      </trkpt>
      <trkpt lat="41.78545" lon="-74.23">
        <ele>76.7</ele>
      </trkpt>
      <trkpt lat="41.7855" lon="-74.22981">
        <ele>76.8</ele>
      </trkpt>
      <trkpt lat="41.78554" lon="-74.22972">
        <ele>76.8</ele>
      </trkpt>
      <trkpt lat="41.78557" lon="-74.22967">
        <ele>76.7</ele>
      </trkpt>
      <trkpt lat="41.7857" lon="-74.22951">
        <ele>76.6</ele>
      </trkpt>
      <trkpt lat="41.78567" lon="-74.22947">
        <ele>76.7</ele>
      </trkpt>
      <trkpt lat="41.78561" lon="-74.22936">
        <ele>76.8</ele>
      </trkpt>
      <trkpt lat="41.78545" lon="-74.22895">
        <ele>77.4</ele>
      </trkpt>
      <trkpt lat="41.78531" lon="-74.22841">
        <ele>77.6</ele>
      </trkpt>
      <trkpt lat="41.78524" lon="-74.22808">
        <ele>77.7</ele>
      </trkpt>
      <trkpt lat="41.78518" lon="-74.22781">
        <ele>77.7</ele>
      </trkpt>
      <trkpt lat="41.78507" lon="-74.22754">
        <ele>78.0</ele>
      </trkpt>
      <trkpt lat="41.78497" lon="-74.22735">
        <ele>78.2</ele>
      </trkpt>
      <trkpt lat="41.78481" lon="-74.22712">
        <ele>78.4</ele>
      </trkpt>
      <trkpt lat="41.78469" lon="-74.227">
        <ele>78.7</ele>
      </trkpt>
      <trkpt lat="41.78454" lon="-74.22689">
        <ele>78.8</ele>
      </trkpt>
      <trkpt lat="41.78418" lon="-74.22669">
        <ele>80.8</ele>
      </trkpt>
      <trkpt lat="41.78366" lon="-74.22644">
        <ele>80.1</ele>
      </trkpt>
      <trkpt lat="41.78339" lon="-74.2263">
        <ele>78.9</ele>
      </trkpt>
      <trkpt lat="41.78325" lon="-74.22616">
        <ele>78.9</ele>
      </trkpt>
      <trkpt lat="41.78313" lon="-74.22601">
        <ele>78.9</ele>
      </trkpt>
      <trkpt lat="41.78301" lon="-74.22577">
        <ele>78.9</ele>
      </trkpt>
      <trkpt lat="41.78295" lon="-74.22556">
        <ele>78.9</ele>
      </trkpt>
      <trkpt lat="41.78293" lon="-74.22538">
        <ele>78.9</ele>
      </trkpt>
      <trkpt lat="41.78293" lon="-74.22503">
        <ele>81.0</ele>
      </trkpt>
      <trkpt lat="41.78298" lon="-74.2244">
        <ele>84.0</ele>
      </trkpt>
      <trkpt lat="41.78302" lon="-74.22378">
        <ele>85.0</ele>
      </trkpt>
      <trkpt lat="41.78302" lon="-74.22364">
        <ele>85.1</ele>
      </trkpt>
      <trkpt lat="41.78295" lon="-74.22302">
        <ele>85.1</ele>
      </trkpt>
      <trkpt lat="41.78278" lon="-74.22196">
        <ele>85.1</ele>
      </trkpt>
      <trkpt lat="41.78268" lon="-74.22127">
        <ele>81.0</ele>
      </trkpt>
      <trkpt lat="41.78258" lon="-74.22058">
        <ele>73.3</ele>
      </trkpt>
      <trkpt lat="41.78244" lon="-74.21961">
        <ele>72.8</ele>
      </trkpt>
      <trkpt lat="41.7823" lon="-74.21865">
        <ele>70.9</ele>
      </trkpt>
      <trkpt lat="41.78222" lon="-74.21797">
        <ele>70.5</ele>
      </trkpt>
      <trkpt lat="41.78219" lon="-74.21762">
        <ele>70.1</ele>
      </trkpt>
      <trkpt lat="41.78216" lon="-74.21687">
        <ele>68.2</ele>
      </trkpt>
      <trkpt lat="41.78213" lon="-74.21611">
        <ele>66.7</ele>
      </trkpt>
      <trkpt lat="41.78211" lon="-74.21594">
        <ele>66.9</ele>
      </trkpt>
      <trkpt lat="41.78208" lon="-74.21557">
        <ele>67.2</ele>
      </trkpt>
      <trkpt lat="41.78201" lon="-74.21523">
        <ele>68.7</ele>
      </trkpt>
      <trkpt lat="41.78179" lon="-74.21441">
        <ele>67.9</ele>
      </trkpt>
      <trkpt lat="41.78158" lon="-74.21359">
        <ele>70.7</ele>
      </trkpt>
      <trkpt lat="41.78151" lon="-74.21327">
        <ele>71.3</ele>
      </trkpt>
      <trkpt lat="41.78148" lon="-74.21305">
        <ele>71.4</ele>
      </trkpt>
      <trkpt lat="41.78148" lon="-74.21273">
        <ele>71.7</ele>
      </trkpt>
      <trkpt lat="41.78151" lon="-74.21244">
        <ele>72.5</ele>
      </trkpt>
      <trkpt lat="41.78162" lon="-74.21204">
        <ele>73.0</ele>
      </trkpt>
      <trkpt lat="41.78183" lon="-74.21147">
        <ele>72.9</ele>
      </trkpt>
      <trkpt lat="41.78203" lon="-74.2109">
        <ele>72.8</ele>
      </trkpt>
      <trkpt lat="41.78221" lon="-74.21026">
        <ele>73.1</ele>
      </trkpt>
      <trkpt lat="41.7823" lon="-74.20981">
        <ele>77.5</ele>
      </trkpt>
      <trkpt lat="41.78232" lon="-74.20955">
        <ele>78.4</ele>
      </trkpt>
      <trkpt lat="41.78231" lon="-74.20942">
        <ele>78.3</ele>
      </trkpt>
      <trkpt lat="41.7823" lon="-74.20928">
        <ele>78.2</ele>
      </trkpt>
      <trkpt lat="41.78227" lon="-74.20915">
        <ele>78.2</ele>
      </trkpt>
      <trkpt lat="41.78222" lon="-74.20905">
        <ele>78.1</ele>
      </trkpt>
      <trkpt lat="41.78212" lon="-74.20892">
        <ele>78.2</ele>
      </trkpt>
      <trkpt lat="41.78189" lon="-74.20874">
        <ele>79.3</ele>
      </trkpt>
      <trkpt lat="41.78177" lon="-74.20866">
        <ele>79.8</ele>
      </trkpt>
      <trkpt lat="41.78128" lon="-74.20838">
        <ele>81.6</ele>
      </trkpt>
      <trkpt lat="41.78106" lon="-74.20819">
        <ele>83.3</ele>
      </trkpt>
      <trkpt lat="41.78096" lon="-74.20809">
        <ele>84.2</ele>
      </trkpt>
      <trkpt lat="41.78092" lon="-74.20801">
        <ele>84.5</ele>
      </trkpt>
      <trkpt lat="41.78075" lon="-74.20757">
        <ele>83.8</ele>
      </trkpt>
      <trkpt lat="41.78064" lon="-74.20732">
        <ele>82.3</ele>
      </trkpt>
      <trkpt lat="41.78038" lon="-74.20688">
        <ele>83.9</ele>
      </trkpt>
      <trkpt lat="41.78029" lon="-74.20664">
        <ele>85.0</ele>
      </trkpt>
      <trkpt lat="41.78024" lon="-74.20638">
        <ele>89.0</ele>
      </trkpt>
      <trkpt lat="41.78024" lon="-74.20622">
        <ele>91.0</ele>
      </trkpt>
      <trkpt lat="41.78025" lon="-74.20601">
        <ele>92.0</ele>
      </trkpt>
      <trkpt lat="41.78028" lon="-74.20588">
        <ele>92.5</ele>
      </trkpt>
      <trkpt lat="41.78047" lon="-74.20549">
        <ele>92.9</ele>
      </trkpt>
      <trkpt lat="41.78054" lon="-74.20525">
        <ele>93.2</ele>
      </trkpt>
      <trkpt lat="41.78069" lon="-74.20451">
        <ele>92.8</ele>
      </trkpt>
      <trkpt lat="41.78083" lon="-74.20413">
        <ele>94.7</ele>
      </trkpt>
      <trkpt lat="41.78103" lon="-74.20378">
        <ele>97.8</ele>
      </trkpt>
      <trkpt lat="41.78121" lon="-74.20353">
        <ele>98.3</ele>
      </trkpt>
      <trkpt lat="41.78155" lon="-74.20314">
        <ele>98.0</ele>
      </trkpt>
      <trkpt lat="41.7819" lon="-74.20269">
        <ele>97.6</ele>
      </trkpt>
      <trkpt lat="41.78209" lon="-74.20239">
        <ele>98.1</ele>
      </trkpt>
      <trkpt lat="41.78226" lon="-74.2021">
        <ele>99.0</ele>
      </trkpt>
      <trkpt lat="41.7823" lon="-74.202">
        <ele>99.5</ele>
      </trkpt>
      <trkpt lat="41.78237" lon="-74.20177">
        <ele>101.6</ele>
      </trkpt>
      <trkpt lat="41.78241" lon="-74.20154">
        <ele>103.8</ele>
      </trkpt>
      <trkpt lat="41.78244" lon="-74.20113">
        <ele>105.2</ele>
      </trkpt>
      <trkpt lat="41.78246" lon="-74.20032">
        <ele>109.3</ele>
      </trkpt>
      <trkpt lat="41.78247" lon="-74.19951">
        <ele>113.1</ele>
      </trkpt>
      <trkpt lat="41.78242" lon="-74.19839">
        <ele>118.6</ele>
      </trkpt>
      <trkpt lat="41.78242" lon="-74.19801">
        <ele>119.8</ele>
      </trkpt>
      <trkpt lat="41.78246" lon="-74.19688">
        <ele>121.1</ele>
      </trkpt>
      <trkpt lat="41.7825" lon="-74.19574">
        <ele>117.7</ele>
      </trkpt>
      <trkpt lat="41.78252" lon="-74.19537">
        <ele>116.8</ele>
      </trkpt>
      <trkpt lat="41.78255" lon="-74.19502">
        <ele>116.1</ele>
      </trkpt>
      <trkpt lat="41.78255" lon="-74.19483">
        <ele>115.8</ele>
      </trkpt>
      <trkpt lat="41.78253" lon="-74.19459">
        <ele>114.9</ele>
      </trkpt>
      <trkpt lat="41.78251" lon="-74.19453">
        <ele>114.5</ele>
      </trkpt>
      <trkpt lat="41.78238" lon="-74.19429">
        <ele>113.1</ele>
      </trkpt>
      <trkpt lat="41.78224" lon="-74.19403">
        <ele>112.0</ele>
      </trkpt>
      <trkpt lat="41.78192" lon="-74.19343">
        <ele>110.5</ele>
      </trkpt>
      <trkpt lat="41.7816" lon="-74.19283">
        <ele>108.8</ele>
      </trkpt>
      <trkpt lat="41.78143" lon="-74.19247">
        <ele>108.1</ele>
      </trkpt>
      <trkpt lat="41.7814" lon="-74.19237">
        <ele>107.9</ele>
      </trkpt>
      <trkpt lat="41.78141" lon="-74.19224">
        <ele>107.7</ele>
      </trkpt>
      <trkpt lat="41.78156" lon="-74.19152">
        <ele>106.8</ele>
      </trkpt>
      <trkpt lat="41.78172" lon="-74.19079">
        <ele>105.3</ele>
      </trkpt>
      <trkpt lat="41.78191" lon="-74.19024">
        <ele>104.8</ele>
      </trkpt>
      <trkpt lat="41.78201" lon="-74.18983">
        <ele>104.3</ele>
      </trkpt>
      <trkpt lat="41.78209" lon="-74.18946">
        <ele>103.7</ele>
      </trkpt>
      <trkpt lat="41.78218" lon="-74.18922">
        <ele>103.2</ele>
      </trkpt>
      <trkpt lat="41.78248" lon="-74.18863">
        <ele>102.0</ele>
      </trkpt>
      <trkpt lat="41.78256" lon="-74.18849">
        <ele>101.7</ele>
      </trkpt>
      <trkpt lat="41.78266" lon="-74.18836">
        <ele>101.4</ele>
      </trkpt>
      <trkpt lat="41.78289" lon="-74.18817">
        <ele>101.1</ele>
      </trkpt>
      <trkpt lat="41.78301" lon="-74.18809">
        <ele>100.9</ele>
      </trkpt>
      <trkpt lat="41.78319" lon="-74.18802">
        <ele>100.9</ele>
      </trkpt>
      <trkpt lat="41.78354" lon="-74.18791">
        <ele>102.2</ele>
      </trkpt>
      <trkpt lat="41.78364" lon="-74.18785">
        <ele>102.8</ele>
      </trkpt>
      <trkpt lat="41.78376" lon="-74.18773">
        <ele>103.7</ele>
      </trkpt>
      <trkpt lat="41.78388" lon="-74.18756">
        <ele>104.4</ele>
      </trkpt>
      <trkpt lat="41.78399" lon="-74.18736">
        <ele>104.2</ele>
      </trkpt>
      <trkpt lat="41.78408" lon="-74.18714">
        <ele>104.0</ele>
      </trkpt>
      <trkpt lat="41.78412" lon="-74.187">
        <ele>103.9</ele>
      </trkpt>
      <trkpt lat="41.78418" lon="-74.18663">
        <ele>103.3</ele>
      </trkpt>
      <trkpt lat="41.78427" lon="-74.18595">
        <ele>101.7</ele>
      </trkpt>
      <trkpt lat="41.78436" lon="-74.18568">
        <ele>101.3</ele>
      </trkpt>
      <trkpt lat="41.78447" lon="-74.18545">
        <ele>101.3</ele>
      </trkpt>
      <trkpt lat="41.78466" lon="-74.18515">
        <ele>101.8</ele>
      </trkpt>
      <trkpt lat="41.78492" lon="-74.18479">
        <ele>102.3</ele>
      </trkpt>
      <trkpt lat="41.78533" lon="-74.18418">
        <ele>100.9</ele>
      </trkpt>
      <trkpt lat="41.78585" lon="-74.18331">
        <ele>99.1</ele>
      </trkpt>
      <trkpt lat="41.78616" lon="-74.18267">
        <ele>98.7</ele>
      </trkpt>
      <trkpt lat="41.78659" lon="-74.1817">
        <ele>98.4</ele>
      </trkpt>
      <trkpt lat="41.78677" lon="-74.18123">
        <ele>98.2</ele>
      </trkpt>
      <trkpt lat="41.7869" lon="-74.18093">
        <ele>98.3</ele>
      </trkpt>
      <trkpt lat="41.78698" lon="-74.18072">
        <ele>98.2</ele>
      </trkpt>
      <trkpt lat="41.78712" lon="-74.18019">
        <ele>96.3</ele>
      </trkpt>
      <trkpt lat="41.78719" lon="-74.18002">
        <ele>94.7</ele>
      </trkpt>
      <trkpt lat="41.78731" lon="-74.1798">
        <ele>91.6</ele>
      </trkpt>
      <trkpt lat="41.78741" lon="-74.17967">
        <ele>91.2</ele>
      </trkpt>
      <trkpt lat="41.78801" lon="-74.17906">
        <ele>88.0</ele>
      </trkpt>
      <trkpt lat="41.78811" lon="-74.17899">
        <ele>87.5</ele>
      </trkpt>
      <trkpt lat="41.78831" lon="-74.17893">
        <ele>87.2</ele>
      </trkpt>
      <trkpt lat="41.78906" lon="-74.17885">
        <ele>87.2</ele>
      </trkpt>
      <trkpt lat="41.78981" lon="-74.17877">
        <ele>83.2</ele>
      </trkpt>
      <trkpt lat="41.79019" lon="-74.17871">
        <ele>80.9</ele>
      </trkpt>
      <trkpt lat="41.79035" lon="-74.17871">
        <ele>80.3</ele>
      </trkpt>
      <trkpt lat="41.79041" lon="-74.17872">
        <ele>80.1</ele>
      </trkpt>
      <trkpt lat="41.79054" lon="-74.17879">
        <ele>80.1</ele>
      </trkpt>
      <trkpt lat="41.791" lon="-74.1791">
        <ele>77.3</ele>
      </trkpt>
      <trkpt lat="41.79146" lon="-74.1794">
        <ele>73.8</ele>
      </trkpt>
      <trkpt lat="41.79197" lon="-74.17966">
        <ele>70.4</ele>
      </trkpt>
      <trkpt lat="41.79239" lon="-74.17985">
        <ele>67.0</ele>
      </trkpt>
      <trkpt lat="41.79269" lon="-74.18011">
        <ele>67.0</ele>
      </trkpt>
      <trkpt lat="41.79278" lon="-74.18016">
        <ele>66.7</ele>
      </trkpt>
      <trkpt lat="41.79286" lon="-74.18017">
        <ele>66.6</ele>
      </trkpt>
      <trkpt lat="41.79293" lon="-74.18014">
        <ele>65.7</ele>
      </trkpt>
      <trkpt lat="41.79298" lon="-74.1801">
        <ele>65.5</ele>
      </trkpt>
      <trkpt lat="41.79301" lon="-74.18005">
        <ele>66.2</ele>
      </trkpt>
      <trkpt lat="41.7931" lon="-74.17989">
        <ele>68.1</ele>
      </trkpt>
      <trkpt lat="41.79318" lon="-74.17974">
        <ele>69.1</ele>
      </trkpt>
      <trkpt lat="41.79327" lon="-74.17958">
        <ele>69.8</ele>
      </trkpt>
      <trkpt lat="41.7936" lon="-74.17917">
        <ele>69.9</ele>
      </trkpt>
      <trkpt lat="41.79366" lon="-74.17907">
        <ele>70.1</ele>
      </trkpt>
      <trkpt lat="41.79397" lon="-74.17843">
        <ele>72.2</ele>
      </trkpt>
      <trkpt lat="41.79416" lon="-74.17801">
        <ele>73.4</ele>
      </trkpt>
      <trkpt lat="41.79427" lon="-74.17786">
        <ele>74.4</ele>
      </trkpt>
      <trkpt lat="41.79435" lon="-74.17779">
        <ele>74.7</ele>
      </trkpt>
      <trkpt lat="41.79454" lon="-74.1777">
        <ele>72.2</ele>
      </trkpt>
      <trkpt lat="41.79488" lon="-74.1776">
        <ele>68.2</ele>
      </trkpt>
      <trkpt lat="41.795" lon="-74.17752">
        <ele>67.3</ele>
      </trkpt>
      <trkpt lat="41.79529" lon="-74.17721">
        <ele>67.9</ele>
      </trkpt>
      <trkpt lat="41.7955" lon="-74.17702">
        <ele>66.6</ele>
      </trkpt>
      <trkpt lat="41.79563" lon="-74.17687">
        <ele>66.2</ele>
      </trkpt>
      <trkpt lat="41.7958" lon="-74.17677">
        <ele>65.1</ele>
      </trkpt>
      <trkpt lat="41.79578" lon="-74.17663">
        <ele>65.9</ele>
      </trkpt>
      <trkpt lat="41.79579" lon="-74.17646">
        <ele>66.6</ele>
      </trkpt>
      <trkpt lat="41.79586" lon="-74.17627">
        <ele>66.8</ele>
      </trkpt>
      <trkpt lat="41.79595" lon="-74.17605">
        <ele>66.9</ele>
      </trkpt>
      <trkpt lat="41.79599" lon="-74.17579">
        <ele>67.8</ele>
      </trkpt>
      <trkpt lat="41.796" lon="-74.17541">
        <ele>69.3</ele>
      </trkpt>
      <trkpt lat="41.79599" lon="-74.17449">
        <ele>73.2</ele>
      </trkpt>
      <trkpt lat="41.79597" lon="-74.17358">
        <ele>78.8</ele>
      </trkpt>
      <trkpt lat="41.79595" lon="-74.17267">
        <ele>79.9</ele>
      </trkpt>
      <trkpt lat="41.79589" lon="-74.17171">
        <ele>78.9</ele>
      </trkpt>
      <trkpt lat="41.79587" lon="-74.17155">
        <ele>79.4</ele>
      </trkpt>
      <trkpt lat="41.79584" lon="-74.17135">
        <ele>80.6</ele>
      </trkpt>
      <trkpt lat="41.7958" lon="-74.17123">
        <ele>81.4</ele>
      </trkpt>
      <trkpt lat="41.79574" lon="-74.17107">
        <ele>82.4</ele>
      </trkpt>
      <trkpt lat="41.79556" lon="-74.17078">
        <ele>84.3</ele>
      </trkpt>
      <trkpt lat="41.79503" lon="-74.17018">
        <ele>88.9</ele>
      </trkpt>
      <trkpt lat="41.79449" lon="-74.16959">
        <ele>95.3</ele>
      </trkpt>
      <trkpt lat="41.7943" lon="-74.16943">
        <ele>97.3</ele>
      </trkpt>
      <trkpt lat="41.79414" lon="-74.16935">
        <ele>98.3</ele>
      </trkpt>
      <trkpt lat="41.79395" lon="-74.16932">
        <ele>99.4</ele>
      </trkpt>
      <trkpt lat="41.79382" lon="-74.16928">
        <ele>100.6</ele>
      </trkpt>
      <trkpt lat="41.79368" lon="-74.16917">
        <ele>101.6</ele>
      </trkpt>
      <trkpt lat="41.79351" lon="-74.16898">
        <ele>102.4</ele>
      </trkpt>
      <trkpt lat="41.79302" lon="-74.1684">
        <ele>104.5</ele>
      </trkpt>
      <trkpt lat="41.79252" lon="-74.16784">
        <ele>109.5</ele>
      </trkpt>
      <trkpt lat="41.79209" lon="-74.16729">
        <ele>115.8</ele>
      </trkpt>
      <trkpt lat="41.79174" lon="-74.16687">
        <ele>115.6</ele>
      </trkpt>
      <trkpt lat="41.79139" lon="-74.16645">
        <ele>113.6</ele>
      </trkpt>
      <trkpt lat="41.79088" lon="-74.16586">
        <ele>116.2</ele>
      </trkpt>
      <trkpt lat="41.79084" lon="-74.1658">
        <ele>116.7</ele>
      </trkpt>
      <trkpt lat="41.79076" lon="-74.16562">
        <ele>117.8</ele>
      </trkpt>
      <trkpt lat="41.79071" lon="-74.16542">
        <ele>118.7</ele>
      </trkpt>
      <trkpt lat="41.79055" lon="-74.16479">
        <ele>121.7</ele>
      </trkpt>
      <trkpt lat="41.79039" lon="-74.16416">
        <ele>123.7</ele>
      </trkpt>
      <trkpt lat="41.79037" lon="-74.16401">
        <ele>123.9</ele>
      </trkpt>
      <trkpt lat="41.79038" lon="-74.1639">
        <ele>123.9</ele>
      </trkpt>
      <trkpt lat="41.79044" lon="-74.1637">
        <ele>124.0</ele>
      </trkpt>
      <trkpt lat="41.79101" lon="-74.16282">
        <ele>124.4</ele>
      </trkpt>
      <trkpt lat="41.79108" lon="-74.16263">
        <ele>124.5</ele>
      </trkpt>
      <trkpt lat="41.79111" lon="-74.16253">
        <ele>124.5</ele>
      </trkpt>
      <trkpt lat="41.79112" lon="-74.16223">
        <ele>124.9</ele>
      </trkpt>
      <trkpt lat="41.79112" lon="-74.16172">
        <ele>123.3</ele>
      </trkpt>
      <trkpt lat="41.79116" lon="-74.16073">
        <ele>118.9</ele>
      </trkpt>
      <trkpt lat="41.79118" lon="-74.15987">
        <ele>115.0</ele>
      </trkpt>
      <trkpt lat="41.79119" lon="-74.15902">
        <ele>109.1</ele>
      </trkpt>
      <trkpt lat="41.79125" lon="-74.15826">
        <ele>105.1</ele>
      </trkpt>
      <trkpt lat="41.79135" lon="-74.15732">
        <ele>98.4</ele>
      </trkpt>
      <trkpt lat="41.79139" lon="-74.15656">
        <ele>91.2</ele>
      </trkpt>
      <trkpt lat="41.7914" lon="-74.15645">
        <ele>91.1</ele>
      </trkpt>
      <trkpt lat="41.79146" lon="-74.15627">
        <ele>91.2</ele>
      </trkpt>
      <trkpt lat="41.7917" lon="-74.15574">
        <ele>90.2</ele>
      </trkpt>
      <trkpt lat="41.79181" lon="-74.15546">
        <ele>89.1</ele>
      </trkpt>
      <trkpt lat="41.79183" lon="-74.15538">
        <ele>88.8</ele>
      </trkpt>
      <trkpt lat="41.792" lon="-74.15447">
        <ele>82.9</ele>
      </trkpt>
      <trkpt lat="41.79211" lon="-74.15402">
        <ele>79.1</ele>
      </trkpt>
      <trkpt lat="41.79213" lon="-74.15382">
        <ele>78.6</ele>
      </trkpt>
      <trkpt lat="41.79211" lon="-74.15365">
        <ele>78.2</ele>
      </trkpt>
      <trkpt lat="41.79206" lon="-74.15348">
        <ele>77.6</ele>
      </trkpt>
      <trkpt lat="41.79195" lon="-74.15323">
        <ele>77.4</ele>
      </trkpt>
      <trkpt lat="41.7918" lon="-74.15295">
        <ele>77.1</ele>
      </trkpt>
      <trkpt lat="41.79135" lon="-74.15213">
        <ele>76.5</ele>
      </trkpt>
      <trkpt lat="41.79123" lon="-74.15187">
        <ele>76.4</ele>
      </trkpt>
      <trkpt lat="41.79116" lon="-74.15165">
        <ele>76.2</ele>
      </trkpt>
      <trkpt lat="41.79111" lon="-74.15144">
        <ele>76.2</ele>
      </trkpt>
      <trkpt lat="41.79109" lon="-74.15123">
        <ele>76.3</ele>
      </trkpt>
      <trkpt lat="41.79112" lon="-74.15058">
        <ele>76.2</ele>
      </trkpt>
      <trkpt lat="41.79116" lon="-74.14983">
        <ele>77.4</ele>
      </trkpt>
      <trkpt lat="41.79125" lon="-74.14913">
        <ele>78.2</ele>
      </trkpt>
      <trkpt lat="41.79133" lon="-74.14866">
        <ele>78.5</ele>
      </trkpt>
      <trkpt lat="41.7914" lon="-74.14842">
        <ele>78.5</ele>
      </trkpt>
      <trkpt lat="41.79153" lon="-74.14808">
        <ele>78.5</ele>
      </trkpt>
      <trkpt lat="41.79186" lon="-74.14741">
        <ele>80.6</ele>
      </trkpt>
      <trkpt lat="41.79198" lon="-74.14713">
        <ele>80.2</ele>
      </trkpt>
      <trkpt lat="41.79232" lon="-74.14612">
        <ele>83.6</ele>
      </trkpt>
      <trkpt lat="41.7926" lon="-74.14542">
        <ele>86.1</ele>
      </trkpt>
      <trkpt lat="41.79276" lon="-74.14492">
        <ele>90.3</ele>
      </trkpt>
      <trkpt lat="41.79298" lon="-74.14404">
        <ele>97.7</ele>
      </trkpt>
      <trkpt lat="41.79298" lon="-74.14387">
        <ele>98.9</ele>
      </trkpt>
      <trkpt lat="41.79297" lon="-74.1438">
        <ele>99.6</ele>
      </trkpt>
      <trkpt lat="41.79262" lon="-74.14345">
        <ele>107.3</ele>
      </trkpt>
      <trkpt lat="41.79206" lon="-74.14285">
        <ele>110.2</ele>
      </trkpt>
      <trkpt lat="41.79193" lon="-74.14269">
        <ele>109.5</ele>
      </trkpt>
      <trkpt lat="41.79183" lon="-74.1425">
        <ele>108.3</ele>
      </trkpt>
      <trkpt lat="41.79179" lon="-74.14235">
        <ele>105.9</ele>
      </trkpt>
      <trkpt lat="41.79177" lon="-74.14215">
        <ele>106.1</ele>
      </trkpt>
      <trkpt lat="41.79178" lon="-74.14193">
        <ele>113.0</ele>
      </trkpt>
      <trkpt lat="41.79188" lon="-74.141">
        <ele>120.0</ele>
      </trkpt>
      <trkpt lat="41.79188" lon="-74.1409">
        <ele>120.4</ele>
      </trkpt>
      <trkpt lat="41.79187" lon="-74.14077">
        <ele>121.0</ele>
      </trkpt>
      <trkpt lat="41.79146" lon="-74.14094">
        <ele>121.3</ele>
      </trkpt>
      <trkpt lat="41.79102" lon="-74.14107">
        <ele>122.8</ele>
      </trkpt>
      <trkpt lat="41.79072" lon="-74.14104">
        <ele>123.5</ele>
      </trkpt>
      <trkpt lat="41.79016" lon="-74.14097">
        <ele>126.2</ele>
      </trkpt>
      <trkpt lat="41.78944" lon="-74.14096">
        <ele>132.4</ele>
      </trkpt>
      <trkpt lat="41.78896" lon="-74.141">
        <ele>135.8</ele>
      </trkpt>
      <trkpt lat="41.78847" lon="-74.14104">
        <ele>138.2</ele>
      </trkpt>
      <trkpt lat="41.78834" lon="-74.14102">
        <ele>138.7</ele>
      </trkpt>
      <trkpt lat="41.78826" lon="-74.14098">
        <ele>139.0</ele>
      </trkpt>
      <trkpt lat="41.7882" lon="-74.14088">
        <ele>139.5</ele>
      </trkpt>
      <trkpt lat="41.78819" lon="-74.14077">
        <ele>140.1</ele>
      </trkpt>
      <trkpt lat="41.78821" lon="-74.14063">
        <ele>141.2</ele>
      </trkpt>
      <trkpt lat="41.78829" lon="-74.14042">
        <ele>142.7</ele>
      </trkpt>
      <trkpt lat="41.78862" lon="-74.13972">
        <ele>146.0</ele>
      </trkpt>
      <trkpt lat="41.78896" lon="-74.13901">
        <ele>148.6</ele>
      </trkpt>
      <trkpt lat="41.78947" lon="-74.13813">
        <ele>151.7</ele>
      </trkpt>
      <trkpt lat="41.78998" lon="-74.13726">
        <ele>152.9</ele>
      </trkpt>
      <trkpt lat="41.7903" lon="-74.13662">
        <ele>156.6</ele>
      </trkpt>
      <trkpt lat="41.79049" lon="-74.1362">
        <ele>160.0</ele>
      </trkpt>
      <trkpt lat="41.79066" lon="-74.13573">
        <ele>162.0</ele>
      </trkpt>
      <trkpt lat="41.79084" lon="-74.13513">
        <ele>166.4</ele>
      </trkpt>
      <trkpt lat="41.79101" lon="-74.13474">
        <ele>172.7</ele>
      </trkpt>
      <trkpt lat="41.79127" lon="-74.13439">
        <ele>173.5</ele>
      </trkpt>
      <trkpt lat="41.79145" lon="-74.13427">
        <ele>173.0</ele>
      </trkpt>
      <trkpt lat="41.79185" lon="-74.13356">
        <ele>178.0</ele>
      </trkpt>
      <trkpt lat="41.79225" lon="-74.13285">
        <ele>182.0</ele>
      </trkpt>
      <trkpt lat="41.79237" lon="-74.13254">
        <ele>183.1</ele>
      </trkpt>
      <trkpt lat="41.79239" lon="-74.13227">
        <ele>183.7</ele>
      </trkpt>
      <trkpt lat="41.79241" lon="-74.13162">
        <ele>188.7</ele>
      </trkpt>
      <trkpt lat="41.79243" lon="-74.13097">
        <ele>191.7</ele>
      </trkpt>
      <trkpt lat="41.79243" lon="-74.13073">
        <ele>193.0</ele>
      </trkpt>
      <trkpt lat="41.79229" lon="-74.13038">
        <ele>194.7</ele>
      </trkpt>
      <trkpt lat="41.79212" lon="-74.13029">
        <ele>195.8</ele>
      </trkpt>
      <trkpt lat="41.7919" lon="-74.13028">
        <ele>197.5</ele>
      </trkpt>
      <trkpt lat="41.79106" lon="-74.13063">
        <ele>199.5</ele>
      </trkpt>
      <trkpt lat="41.7903" lon="-74.13091">
        <ele>203.3</ele>
      </trkpt>
      <trkpt lat="41.79018" lon="-74.13098">
        <ele>202.6</ele>
      </trkpt>
      <trkpt lat="41.79007" lon="-74.13107">
        <ele>202.0</ele>
      </trkpt>
      <trkpt lat="41.78956" lon="-74.13158">
        <ele>211.8</ele>
      </trkpt>
      <trkpt lat="41.78924" lon="-74.13186">
        <ele>216.6</ele>
      </trkpt>
      <trkpt lat="41.7885" lon="-74.13235">
        <ele>223.7</ele>
      </trkpt>
      <trkpt lat="41.78817" lon="-74.13251">
        <ele>228.0</ele>
      </trkpt>
      <trkpt lat="41.78763" lon="-74.13269">
        <ele>234.5</ele>
      </trkpt>
      <trkpt lat="41.78708" lon="-74.13286">
        <ele>240.4</ele>
      </trkpt>
      <trkpt lat="41.78632" lon="-74.13302">
        <ele>249.8</ele>
      </trkpt>
      <trkpt lat="41.78609" lon="-74.13312">
        <ele>252.2</ele>
      </trkpt>
      <trkpt lat="41.78571" lon="-74.13342">
        <ele>256.5</ele>
      </trkpt>
      <trkpt lat="41.78557" lon="-74.1336">
        <ele>258.2</ele>
      </trkpt>
      <trkpt lat="41.78538" lon="-74.13387">
        <ele>259.8</ele>
      </trkpt>
      <trkpt lat="41.78514" lon="-74.13416">
        <ele>266.1</ele>
      </trkpt>
      <trkpt lat="41.78484" lon="-74.13433">
        <ele>270.2</ele>
      </trkpt>
      <trkpt lat="41.78457" lon="-74.1344">
        <ele>274.6</ele>
      </trkpt>
      <trkpt lat="41.78401" lon="-74.13438">
        <ele>280.0</ele>
      </trkpt>
      <trkpt lat="41.78345" lon="-74.13436">
        <ele>284.2</ele>
      </trkpt>
      <trkpt lat="41.78322" lon="-74.13438">
        <ele>284.2</ele>
      </trkpt>
      <trkpt lat="41.78288" lon="-74.13455">
        <ele>286.1</ele>
      </trkpt>
      <trkpt lat="41.78266" lon="-74.1347">
        <ele>289.3</ele>
      </trkpt>
      <trkpt lat="41.78217" lon="-74.13526">
        <ele>298.6</ele>
      </trkpt>
      <trkpt lat="41.7818" lon="-74.13578">
        <ele>305.0</ele>
      </trkpt>
      <trkpt lat="41.78162" lon="-74.13591">
        <ele>305.5</ele>
      </trkpt>
      <trkpt lat="41.78133" lon="-74.136">
        <ele>309.3</ele>
      </trkpt>
      <trkpt lat="41.78063" lon="-74.1361">
        <ele>320.7</ele>
      </trkpt>
      <trkpt lat="41.78" lon="-74.13612">
        <ele>327.8</ele>
      </trkpt>
      <trkpt lat="41.77988" lon="-74.13609">
        <ele>329.7</ele>
      </trkpt>
      <trkpt lat="41.77973" lon="-74.13604">
        <ele>332.7</ele>
      </trkpt>
      <trkpt lat="41.77951" lon="-74.13588">
        <ele>334.2</ele>
      </trkpt>
      <trkpt lat="41.7792" lon="-74.13548">
        <ele>341.9</ele>
      </trkpt>
      <trkpt lat="41.77892" lon="-74.13507">
        <ele>340.6</ele>
      </trkpt>
      <trkpt lat="41.77873" lon="-74.13476">
        <ele>338.9</ele>
      </trkpt>
      <trkpt lat="41.7785" lon="-74.13424">
        <ele>337.1</ele>
      </trkpt>
      <trkpt lat="41.77826" lon="-74.13358">
        <ele>335.0</ele>
      </trkpt>
      <trkpt lat="41.77822" lon="-74.13341">
        <ele>334.6</ele>
      </trkpt>
      <trkpt lat="41.7782" lon="-74.13324">
        <ele>334.3</ele>
      </trkpt>
      <trkpt lat="41.77819" lon="-74.13303">
        <ele>333.5</ele>
      </trkpt>
      <trkpt lat="41.77823" lon="-74.13245">
        <ele>329.1</ele>
      </trkpt>
      <trkpt lat="41.77824" lon="-74.13222">
        <ele>328.4</ele>
      </trkpt>
      <trkpt lat="41.77825" lon="-74.13202">
        <ele>327.5</ele>
      </trkpt>
      <trkpt lat="41.77832" lon="-74.1316">
        <ele>322.2</ele>
      </trkpt>
      <trkpt lat="41.77833" lon="-74.13151">
        <ele>321.9</ele>
      </trkpt>
      <trkpt lat="41.77832" lon="-74.1314">
        <ele>321.2</ele>
      </trkpt>
      <trkpt lat="41.7783" lon="-74.1313">
        <ele>320.7</ele>
      </trkpt>
      <trkpt lat="41.77826" lon="-74.1312">
        <ele>320.3</ele>
      </trkpt>
      <trkpt lat="41.77819" lon="-74.13107">
        <ele>319.8</ele>
      </trkpt>
      <trkpt lat="41.7781" lon="-74.13097">
        <ele>318.8</ele>
      </trkpt>
      <trkpt lat="41.77799" lon="-74.13087">
        <ele>317.2</ele>
      </trkpt>
      <trkpt lat="41.77782" lon="-74.13076">
        <ele>316.2</ele>
      </trkpt>
      <trkpt lat="41.77773" lon="-74.13072">
        <ele>315.5</ele>
      </trkpt>
      <trkpt lat="41.77753" lon="-74.13068">
        <ele>310.4</ele>
      </trkpt>
      <trkpt lat="41.77713" lon="-74.13068">
        <ele>308.4</ele>
      </trkpt>
      <trkpt lat="41.777" lon="-74.13064">
        <ele>308.0</ele>
      </trkpt>
      <trkpt lat="41.7769" lon="-74.1306">
        <ele>306.7</ele>
      </trkpt>
      <trkpt lat="41.77677" lon="-74.13047">
        <ele>303.5</ele>
      </trkpt>
      <trkpt lat="41.77668" lon="-74.13034">
        <ele>301.8</ele>
      </trkpt>
      <trkpt lat="41.77661" lon="-74.13019">
        <ele>299.2</ele>
      </trkpt>
      <trkpt lat="41.77655" lon="-74.13001">
        <ele>296.6</ele>
      </trkpt>
      <trkpt lat="41.77653" lon="-74.12985">
        <ele>293.6</ele>
      </trkpt>
      <trkpt lat="41.77654" lon="-74.12966">
        <ele>291.5</ele>
      </trkpt>
      <trkpt lat="41.77657" lon="-74.12949">
        <ele>290.4</ele>
      </trkpt>
      <trkpt lat="41.77662" lon="-74.12938">
        <ele>290.3</ele>
      </trkpt>
      <trkpt lat="41.77675" lon="-74.12916">
        <ele>289.3</ele>
      </trkpt>
      <trkpt lat="41.77723" lon="-74.12862">
        <ele>285.1</ele>
      </trkpt>
      <trkpt lat="41.77762" lon="-74.12808">
        <ele>289.3</ele>
      </trkpt>
      <trkpt lat="41.77789" lon="-74.1278">
        <ele>286.5</ele>
      </trkpt>
      <trkpt lat="41.7781" lon="-74.12758">
        <ele>283.5</ele>
      </trkpt>
      <trkpt lat="41.77826" lon="-74.12738">
        <ele>284.6</ele>
      </trkpt>
      <trkpt lat="41.7785" lon="-74.12702">
        <ele>283.8</ele>
      </trkpt>
      <trkpt lat="41.77881" lon="-74.12651">
        <ele>281.8</ele>
      </trkpt>
      <trkpt lat="41.77897" lon="-74.12619">
        <ele>279.3</ele>
      </trkpt>
      <trkpt lat="41.779" lon="-74.12607">
        <ele>279.5</ele>
      </trkpt>
      <trkpt lat="41.77902" lon="-74.12593">
        <ele>279.5</ele>
      </trkpt>
      <trkpt lat="41.77904" lon="-74.12573">
        <ele>279.0</ele>
      </trkpt>
      <trkpt lat="41.77903" lon="-74.12505">
        <ele>274.1</ele>
      </trkpt>
      <trkpt lat="41.77901" lon="-74.12484">
        <ele>273.0</ele>
      </trkpt>
      <trkpt lat="41.77898" lon="-74.12472">
        <ele>272.6</ele>
      </trkpt>
      <trkpt lat="41.77894" lon="-74.12465">
        <ele>271.8</ele>
      </trkpt>
      <trkpt lat="41.77889" lon="-74.12458">
        <ele>270.9</ele>
      </trkpt>
      <trkpt lat="41.77878" lon="-74.12448">
        <ele>269.5</ele>
      </trkpt>
      <trkpt lat="41.77869" lon="-74.12445">
        <ele>268.9</ele>
      </trkpt>
      <trkpt lat="41.77804" lon="-74.12442">
        <ele>262.0</ele>
      </trkpt>
      <trkpt lat="41.77739" lon="-74.12439">
        <ele>253.8</ele>
      </trkpt>
      <trkpt lat="41.77681" lon="-74.1243">
        <ele>244.9</ele>
      </trkpt>
      <trkpt lat="41.77622" lon="-74.12422">
        <ele>236.1</ele>
      </trkpt>
      <trkpt lat="41.77572" lon="-74.12414">
        <ele>228.7</ele>
      </trkpt>
      <trkpt lat="41.7756" lon="-74.12411">
        <ele>227.6</ele>
      </trkpt>
      <trkpt lat="41.77517" lon="-74.12394">
        <ele>224.2</ele>
      </trkpt>
      <trkpt lat="41.77498" lon="-74.12389">
        <ele>222.2</ele>
      </trkpt>
      <trkpt lat="41.77472" lon="-74.12388">
        <ele>218.9</ele>
      </trkpt>
      <trkpt lat="41.77425" lon="-74.1239">
        <ele>213.5</ele>
      </trkpt>
      <trkpt lat="41.77365" lon="-74.12396">
        <ele>207.9</ele>
      </trkpt>
      <trkpt lat="41.77306" lon="-74.12402">
        <ele>202.7</ele>
      </trkpt>
      <trkpt lat="41.77218" lon="-74.12409">
        <ele>196.6</ele>
      </trkpt>
      <trkpt lat="41.7713" lon="-74.12416">
        <ele>190.9</ele>
      </trkpt>
      <trkpt lat="41.77075" lon="-74.12418">
        <ele>186.4</ele>
      </trkpt>
      <trkpt lat="41.77019" lon="-74.12419">
        <ele>181.2</ele>
      </trkpt>
      <trkpt lat="41.76967" lon="-74.12419">
        <ele>180.8</ele>
      </trkpt>
      <trkpt lat="41.76916" lon="-74.1242">
        <ele>177.3</ele>
      </trkpt>
      <trkpt lat="41.76845" lon="-74.12418">
        <ele>171.7</ele>
      </trkpt>
      <trkpt lat="41.76764" lon="-74.1242">
        <ele>163.4</ele>
      </trkpt>
      <trkpt lat="41.76683" lon="-74.12421">
        <ele>156.0</ele>
      </trkpt>
      <trkpt lat="41.76602" lon="-74.12423">
        <ele>152.1</ele>
      </trkpt>
      <trkpt lat="41.76551" lon="-74.12423">
        <ele>144.5</ele>
      </trkpt>
      <trkpt lat="41.76505" lon="-74.12418">
        <ele>142.3</ele>
      </trkpt>
      <trkpt lat="41.76433" lon="-74.12403">
        <ele>134.6</ele>
      </trkpt>
      <trkpt lat="41.76408" lon="-74.12396">
        <ele>132.0</ele>
      </trkpt>
      <trkpt lat="41.76395" lon="-74.12388">
        <ele>131.1</ele>
      </trkpt>
      <trkpt lat="41.76384" lon="-74.12376">
        <ele>130.0</ele>
      </trkpt>
      <trkpt lat="41.76374" lon="-74.1236">
        <ele>128.2</ele>
      </trkpt>
      <trkpt lat="41.76358" lon="-74.1232">
        <ele>125.6</ele>
      </trkpt>
      <trkpt lat="41.76349" lon="-74.12289">
        <ele>123.0</ele>
      </trkpt>
      <trkpt lat="41.76344" lon="-74.12252">
        <ele>119.8</ele>
      </trkpt>
      <trkpt lat="41.76347" lon="-74.12185">
        <ele>116.6</ele>
      </trkpt>
      <trkpt lat="41.76358" lon="-74.12087">
        <ele>110.5</ele>
      </trkpt>
      <trkpt lat="41.7637" lon="-74.12018">
        <ele>106.5</ele>
      </trkpt>
      <trkpt lat="41.76372" lon="-74.12">
        <ele>105.3</ele>
      </trkpt>
      <trkpt lat="41.7637" lon="-74.11984">
        <ele>103.7</ele>
      </trkpt>
      <trkpt lat="41.76364" lon="-74.11969">
        <ele>102.9</ele>
      </trkpt>
      <trkpt lat="41.76355" lon="-74.11958">
        <ele>102.5</ele>
      </trkpt>
      <trkpt lat="41.76346" lon="-74.11951">
        <ele>102.1</ele>
      </trkpt>
      <trkpt lat="41.76303" lon="-74.11929">
        <ele>99.3</ele>
      </trkpt>
      <trkpt lat="41.76255" lon="-74.11912">
        <ele>95.4</ele>
      </trkpt>
      <trkpt lat="41.76237" lon="-74.11909">
        <ele>92.5</ele>
      </trkpt>
      <trkpt lat="41.76192" lon="-74.11914">
        <ele>88.6</ele>
      </trkpt>
      <trkpt lat="41.76169" lon="-74.11913">
        <ele>87.2</ele>
      </trkpt>
      <trkpt lat="41.76148" lon="-74.11906">
        <ele>86.2</ele>
      </trkpt>
      <trkpt lat="41.76138" lon="-74.119">
        <ele>85.7</ele>
      </trkpt>
      <trkpt lat="41.76111" lon="-74.11883">
        <ele>83.3</ele>
      </trkpt>
      <trkpt lat="41.76104" lon="-74.11876">
        <ele>82.1</ele>
      </trkpt>
      <trkpt lat="41.76046" lon="-74.11929">
        <ele>81.1</ele>
      </trkpt>
      <trkpt lat="41.76028" lon="-74.11941">
        <ele>79.9</ele>
      </trkpt>
      <trkpt lat="41.76009" lon="-74.11951">
        <ele>79.6</ele>
      </trkpt>
      <trkpt lat="41.75991" lon="-74.11959">
        <ele>79.4</ele>
      </trkpt>
      <trkpt lat="41.7592" lon="-74.11985">
        <ele>78.9</ele>
      </trkpt>
      <trkpt lat="41.7585" lon="-74.12011">
        <ele>74.4</ele>
      </trkpt>
      <trkpt lat="41.75768" lon="-74.1204">
        <ele>70.7</ele>
      </trkpt>
      <trkpt lat="41.75686" lon="-74.12069">
        <ele>68.4</ele>
      </trkpt>
      <trkpt lat="41.7564" lon="-74.12088">
        <ele>68.8</ele>
      </trkpt>
      <trkpt lat="41.75571" lon="-74.12114">
        <ele>68.2</ele>
      </trkpt>
      <trkpt lat="41.75538" lon="-74.12128">
        <ele>67.8</ele>
      </trkpt>
      <trkpt lat="41.75488" lon="-74.12156">
        <ele>65.6</ele>
      </trkpt>
      <trkpt lat="41.75488" lon="-74.12156">
        <ele>65.6</ele>
      </trkpt>
      <trkpt lat="41.75464" lon="-74.1217">
        <ele>67.6</ele>
      </trkpt>
      <trkpt lat="41.75405" lon="-74.12208">
        <ele>73.6</ele>
      </trkpt>
      <trkpt lat="41.75361" lon="-74.12239">
        <ele>73.9</ele>
      </trkpt>
      <trkpt lat="41.75317" lon="-74.1227">
        <ele>74.1</ele>
      </trkpt>
      <trkpt lat="41.75239" lon="-74.12327">
        <ele>74.3</ele>
      </trkpt>
      <trkpt lat="41.75212" lon="-74.12348">
        <ele>74.3</ele>
      </trkpt>
      <trkpt lat="41.75212" lon="-74.12343">
        <ele>74.4</ele>
      </trkpt>
      <trkpt lat="41.7521" lon="-74.12326">
        <ele>75.0</ele>
      </trkpt>
      <trkpt lat="41.75208" lon="-74.1232">
        <ele>75.2</ele>
      </trkpt>
      <trkpt lat="41.75198" lon="-74.12287">
        <ele>76.6</ele>
      </trkpt>
      <trkpt lat="41.75192" lon="-74.12276">
        <ele>77.0</ele>
      </trkpt>
      <trkpt lat="41.75165" lon="-74.12247">
        <ele>78.6</ele>
      </trkpt>
      <trkpt lat="41.7516" lon="-74.12238">
        <ele>79.0</ele>
      </trkpt>
      <trkpt lat="41.75156" lon="-74.12226">
        <ele>79.7</ele>
      </trkpt>
      <trkpt lat="41.75148" lon="-74.12209">
        <ele>80.6</ele>
      </trkpt>
      <trkpt lat="41.75139" lon="-74.12198">
        <ele>81.4</ele>
      </trkpt>
      <trkpt lat="41.75124" lon="-74.12169">
        <ele>83.4</ele>
      </trkpt>
      <trkpt lat="41.75117" lon="-74.12163">
        <ele>84.0</ele>
      </trkpt>
      <trkpt lat="41.75111" lon="-74.12156">
        <ele>84.6</ele>
      </trkpt>
      <trkpt lat="41.75106" lon="-74.12147">
        <ele>85.3</ele>
      </trkpt>
      <trkpt lat="41.75105" lon="-74.12139">
        <ele>85.6</ele>
      </trkpt>
      <trkpt lat="41.7511" lon="-74.1212">
        <ele>85.6</ele>
      </trkpt>
      <trkpt lat="41.75112" lon="-74.12097">
        <ele>86.1</ele>
      </trkpt>
      <trkpt lat="41.75113" lon="-74.12084">
        <ele>86.5</ele>
      </trkpt>
      <trkpt lat="41.75112" lon="-74.12075">
        <ele>87.0</ele>
      </trkpt>
      <trkpt lat="41.75109" lon="-74.12062">
        <ele>88.0</ele>
      </trkpt>
      <trkpt lat="41.751" lon="-74.12034">
        <ele>90.4</ele>
      </trkpt>
      <trkpt lat="41.75099" lon="-74.12025">
        <ele>91.0</ele>
      </trkpt>
      <trkpt lat="41.75101" lon="-74.12016">
        <ele>91.4</ele>
      </trkpt>
      <trkpt lat="41.75108" lon="-74.11996">
        <ele>92.2</ele>
      </trkpt>
      <trkpt lat="41.7513" lon="-74.11939">
        <ele>94.6</ele>
      </trkpt>
      <trkpt lat="41.75136" lon="-74.11911">
        <ele>96.0</ele>
      </trkpt>
      <trkpt lat="41.75141" lon="-74.11896">
        <ele>97.0</ele>
      </trkpt>
      <trkpt lat="41.75162" lon="-74.11857">
        <ele>98.1</ele>
      </trkpt>
      <trkpt lat="41.75159" lon="-74.11849">
        <ele>98.3</ele>
      </trkpt>
      <trkpt lat="41.75143" lon="-74.11813">
        <ele>98.1</ele>
      </trkpt>
      <trkpt lat="41.75122" lon="-74.1177">
        <ele>97.5</ele>
      </trkpt>
      <trkpt lat="41.75096" lon="-74.11719">
        <ele>96.2</ele>
      </trkpt>
      <trkpt lat="41.75069" lon="-74.11668">
        <ele>94.9</ele>
      </trkpt>
      <trkpt lat="41.7506" lon="-74.11647">
        <ele>94.3</ele>
      </trkpt>
      <trkpt lat="41.75032" lon="-74.11577">
        <ele>92.0</ele>
      </trkpt>
      <trkpt lat="41.75021" lon="-74.11551">
        <ele>91.0</ele>
      </trkpt>
      <trkpt lat="41.74994" lon="-74.11493">
        <ele>88.2</ele>
      </trkpt>
      <trkpt lat="41.74967" lon="-74.11435">
        <ele>84.7</ele>
      </trkpt>
      <trkpt lat="41.74929" lon="-74.11356">
        <ele>79.8</ele>
      </trkpt>
      <trkpt lat="41.74891" lon="-74.11277">
        <ele>77.6</ele>
      </trkpt>
      <trkpt lat="41.74853" lon="-74.11197">
        <ele>74.9</ele>
      </trkpt>
      <trkpt lat="41.74815" lon="-74.11118">
        <ele>72.8</ele>
      </trkpt>
      <trkpt lat="41.74794" lon="-74.11068">
        <ele>72.7</ele>
      </trkpt>
      <trkpt lat="41.74778" lon="-74.11029">
        <ele>73.0</ele>
      </trkpt>
      <trkpt lat="41.74786" lon="-74.11021">
        <ele>72.9</ele>
      </trkpt>
      <trkpt lat="41.74796" lon="-74.10999">
        <ele>72.9</ele>
      </trkpt>
      <trkpt lat="41.74801" lon="-74.10993">
        <ele>72.9</ele>
      </trkpt>
      <trkpt lat="41.74824" lon="-74.10976">
        <ele>72.9</ele>
      </trkpt>
      <trkpt lat="41.74833" lon="-74.10966">
        <ele>72.9</ele>
      </trkpt>
      <trkpt lat="41.74857" lon="-74.1093">
        <ele>73.0</ele>
      </trkpt>
      <trkpt lat="41.74866" lon="-74.1092">
        <ele>73.0</ele>
      </trkpt>
      <trkpt lat="41.74862" lon="-74.10904">
        <ele>73.0</ele>
      </trkpt>
      <trkpt lat="41.74852" lon="-74.10884">
        <ele>73.1</ele>
      </trkpt>
      <trkpt lat="41.74839" lon="-74.10849">
        <ele>73.3</ele>
      </trkpt>
      <trkpt lat="41.74834" lon="-74.1084">
        <ele>73.3</ele>
      </trkpt>
      <trkpt lat="41.74822" lon="-74.10821">
        <ele>73.3</ele>
      </trkpt>
      <trkpt lat="41.74806" lon="-74.10788">
        <ele>73.1</ele>
      </trkpt>
      <trkpt lat="41.74799" lon="-74.10767">
        <ele>73.0</ele>
      </trkpt>
      <trkpt lat="41.74793" lon="-74.10744">
        <ele>72.5</ele>
      </trkpt>
      <trkpt lat="41.7479" lon="-74.1073">
        <ele>71.6</ele>
      </trkpt>
      <trkpt lat="41.74788" lon="-74.10716">
        <ele>70.6</ele>
      </trkpt>
      <trkpt lat="41.74787" lon="-74.10699">
        <ele>69.2</ele>
      </trkpt>
      <trkpt lat="41.74787" lon="-74.1069">
        <ele>68.6</ele>
      </trkpt>
      <trkpt lat="41.74791" lon="-74.10655">
        <ele>67.5</ele>
      </trkpt>
      <trkpt lat="41.74789" lon="-74.10641">
        <ele>66.7</ele>
      </trkpt>
      <trkpt lat="41.74778" lon="-74.10608">
        <ele>62.9</ele>
      </trkpt>
      <trkpt lat="41.74775" lon="-74.10598">
        <ele>61.7</ele>
      </trkpt>
      <trkpt lat="41.74774" lon="-74.10577">
        <ele>60.5</ele>
      </trkpt>
      <trkpt lat="41.74771" lon="-74.10566">
        <ele>60.4</ele>
      </trkpt>
      <trkpt lat="41.74761" lon="-74.10547">
        <ele>60.1</ele>
      </trkpt>
      <trkpt lat="41.74746" lon="-74.10525">
        <ele>59.8</ele>
      </trkpt>
      <trkpt lat="41.7474" lon="-74.10514">
        <ele>59.6</ele>
      </trkpt>
      <trkpt lat="41.74739" lon="-74.10508">
        <ele>59.5</ele>
      </trkpt>
      <trkpt lat="41.74739" lon="-74.10503">
        <ele>59.5</ele>
      </trkpt>
      <trkpt lat="41.74744" lon="-74.1048">
        <ele>59.4</ele>
      </trkpt>
      <trkpt lat="41.74744" lon="-74.10472">
        <ele>59.3</ele>
      </trkpt>
      <trkpt lat="41.74744" lon="-74.10461">
        <ele>59.2</ele>
      </trkpt>
      <trkpt lat="41.74743" lon="-74.10447">
        <ele>59.2</ele>
      </trkpt>
      <trkpt lat="41.74741" lon="-74.10441">
        <ele>59.2</ele>
      </trkpt>
      <trkpt lat="41.74738" lon="-74.10428">
        <ele>59.1</ele>
      </trkpt>
      <trkpt lat="41.74735" lon="-74.1042">
        <ele>59.1</ele>
      </trkpt>
      <trkpt lat="41.74734" lon="-74.10412">
        <ele>59.1</ele>
      </trkpt>
      <trkpt lat="41.74734" lon="-74.10406">
        <ele>59.1</ele>
      </trkpt>
      <trkpt lat="41.74755" lon="-74.10347">
        <ele>59.0</ele>
      </trkpt>
      <trkpt lat="41.74765" lon="-74.10312">
        <ele>58.9</ele>
      </trkpt>
      <trkpt lat="41.74771" lon="-74.10287">
        <ele>58.9</ele>
      </trkpt>
      <trkpt lat="41.74777" lon="-74.10246">
        <ele>58.8</ele>
      </trkpt>
      <trkpt lat="41.74779" lon="-74.1024">
        <ele>58.7</ele>
      </trkpt>
      <trkpt lat="41.74782" lon="-74.10237">
        <ele>58.8</ele>
      </trkpt>
      <trkpt lat="41.74786" lon="-74.10235">
        <ele>58.8</ele>
      </trkpt>
      <trkpt lat="41.74794" lon="-74.10235">
        <ele>58.9</ele>
      </trkpt>
      <trkpt lat="41.74813" lon="-74.10239">
        <ele>59.1</ele>
      </trkpt>
      <trkpt lat="41.74832" lon="-74.10245">
        <ele>59.3</ele>
      </trkpt>
      <trkpt lat="41.74849" lon="-74.10247">
        <ele>59.4</ele>
      </trkpt>
      <trkpt lat="41.74857" lon="-74.10246">
        <ele>59.4</ele>
      </trkpt>
      <trkpt lat="41.74865" lon="-74.10244">
        <ele>59.5</ele>
      </trkpt>
      <trkpt lat="41.74873" lon="-74.10239">
        <ele>59.5</ele>
      </trkpt>
      <trkpt lat="41.74878" lon="-74.10234">
        <ele>59.5</ele>
      </trkpt>
      <trkpt lat="41.74887" lon="-74.1022">
        <ele>59.5</ele>
      </trkpt>
      <trkpt lat="41.74891" lon="-74.1021">
        <ele>59.5</ele>
      </trkpt>
      <trkpt lat="41.74895" lon="-74.10192">
        <ele>59.4</ele>
      </trkpt>
      <trkpt lat="41.74897" lon="-74.10175">
        <ele>59.4</ele>
      </trkpt>
      <trkpt lat="41.74898" lon="-74.10145">
        <ele>59.3</ele>
      </trkpt>
      <trkpt lat="41.74897" lon="-74.10123">
        <ele>59.2</ele>
      </trkpt>
      <trkpt lat="41.74894" lon="-74.10091">
        <ele>59.1</ele>
      </trkpt>
      <trkpt lat="41.74892" lon="-74.10071">
        <ele>59.0</ele>
      </trkpt>
      <trkpt lat="41.74892" lon="-74.10058">
        <ele>59.0</ele>
      </trkpt>
      <trkpt lat="41.74894" lon="-74.10026">
        <ele>58.9</ele>
      </trkpt>
      <trkpt lat="41.74895" lon="-74.10013">
        <ele>58.8</ele>
      </trkpt>
      <trkpt lat="41.74889" lon="-74.0997">
        <ele>58.6</ele>
      </trkpt>
      <trkpt lat="41.74888" lon="-74.09938">
        <ele>58.5</ele>
      </trkpt>
      <trkpt lat="41.74888" lon="-74.09925">
        <ele>58.5</ele>
      </trkpt>
      <trkpt lat="41.7489" lon="-74.09894">
        <ele>58.5</ele>
      </trkpt>
      <trkpt lat="41.74891" lon="-74.09873">
        <ele>58.4</ele>
      </trkpt>
      <trkpt lat="41.74889" lon="-74.09858">
        <ele>58.4</ele>
      </trkpt>
      <trkpt lat="41.74888" lon="-74.09846">
        <ele>58.3</ele>
      </trkpt>
      <trkpt lat="41.74885" lon="-74.09834">
        <ele>58.3</ele>
      </trkpt>
      <trkpt lat="41.7488" lon="-74.09823">
        <ele>58.2</ele>
      </trkpt>
      <trkpt lat="41.74877" lon="-74.0981">
        <ele>58.2</ele>
      </trkpt>
      <trkpt lat="41.74876" lon="-74.09802">
        <ele>58.1</ele>
      </trkpt>
      <trkpt lat="41.74878" lon="-74.09789">
        <ele>58.1</ele>
      </trkpt>
      <trkpt lat="41.7488" lon="-74.09775">
        <ele>58.0</ele>
      </trkpt>
      <trkpt lat="41.74882" lon="-74.09769">
        <ele>58.0</ele>
      </trkpt>
      <trkpt lat="41.74889" lon="-74.09756">
        <ele>58.0</ele>
      </trkpt>
      <trkpt lat="41.74894" lon="-74.09751">
        <ele>57.9</ele>
      </trkpt>
      <trkpt lat="41.74901" lon="-74.09746">
        <ele>57.9</ele>
      </trkpt>
      <trkpt lat="41.74908" lon="-74.09742">
        <ele>58.0</ele>
      </trkpt>
      <trkpt lat="41.74915" lon="-74.0974">
        <ele>58.0</ele>
      </trkpt>
      <trkpt lat="41.74948" lon="-74.09738">
        <ele>58.1</ele>
      </trkpt>
      <trkpt lat="41.74952" lon="-74.09736">
        <ele>58.1</ele>
      </trkpt>
      <trkpt lat="41.74977" lon="-74.09719">
        <ele>58.1</ele>
      </trkpt>
      <trkpt lat="41.75001" lon="-74.09708">
        <ele>58.1</ele>
      </trkpt>
      <trkpt lat="41.75012" lon="-74.09701">
        <ele>58.1</ele>
      </trkpt>
      <trkpt lat="41.75019" lon="-74.09695">
        <ele>58.0</ele>
      </trkpt>
      <trkpt lat="41.7504" lon="-74.09664">
        <ele>57.8</ele>
      </trkpt>
      <trkpt lat="41.75045" lon="-74.09659">
        <ele>57.7</ele>
      </trkpt>
      <trkpt lat="41.75052" lon="-74.09655">
        <ele>57.7</ele>
      </trkpt>
      <trkpt lat="41.75068" lon="-74.09649">
        <ele>57.7</ele>
      </trkpt>
      <trkpt lat="41.75072" lon="-74.09645">
        <ele>57.7</ele>
      </trkpt>
      <trkpt lat="41.75075" lon="-74.0964">
        <ele>57.6</ele>
      </trkpt>
      <trkpt lat="41.75077" lon="-74.09633">
        <ele>57.6</ele>
      </trkpt>
      <trkpt lat="41.75078" lon="-74.09626">
        <ele>57.6</ele>
      </trkpt>
      <trkpt lat="41.75077" lon="-74.09616">
        <ele>57.5</ele>
      </trkpt>
      <trkpt lat="41.75075" lon="-74.09607">
        <ele>57.5</ele>
      </trkpt>
      <trkpt lat="41.75072" lon="-74.09599">
        <ele>57.4</ele>
      </trkpt>
      <trkpt lat="41.75067" lon="-74.09591">
        <ele>57.4</ele>
      </trkpt>
      <trkpt lat="41.75057" lon="-74.09581">
        <ele>57.4</ele>
      </trkpt>
      <trkpt lat="41.75052" lon="-74.09576">
        <ele>57.4</ele>
      </trkpt>
      <trkpt lat="41.75033" lon="-74.09565">
        <ele>57.4</ele>
      </trkpt>
      <trkpt lat="41.75024" lon="-74.09556">
        <ele>57.3</ele>
      </trkpt>
      <trkpt lat="41.75024" lon="-74.09548">
        <ele>57.2</ele>
      </trkpt>
      <trkpt lat="41.75026" lon="-74.09542">
        <ele>57.2</ele>
      </trkpt>
      <trkpt lat="41.75038" lon="-74.0953">
        <ele>57.2</ele>
      </trkpt>
      <trkpt lat="41.75046" lon="-74.09519">
        <ele>57.1</ele>
      </trkpt>
      <trkpt lat="41.75053" lon="-74.09514">
        <ele>57.0</ele>
      </trkpt>
      <trkpt lat="41.75058" lon="-74.09512">
        <ele>57.0</ele>
      </trkpt>
      <trkpt lat="41.75064" lon="-74.09511">
        <ele>57.0</ele>
      </trkpt>
      <trkpt lat="41.75102" lon="-74.09514">
        <ele>56.9</ele>
      </trkpt>
      <trkpt lat="41.75117" lon="-74.09516">
        <ele>56.9</ele>
      </trkpt>
      <trkpt lat="41.75128" lon="-74.09516">
        <ele>56.9</ele>
      </trkpt>
      <trkpt lat="41.75136" lon="-74.09511">
        <ele>56.8</ele>
      </trkpt>
      <trkpt lat="41.7515" lon="-74.09497">
        <ele>56.8</ele>
      </trkpt>
      <trkpt lat="41.75156" lon="-74.09493">
        <ele>56.7</ele>
      </trkpt>
      <trkpt lat="41.75167" lon="-74.09487">
        <ele>56.5</ele>
      </trkpt>
      <trkpt lat="41.75175" lon="-74.09483">
        <ele>56.5</ele>
      </trkpt>
      <trkpt lat="41.7518" lon="-74.09483">
        <ele>56.5</ele>
      </trkpt>
      <trkpt lat="41.75185" lon="-74.09485">
        <ele>56.4</ele>
      </trkpt>
      <trkpt lat="41.75213" lon="-74.09497">
        <ele>56.3</ele>
      </trkpt>
      <trkpt lat="41.75219" lon="-74.09499">
        <ele>56.2</ele>
      </trkpt>
      <trkpt lat="41.75224" lon="-74.09499">
        <ele>56.2</ele>
      </trkpt>
      <trkpt lat="41.75253" lon="-74.09483">
        <ele>56.5</ele>
      </trkpt>
      <trkpt lat="41.75259" lon="-74.09478">
        <ele>57.9</ele>
      </trkpt>
      <trkpt lat="41.75263" lon="-74.09471">
        <ele>57.7</ele>
      </trkpt>
      <trkpt lat="41.75266" lon="-74.09466">
        <ele>55.8</ele>
      </trkpt>
      <trkpt lat="41.75267" lon="-74.09456">
        <ele>52.9</ele>
      </trkpt>
      <trkpt lat="41.75263" lon="-74.09444">
        <ele>52.0</ele>
      </trkpt>
      <trkpt lat="41.75252" lon="-74.09418">
        <ele>51.1</ele>
      </trkpt>
      <trkpt lat="41.75239" lon="-74.09392">
        <ele>51.9</ele>
      </trkpt>
      <trkpt lat="41.75232" lon="-74.09375">
        <ele>51.9</ele>
      </trkpt>
      <trkpt lat="41.75211" lon="-74.09316">
        <ele>52.0</ele>
      </trkpt>
      <trkpt lat="41.7519" lon="-74.09257">
        <ele>51.8</ele>
      </trkpt>
      <trkpt lat="41.75178" lon="-74.09233">
        <ele>52.7</ele>
      </trkpt>
      <trkpt lat="41.75173" lon="-74.09228">
        <ele>54.2</ele>
      </trkpt>
      <trkpt lat="41.75168" lon="-74.09225">
        <ele>56.2</ele>
      </trkpt>
      <trkpt lat="41.75165" lon="-74.09225">
        <ele>57.1</ele>
      </trkpt>
      <trkpt lat="41.75151" lon="-74.09225">
        <ele>56.7</ele>
      </trkpt>
      <trkpt lat="41.75127" lon="-74.09229">
        <ele>55.9</ele>
      </trkpt>
      <trkpt lat="41.75123" lon="-74.09227">
        <ele>55.9</ele>
      </trkpt>
      <trkpt lat="41.75119" lon="-74.09224">
        <ele>55.9</ele>
      </trkpt>
      <trkpt lat="41.75116" lon="-74.0922">
        <ele>56.0</ele>
      </trkpt>
      <trkpt lat="41.75114" lon="-74.09213">
        <ele>56.1</ele>
      </trkpt>
      <trkpt lat="41.75113" lon="-74.09197">
        <ele>56.4</ele>
      </trkpt>
      <trkpt lat="41.75113" lon="-74.09187">
        <ele>56.6</ele>
      </trkpt>
      <trkpt lat="41.75113" lon="-74.0917">
        <ele>56.9</ele>
      </trkpt>
      <trkpt lat="41.75111" lon="-74.0916">
        <ele>57.1</ele>
      </trkpt>
      <trkpt lat="41.75106" lon="-74.09147">
        <ele>57.6</ele>
      </trkpt>
      <trkpt lat="41.751" lon="-74.09139">
        <ele>57.7</ele>
      </trkpt>
      <trkpt lat="41.75093" lon="-74.09132">
        <ele>56.6</ele>
      </trkpt>
      <trkpt lat="41.75077" lon="-74.0912">
        <ele>56.9</ele>
      </trkpt>
      <trkpt lat="41.75054" lon="-74.09107">
        <ele>55.8</ele>
      </trkpt>
      <trkpt lat="41.75025" lon="-74.09095">
        <ele>55.8</ele>
      </trkpt>
      <trkpt lat="41.75" lon="-74.09086">
        <ele>56.6</ele>
      </trkpt>
      <trkpt lat="41.74946" lon="-74.09077">
        <ele>56.4</ele>
      </trkpt>
      <trkpt lat="41.74934" lon="-74.09075">
        <ele>56.4</ele>
      </trkpt>
      <trkpt lat="41.74916" lon="-74.09075">
        <ele>56.3</ele>
      </trkpt>
      <trkpt lat="41.74879" lon="-74.09076">
        <ele>57.8</ele>
      </trkpt>
      <trkpt lat="41.74835" lon="-74.0908">
        <ele>57.0</ele>
      </trkpt>
      <trkpt lat="41.74796" lon="-74.09089">
        <ele>56.2</ele>
      </trkpt>
      <trkpt lat="41.74772" lon="-74.09097">
        <ele>55.7</ele>
      </trkpt>
      <trkpt lat="41.74766" lon="-74.09102">
        <ele>55.6</ele>
      </trkpt>
      <trkpt lat="41.74758" lon="-74.09112">
        <ele>55.3</ele>
      </trkpt>
      <trkpt lat="41.74755" lon="-74.09121">
        <ele>55.3</ele>
      </trkpt>
      <trkpt lat="41.74754" lon="-74.09132">
        <ele>55.3</ele>
      </trkpt>
      <trkpt lat="41.74753" lon="-74.09155">
        <ele>55.4</ele>
      </trkpt>
      <trkpt lat="41.74751" lon="-74.09169">
        <ele>55.4</ele>
      </trkpt>
      <trkpt lat="41.74748" lon="-74.0918">
        <ele>55.4</ele>
      </trkpt>
      <trkpt lat="41.74745" lon="-74.09184">
        <ele>55.5</ele>
      </trkpt>
      <trkpt lat="41.74742" lon="-74.09188">
        <ele>55.5</ele>
      </trkpt>
      <trkpt lat="41.74738" lon="-74.0919">
        <ele>55.5</ele>
      </trkpt>
      <trkpt lat="41.74734" lon="-74.0919">
        <ele>55.5</ele>
      </trkpt>
      <trkpt lat="41.74728" lon="-74.09187">
        <ele>55.5</ele>
      </trkpt>
      <trkpt lat="41.74722" lon="-74.0918">
        <ele>55.5</ele>
      </trkpt>
      <trkpt lat="41.74703" lon="-74.09134">
        <ele>55.5</ele>
      </trkpt>
      <trkpt lat="41.7469" lon="-74.09099">
        <ele>56.2</ele>
      </trkpt>
      <trkpt lat="41.74685" lon="-74.09089">
        <ele>56.4</ele>
      </trkpt>
      <trkpt lat="41.74684" lon="-74.09087">
        <ele>56.5</ele>
      </trkpt>
      <trkpt lat="41.74674" lon="-74.09022">
        <ele>57.8</ele>
      </trkpt>
      <trkpt lat="41.74672" lon="-74.09007">
        <ele>58.1</ele>
      </trkpt>
      <trkpt lat="41.74672" lon="-74.08999">
        <ele>58.2</ele>
      </trkpt>
      <trkpt lat="41.74633" lon="-74.09">
        <ele>59.3</ele>
      </trkpt>
      <trkpt lat="41.74628" lon="-74.08999">
        <ele>59.4</ele>
      </trkpt>
      <trkpt lat="41.7462" lon="-74.08997">
        <ele>59.7</ele>
      </trkpt>
      <trkpt lat="41.74607" lon="-74.0899">
        <ele>60.2</ele>
      </trkpt>
      <trkpt lat="41.74598" lon="-74.08979">
        <ele>60.6</ele>
      </trkpt>
      <trkpt lat="41.74579" lon="-74.08991">
        <ele>59.1</ele>
      </trkpt>
      <trkpt lat="41.74555" lon="-74.0901">
        <ele>56.8</ele>
      </trkpt>
      <trkpt lat="41.74504" lon="-74.09046">
        <ele>56.5</ele>
      </trkpt>
      <trkpt lat="41.74466" lon="-74.09079">
        <ele>57.7</ele>
      </trkpt>
      <trkpt lat="41.74413" lon="-74.09126">
        <ele>59.7</ele>
      </trkpt>
      <trkpt lat="41.74359" lon="-74.09173">
        <ele>60.0</ele>
      </trkpt>
      <trkpt lat="41.74305" lon="-74.0922">
        <ele>57.7</ele>
      </trkpt>
      <trkpt lat="41.74255" lon="-74.09257">
        <ele>60.2</ele>
      </trkpt>
      <trkpt lat="41.74193" lon="-74.09298">
        <ele>60.6</ele>
      </trkpt>
      <trkpt lat="41.74131" lon="-74.09341">
        <ele>58.8</ele>
      </trkpt>
      <trkpt lat="41.7405" lon="-74.09391">
        <ele>59.3</ele>
      </trkpt>
      <trkpt lat="41.74003" lon="-74.09424">
        <ele>59.2</ele>
      </trkpt>
      <trkpt lat="41.73955" lon="-74.09456">
        <ele>58.9</ele>
      </trkpt>
      <trkpt lat="41.73908" lon="-74.09493">
        <ele>59.8</ele>
      </trkpt>
      <trkpt lat="41.73861" lon="-74.09531">
        <ele>61.5</ele>
      </trkpt>
      <trkpt lat="41.73812" lon="-74.09571">
        <ele>59.7</ele>
      </trkpt>
      <trkpt lat="41.73763" lon="-74.09611">
        <ele>60.1</ele>
      </trkpt>
      <trkpt lat="41.73713" lon="-74.0965">
        <ele>60.4</ele>
      </trkpt>
      <trkpt lat="41.73663" lon="-74.0969">
        <ele>60.2</ele>
      </trkpt>
      <trkpt lat="41.73614" lon="-74.09721">
        <ele>60.1</ele>
      </trkpt>
      <trkpt lat="41.73564" lon="-74.09749">
        <ele>60.0</ele>
      </trkpt>
      <trkpt lat="41.73497" lon="-74.09785">
        <ele>59.9</ele>
      </trkpt>
      <trkpt lat="41.73429" lon="-74.09821">
        <ele>60.2</ele>
      </trkpt>
      <trkpt lat="41.73362" lon="-74.09857">
        <ele>60.4</ele>
      </trkpt>
      <trkpt lat="41.73295" lon="-74.09893">
        <ele>60.5</ele>
      </trkpt>
      <trkpt lat="41.73228" lon="-74.09928">
        <ele>64.1</ele>
      </trkpt>
      <trkpt lat="41.73161" lon="-74.09964">
        <ele>65.3</ele>
      </trkpt>
      <trkpt lat="41.73094" lon="-74.09999">
        <ele>66.1</ele>
      </trkpt>
      <trkpt lat="41.73048" lon="-74.10025">
        <ele>66.7</ele>
      </trkpt>
      <trkpt lat="41.73003" lon="-74.10051">
        <ele>66.8</ele>
      </trkpt>
      <trkpt lat="41.72962" lon="-74.1008">
        <ele>66.8</ele>
      </trkpt>
      <trkpt lat="41.72935" lon="-74.10105">
        <ele>66.8</ele>
      </trkpt>
      <trkpt lat="41.72908" lon="-74.10132">
        <ele>66.8</ele>
      </trkpt>
      <trkpt lat="41.72862" lon="-74.10186">
        <ele>68.5</ele>
      </trkpt>
      <trkpt lat="41.72859" lon="-74.10189">
        <ele>68.7</ele>
      </trkpt>
      <trkpt lat="41.72802" lon="-74.10261">
        <ele>71.0</ele>
      </trkpt>
      <trkpt lat="41.72745" lon="-74.10333">
        <ele>72.6</ele>
      </trkpt>
      <trkpt lat="41.72687" lon="-74.10405">
        <ele>71.5</ele>
      </trkpt>
      <trkpt lat="41.72639" lon="-74.10463">
        <ele>66.5</ele>
      </trkpt>
      <trkpt lat="41.7259" lon="-74.10522">
        <ele>64.8</ele>
      </trkpt>
      <trkpt lat="41.72547" lon="-74.1057">
        <ele>59.9</ele>
      </trkpt>
      <trkpt lat="41.72507" lon="-74.10603">
        <ele>57.5</ele>
      </trkpt>
      <trkpt lat="41.72478" lon="-74.10623">
        <ele>58.1</ele>
      </trkpt>
      <trkpt lat="41.72448" lon="-74.10641">
        <ele>58.7</ele>
      </trkpt>
      <trkpt lat="41.72386" lon="-74.10681">
        <ele>60.1</ele>
      </trkpt>
      <trkpt lat="41.72324" lon="-74.1072">
        <ele>65.7</ele>
      </trkpt>
      <trkpt lat="41.72266" lon="-74.10761">
        <ele>71.9</ele>
      </trkpt>
      <trkpt lat="41.72208" lon="-74.10803">
        <ele>75.8</ele>
      </trkpt>
      <trkpt lat="41.7215" lon="-74.10845">
        <ele>76.3</ele>
      </trkpt>
      <trkpt lat="41.72073" lon="-74.10902">
        <ele>77.3</ele>
      </trkpt>
      <trkpt lat="41.72019" lon="-74.10949">
        <ele>76.9</ele>
      </trkpt>
      <trkpt lat="41.71961" lon="-74.11004">
        <ele>75.8</ele>
      </trkpt>
      <trkpt lat="41.71913" lon="-74.11053">
        <ele>75.1</ele>
      </trkpt>
      <trkpt lat="41.71861" lon="-74.11112">
        <ele>76.8</ele>
      </trkpt>
      <trkpt lat="41.71809" lon="-74.1117">
        <ele>78.3</ele>
      </trkpt>
      <trkpt lat="41.71757" lon="-74.11229">
        <ele>80.8</ele>
      </trkpt>
      <trkpt lat="41.71699" lon="-74.11297">
        <ele>81.1</ele>
      </trkpt>
      <trkpt lat="41.71641" lon="-74.11365">
        <ele>82.6</ele>
      </trkpt>
      <trkpt lat="41.71583" lon="-74.11434">
        <ele>80.7</ele>
      </trkpt>
      <trkpt lat="41.71519" lon="-74.11509">
        <ele>80.3</ele>
      </trkpt>
      <trkpt lat="41.71456" lon="-74.11584">
        <ele>82.3</ele>
      </trkpt>
      <trkpt lat="41.71393" lon="-74.11659">
        <ele>84.4</ele>
      </trkpt>
      <trkpt lat="41.71329" lon="-74.11735">
        <ele>90.5</ele>
      </trkpt>
      <trkpt lat="41.71266" lon="-74.1181">
        <ele>89.1</ele>
      </trkpt>
      <trkpt lat="41.71207" lon="-74.11879">
        <ele>89.0</ele>
      </trkpt>
      <trkpt lat="41.71147" lon="-74.11949">
        <ele>90.0</ele>
      </trkpt>
      <trkpt lat="41.71088" lon="-74.12018">
        <ele>88.0</ele>
      </trkpt>
      <trkpt lat="41.71029" lon="-74.12088">
        <ele>85.2</ele>
      </trkpt>
      <trkpt lat="41.70969" lon="-74.12157">
        <ele>85.1</ele>
      </trkpt>
      <trkpt lat="41.70952" lon="-74.12178">
        <ele>85.1</ele>
      </trkpt>
      <trkpt lat="41.70901" lon="-74.12238">
        <ele>86.4</ele>
      </trkpt>
      <trkpt lat="41.70849" lon="-74.12299">
        <ele>92.6</ele>
      </trkpt>
      <trkpt lat="41.70797" lon="-74.12359">
        <ele>91.7</ele>
      </trkpt>
      <trkpt lat="41.70752" lon="-74.12413">
        <ele>91.8</ele>
      </trkpt>
      <trkpt lat="41.70707" lon="-74.12468">
        <ele>95.3</ele>
      </trkpt>
      <trkpt lat="41.70649" lon="-74.12536">
        <ele>97.2</ele>
      </trkpt>
      <trkpt lat="41.7059" lon="-74.12604">
        <ele>97.0</ele>
      </trkpt>
      <trkpt lat="41.70532" lon="-74.12672">
        <ele>97.1</ele>
      </trkpt>
      <trkpt lat="41.70474" lon="-74.1274">
        <ele>97.2</ele>
      </trkpt>
      <trkpt lat="41.70416" lon="-74.12808">
        <ele>96.6</ele>
      </trkpt>
      <trkpt lat="41.70394" lon="-74.12833">
        <ele>96.1</ele>
      </trkpt>
      <trkpt lat="41.70347" lon="-74.12891">
        <ele>93.0</ele>
      </trkpt>
      <trkpt lat="41.703" lon="-74.12948">
        <ele>91.3</ele>
      </trkpt>
      <trkpt lat="41.70265" lon="-74.12993">
        <ele>91.2</ele>
      </trkpt>
      <trkpt lat="41.70231" lon="-74.13037">
        <ele>91.4</ele>
      </trkpt>
      <trkpt lat="41.70214" lon="-74.13062">
        <ele>91.5</ele>
      </trkpt>
      <trkpt lat="41.70169" lon="-74.13132">
        <ele>91.8</ele>
      </trkpt>
      <trkpt lat="41.7012" lon="-74.13219">
        <ele>92.9</ele>
      </trkpt>
      <trkpt lat="41.70071" lon="-74.13306">
        <ele>88.6</ele>
      </trkpt>
      <trkpt lat="41.70036" lon="-74.13381">
        <ele>94.4</ele>
      </trkpt>
      <trkpt lat="41.69991" lon="-74.13481">
        <ele>97.3</ele>
      </trkpt>
      <trkpt lat="41.6996" lon="-74.13558">
        <ele>98.7</ele>
      </trkpt>
      <trkpt lat="41.6993" lon="-74.13634">
        <ele>99.5</ele>
      </trkpt>
      <trkpt lat="41.69899" lon="-74.13711">
        <ele>99.9</ele>
      </trkpt>
      <trkpt lat="41.69867" lon="-74.13781">
        <ele>99.5</ele>
      </trkpt>
      <trkpt lat="41.69835" lon="-74.13851">
        <ele>99.0</ele>
      </trkpt>
      <trkpt lat="41.69797" lon="-74.13921">
        <ele>98.6</ele>
      </trkpt>
      <trkpt lat="41.69754" lon="-74.13994">
        <ele>101.6</ele>
      </trkpt>
      <trkpt lat="41.69708" lon="-74.14065">
        <ele>102.2</ele>
      </trkpt>
      <trkpt lat="41.69678" lon="-74.1411">
        <ele>102.0</ele>
      </trkpt>
      <trkpt lat="41.69642" lon="-74.14157">
        <ele>101.6</ele>
      </trkpt>
      <trkpt lat="41.69606" lon="-74.14204">
        <ele>101.5</ele>
      </trkpt>
      <trkpt lat="41.69584" lon="-74.14232">
        <ele>101.3</ele>
      </trkpt>
      <trkpt lat="41.69527" lon="-74.14295">
        <ele>100.8</ele>
      </trkpt>
      <trkpt lat="41.69483" lon="-74.14339">
        <ele>100.1</ele>
      </trkpt>
      <trkpt lat="41.6944" lon="-74.14383">
        <ele>99.0</ele>
      </trkpt>
      <trkpt lat="41.69395" lon="-74.1442">
        <ele>98.3</ele>
      </trkpt>
      <trkpt lat="41.69351" lon="-74.14458">
        <ele>98.7</ele>
      </trkpt>
      <trkpt lat="41.69293" lon="-74.14503">
        <ele>98.2</ele>
      </trkpt>
      <trkpt lat="41.69241" lon="-74.14539">
        <ele>97.3</ele>
      </trkpt>
      <trkpt lat="41.69188" lon="-74.14575">
        <ele>97.0</ele>
      </trkpt>
      <trkpt lat="41.69114" lon="-74.14621">
        <ele>96.9</ele>
      </trkpt>
      <trkpt lat="41.6904" lon="-74.14667">
        <ele>96.8</ele>
      </trkpt>
      <trkpt lat="41.68966" lon="-74.14713">
        <ele>96.8</ele>
      </trkpt>
      <trkpt lat="41.68891" lon="-74.14759">
        <ele>96.6</ele>
      </trkpt>
      <trkpt lat="41.68817" lon="-74.14805">
        <ele>96.6</ele>
      </trkpt>
      <trkpt lat="41.68743" lon="-74.14851">
        <ele>96.4</ele>
      </trkpt>
      <trkpt lat="41.68669" lon="-74.14897">
        <ele>96.0</ele>
      </trkpt>
      <trkpt lat="41.68604" lon="-74.14936">
        <ele>95.2</ele>
      </trkpt>
      <trkpt lat="41.68539" lon="-74.14976">
        <ele>94.1</ele>
      </trkpt>
      <trkpt lat="41.68474" lon="-74.15015">
        <ele>93.3</ele>
      </trkpt>
      <trkpt lat="41.68409" lon="-74.15054">
        <ele>93.4</ele>
      </trkpt>
      <trkpt lat="41.68342" lon="-74.15082">
        <ele>92.7</ele>
      </trkpt>
      <trkpt lat="41.68275" lon="-74.15111">
        <ele>92.2</ele>
      </trkpt>
      <trkpt lat="41.68208" lon="-74.15139">
        <ele>94.7</ele>
      </trkpt>
      <trkpt lat="41.68146" lon="-74.15164">
        <ele>95.4</ele>
      </trkpt>
      <trkpt lat="41.68084" lon="-74.15189">
        <ele>95.0</ele>
      </trkpt>
      <trkpt lat="41.68023" lon="-74.15214">
        <ele>94.4</ele>
      </trkpt>
      <trkpt lat="41.67987" lon="-74.15227">
        <ele>94.1</ele>
      </trkpt>
      <trkpt lat="41.67943" lon="-74.15246">
        <ele>93.8</ele>
      </trkpt>
      <trkpt lat="41.679" lon="-74.15265">
        <ele>93.5</ele>
      </trkpt>
      <trkpt lat="41.67832" lon="-74.15292">
        <ele>94.6</ele>
      </trkpt>
      <trkpt lat="41.67765" lon="-74.15319">
        <ele>95.7</ele>
      </trkpt>
      <trkpt lat="41.67697" lon="-74.15346">
        <ele>96.6</ele>
      </trkpt>
      <trkpt lat="41.67612" lon="-74.15381">
        <ele>97.3</ele>
      </trkpt>
      <trkpt lat="41.67528" lon="-74.15415">
        <ele>97.2</ele>
      </trkpt>
      <trkpt lat="41.67443" lon="-74.15449">
        <ele>95.6</ele>
      </trkpt>
      <trkpt lat="41.67359" lon="-74.15484">
        <ele>94.3</ele>
      </trkpt>
      <trkpt lat="41.67275" lon="-74.15518">
        <ele>95.3</ele>
      </trkpt>
      <trkpt lat="41.6719" lon="-74.15552">
        <ele>94.3</ele>
      </trkpt>
      <trkpt lat="41.67106" lon="-74.15587">
        <ele>93.1</ele>
      </trkpt>
      <trkpt lat="41.67021" lon="-74.15621">
        <ele>91.2</ele>
      </trkpt>
      <trkpt lat="41.66937" lon="-74.15655">
        <ele>93.1</ele>
      </trkpt>
      <trkpt lat="41.66852" lon="-74.1569">
        <ele>93.7</ele>
      </trkpt>
      <trkpt lat="41.66805" lon="-74.15713">
        <ele>94.0</ele>
      </trkpt>
      <trkpt lat="41.66759" lon="-74.15737">
        <ele>93.6</ele>
      </trkpt>
      <trkpt lat="41.66704" lon="-74.15778">
        <ele>92.3</ele>
      </trkpt>
      <trkpt lat="41.66649" lon="-74.15819">
        <ele>91.2</ele>
      </trkpt>
      <trkpt lat="41.66606" lon="-74.15847">
        <ele>91.0</ele>
      </trkpt>
      <trkpt lat="41.66564" lon="-74.15875">
        <ele>90.1</ele>
      </trkpt>
      <trkpt lat="41.66505" lon="-74.1592">
        <ele>88.2</ele>
      </trkpt>
      <trkpt lat="41.66445" lon="-74.15966">
        <ele>86.0</ele>
      </trkpt>
      <trkpt lat="41.66386" lon="-74.16011">
        <ele>82.4</ele>
      </trkpt>
      <trkpt lat="41.66341" lon="-74.16041">
        <ele>80.6</ele>
      </trkpt>
      <trkpt lat="41.66295" lon="-74.16071">
        <ele>82.2</ele>
      </trkpt>
      <trkpt lat="41.66287" lon="-74.16078">
        <ele>82.5</ele>
      </trkpt>
      <trkpt lat="41.66215" lon="-74.16123">
        <ele>85.1</ele>
      </trkpt>
      <trkpt lat="41.66174" lon="-74.16143">
        <ele>85.7</ele>
      </trkpt>
      <trkpt lat="41.66137" lon="-74.16159">
        <ele>86.0</ele>
      </trkpt>
      <trkpt lat="41.66077" lon="-74.16179">
        <ele>86.3</ele>
      </trkpt>
      <trkpt lat="41.66018" lon="-74.16199">
        <ele>88.5</ele>
      </trkpt>
      <trkpt lat="41.65959" lon="-74.16219">
        <ele>90.7</ele>
      </trkpt>
      <trkpt lat="41.65893" lon="-74.1624">
        <ele>91.0</ele>
      </trkpt>
      <trkpt lat="41.65812" lon="-74.16267">
        <ele>90.8</ele>
      </trkpt>
      <trkpt lat="41.65731" lon="-74.16293">
        <ele>90.4</ele>
      </trkpt>
      <trkpt lat="41.6565" lon="-74.1632">
        <ele>90.7</ele>
      </trkpt>
      <trkpt lat="41.65569" lon="-74.16347">
        <ele>90.8</ele>
      </trkpt>
      <trkpt lat="41.65488" lon="-74.16374">
        <ele>90.8</ele>
      </trkpt>
      <trkpt lat="41.65407" lon="-74.16393">
        <ele>90.8</ele>
      </trkpt>
      <trkpt lat="41.65324" lon="-74.16399">
        <ele>92.3</ele>
      </trkpt>
      <trkpt lat="41.6524" lon="-74.16406">
        <ele>97.2</ele>
      </trkpt>
      <trkpt lat="41.65157" lon="-74.16412">
        <ele>97.2</ele>
      </trkpt>
      <trkpt lat="41.65074" lon="-74.16418">
        <ele>97.3</ele>
      </trkpt>
      <trkpt lat="41.64991" lon="-74.16424">
        <ele>101.9</ele>
      </trkpt>
      <trkpt lat="41.64907" lon="-74.16431">
        <ele>102.9</ele>
      </trkpt>
      <trkpt lat="41.64824" lon="-74.16437">
        <ele>103.0</ele>
      </trkpt>
      <trkpt lat="41.64741" lon="-74.16443">
        <ele>103.0</ele>
      </trkpt>
      <trkpt lat="41.64658" lon="-74.16449">
        <ele>103.0</ele>
      </trkpt>
      <trkpt lat="41.64673" lon="-74.16516">
        <ele>105.8</ele>
      </trkpt>
      <trkpt lat="41.64689" lon="-74.16583">
        <ele>110.1</ele>
      </trkpt>
      <trkpt lat="41.64692" lon="-74.1659">
        <ele>110.2</ele>
      </trkpt>
      <trkpt lat="41.64697" lon="-74.16598">
        <ele>110.3</ele>
      </trkpt>
      <trkpt lat="41.64709" lon="-74.1661">
        <ele>110.0</ele>
      </trkpt>
      <trkpt lat="41.64736" lon="-74.16627">
        <ele>109.6</ele>
      </trkpt>
      <trkpt lat="41.6475" lon="-74.1664">
        <ele>109.5</ele>
      </trkpt>
      <trkpt lat="41.64758" lon="-74.16649">
        <ele>109.5</ele>
      </trkpt>
      <trkpt lat="41.6477" lon="-74.16669">
        <ele>109.5</ele>
      </trkpt>
      <trkpt lat="41.6478" lon="-74.16691">
        <ele>109.4</ele>
      </trkpt>
      <trkpt lat="41.648" lon="-74.16746">
        <ele>109.4</ele>
      </trkpt>
      <trkpt lat="41.64819" lon="-74.16801">
        <ele>108.5</ele>
      </trkpt>
      <trkpt lat="41.64827" lon="-74.16818">
        <ele>108.0</ele>
      </trkpt>
      <trkpt lat="41.64757" lon="-74.16887">
        <ele>108.2</ele>
      </trkpt>
      <trkpt lat="41.64702" lon="-74.16941">
        <ele>107.8</ele>
      </trkpt>
      <trkpt lat="41.64647" lon="-74.16994">
        <ele>107.3</ele>
      </trkpt>
      <trkpt lat="41.64582" lon="-74.17056">
        <ele>106.1</ele>
      </trkpt>
      <trkpt lat="41.64543" lon="-74.1709">
        <ele>105.5</ele>
      </trkpt>
      <trkpt lat="41.64505" lon="-74.17124">
        <ele>106.2</ele>
      </trkpt>
      <trkpt lat="41.64452" lon="-74.17177">
        <ele>105.2</ele>
      </trkpt>
      <trkpt lat="41.64394" lon="-74.17241">
        <ele>104.5</ele>
      </trkpt>
      <trkpt lat="41.64373" lon="-74.17268">
        <ele>104.2</ele>
      </trkpt>
      <trkpt lat="41.64322" lon="-74.17343">
        <ele>104.1</ele>
      </trkpt>
      <trkpt lat="41.64314" lon="-74.17354">
        <ele>104.0</ele>
      </trkpt>
      <trkpt lat="41.64307" lon="-74.1736">
        <ele>104.0</ele>
      </trkpt>
      <trkpt lat="41.64293" lon="-74.17371">
        <ele>104.0</ele>
      </trkpt>
      <trkpt lat="41.6428" lon="-74.17375">
        <ele>104.0</ele>
      </trkpt>
      <trkpt lat="41.64264" lon="-74.17378">
        <ele>104.0</ele>
      </trkpt>
      <trkpt lat="41.64209" lon="-74.1738">
        <ele>103.8</ele>
      </trkpt>
      <trkpt lat="41.64182" lon="-74.17383">
        <ele>103.8</ele>
      </trkpt>
      <trkpt lat="41.64157" lon="-74.17389">
        <ele>103.8</ele>
      </trkpt>
      <trkpt lat="41.64078" lon="-74.17415">
        <ele>103.6</ele>
      </trkpt>
      <trkpt lat="41.63999" lon="-74.17442">
        <ele>101.2</ele>
      </trkpt>
      <trkpt lat="41.63938" lon="-74.17457">
        <ele>100.4</ele>
      </trkpt>
      <trkpt lat="41.63887" lon="-74.17472">
        <ele>98.8</ele>
      </trkpt>
      <trkpt lat="41.63856" lon="-74.17479">
        <ele>99.0</ele>
      </trkpt>
      <trkpt lat="41.63845" lon="-74.1748">
        <ele>99.1</ele>
      </trkpt>
      <trkpt lat="41.63781" lon="-74.17482">
        <ele>100.5</ele>
      </trkpt>
      <trkpt lat="41.63718" lon="-74.17484">
        <ele>102.0</ele>
      </trkpt>
      <trkpt lat="41.63694" lon="-74.17487">
        <ele>102.3</ele>
      </trkpt>
      <trkpt lat="41.63675" lon="-74.17493">
        <ele>102.3</ele>
      </trkpt>
      <trkpt lat="41.63631" lon="-74.1751">
        <ele>102.3</ele>
      </trkpt>
      <trkpt lat="41.63586" lon="-74.17527">
        <ele>103.5</ele>
      </trkpt>
      <trkpt lat="41.63515" lon="-74.17549">
        <ele>108.9</ele>
      </trkpt>
      <trkpt lat="41.63444" lon="-74.17571">
        <ele>114.8</ele>
      </trkpt>
      <trkpt lat="41.63431" lon="-74.17576">
        <ele>116.2</ele>
      </trkpt>
      <trkpt lat="41.63418" lon="-74.17584">
        <ele>117.0</ele>
      </trkpt>
      <trkpt lat="41.6341" lon="-74.17589">
        <ele>117.1</ele>
      </trkpt>
      <trkpt lat="41.63403" lon="-74.17596">
        <ele>117.0</ele>
      </trkpt>
      <trkpt lat="41.63399" lon="-74.17602">
        <ele>116.8</ele>
      </trkpt>
      <trkpt lat="41.63387" lon="-74.17624">
        <ele>115.5</ele>
      </trkpt>
      <trkpt lat="41.63375" lon="-74.17655">
        <ele>113.6</ele>
      </trkpt>
      <trkpt lat="41.63355" lon="-74.17716">
        <ele>112.4</ele>
      </trkpt>
      <trkpt lat="41.63335" lon="-74.17776">
        <ele>111.4</ele>
      </trkpt>
      <trkpt lat="41.63313" lon="-74.17839">
        <ele>110.4</ele>
      </trkpt>
      <trkpt lat="41.63282" lon="-74.17921">
        <ele>110.4</ele>
      </trkpt>
      <trkpt lat="41.63262" lon="-74.17976">
        <ele>108.7</ele>
      </trkpt>
      <trkpt lat="41.63242" lon="-74.18031">
        <ele>105.7</ele>
      </trkpt>
      <trkpt lat="41.63231" lon="-74.18051">
        <ele>106.3</ele>
      </trkpt>
      <trkpt lat="41.63226" lon="-74.18057">
        <ele>106.8</ele>
      </trkpt>
      <trkpt lat="41.63203" lon="-74.1808">
        <ele>107.9</ele>
      </trkpt>
      <trkpt lat="41.6313" lon="-74.18011">
        <ele>109.8</ele>
      </trkpt>
      <trkpt lat="41.63093" lon="-74.17978">
        <ele>106.6</ele>
      </trkpt>
      <trkpt lat="41.63038" lon="-74.17924">
        <ele>97.5</ele>
      </trkpt>
      <trkpt lat="41.62982" lon="-74.17871">
        <ele>91.1</ele>
      </trkpt>
      <trkpt lat="41.62926" lon="-74.17817">
        <ele>87.9</ele>
      </trkpt>
      <trkpt lat="41.62894" lon="-74.1778">
        <ele>87.7</ele>
      </trkpt>
      <trkpt lat="41.62865" lon="-74.17733">
        <ele>89.7</ele>
      </trkpt>
      <trkpt lat="41.62848" lon="-74.17694">
        <ele>89.3</ele>
      </trkpt>
      <trkpt lat="41.62835" lon="-74.17654">
        <ele>86.5</ele>
      </trkpt>
      <trkpt lat="41.62817" lon="-74.17573">
        <ele>86.5</ele>
      </trkpt>
      <trkpt lat="41.62795" lon="-74.1747">
        <ele>84.0</ele>
      </trkpt>
      <trkpt lat="41.62773" lon="-74.17367">
        <ele>85.9</ele>
      </trkpt>
      <trkpt lat="41.62751" lon="-74.17265">
        <ele>84.5</ele>
      </trkpt>
      <trkpt lat="41.62733" lon="-74.17186">
        <ele>85.8</ele>
      </trkpt>
      <trkpt lat="41.62716" lon="-74.17108">
        <ele>88.7</ele>
      </trkpt>
      <trkpt lat="41.62699" lon="-74.17037">
        <ele>90.6</ele>
      </trkpt>
      <trkpt lat="41.62682" lon="-74.16967">
        <ele>95.6</ele>
      </trkpt>
      <trkpt lat="41.62607" lon="-74.17005">
        <ele>92.6</ele>
      </trkpt>
      <trkpt lat="41.62532" lon="-74.17042">
        <ele>95.3</ele>
      </trkpt>
      <trkpt lat="41.62456" lon="-74.17079">
        <ele>96.7</ele>
      </trkpt>
      <trkpt lat="41.62381" lon="-74.17117">
        <ele>97.0</ele>
      </trkpt>
      <trkpt lat="41.62306" lon="-74.17154">
        <ele>97.2</ele>
      </trkpt>
      <trkpt lat="41.6223" lon="-74.17192">
        <ele>97.2</ele>
      </trkpt>
      <trkpt lat="41.62155" lon="-74.17229">
        <ele>96.8</ele>
      </trkpt>
      <trkpt lat="41.6208" lon="-74.17266">
        <ele>96.8</ele>
      </trkpt>
      <trkpt lat="41.6201" lon="-74.173">
        <ele>96.5</ele>
      </trkpt>
      <trkpt lat="41.6194" lon="-74.17333">
        <ele>93.6</ele>
      </trkpt>
      <trkpt lat="41.6187" lon="-74.17366">
        <ele>89.9</ele>
      </trkpt>
      <trkpt lat="41.618" lon="-74.174">
        <ele>84.7</ele>
      </trkpt>
      <trkpt lat="41.618" lon="-74.174">
        <ele>84.7</ele>
      </trkpt>
      <trkpt lat="41.61726" lon="-74.17436">
        <ele>92.8</ele>
      </trkpt>
      <trkpt lat="41.61652" lon="-74.17472">
        <ele>92.5</ele>
      </trkpt>
      <trkpt lat="41.61577" lon="-74.17508">
        <ele>91.1</ele>
      </trkpt>
      <trkpt lat="41.61503" lon="-74.17544">
        <ele>91.1</ele>
      </trkpt>
      <trkpt lat="41.61426" lon="-74.17581">
        <ele>90.8</ele>
      </trkpt>
      <trkpt lat="41.61348" lon="-74.17619">
        <ele>85.0</ele>
      </trkpt>
      <trkpt lat="41.61271" lon="-74.17656">
        <ele>84.9</ele>
      </trkpt>
      <trkpt lat="41.61194" lon="-74.17693">
        <ele>84.7</ele>
      </trkpt>
      <trkpt lat="41.61116" lon="-74.1773">
        <ele>84.2</ele>
      </trkpt>
      <trkpt lat="41.61039" lon="-74.17767">
        <ele>83.9</ele>
      </trkpt>
      <trkpt lat="41.60961" lon="-74.17804">
        <ele>84.3</ele>
      </trkpt>
      <trkpt lat="41.60884" lon="-74.17841">
        <ele>84.1</ele>
      </trkpt>
      <trkpt lat="41.60844" lon="-74.17862">
        <ele>83.9</ele>
      </trkpt>
      <trkpt lat="41.60775" lon="-74.17895">
        <ele>83.4</ele>
      </trkpt>
      <trkpt lat="41.60705" lon="-74.17928">
        <ele>83.2</ele>
      </trkpt>
      <trkpt lat="41.60636" lon="-74.17962">
        <ele>83.2</ele>
      </trkpt>
      <trkpt lat="41.60576" lon="-74.17989">
        <ele>83.5</ele>
      </trkpt>
      <trkpt lat="41.60516" lon="-74.18017">
        <ele>84.2</ele>
      </trkpt>
      <trkpt lat="41.60456" lon="-74.18045">
        <ele>84.5</ele>
      </trkpt>
      <trkpt lat="41.60423" lon="-74.18057">
        <ele>84.6</ele>
      </trkpt>
      <trkpt lat="41.60415" lon="-74.18059">
        <ele>84.6</ele>
      </trkpt>
      <trkpt lat="41.60407" lon="-74.18056">
        <ele>84.7</ele>
      </trkpt>
      <trkpt lat="41.60399" lon="-74.18055">
        <ele>84.8</ele>
      </trkpt>
      <trkpt lat="41.60386" lon="-74.1806">
        <ele>84.9</ele>
      </trkpt>
      <trkpt lat="41.60389" lon="-74.18074">
        <ele>84.6</ele>
      </trkpt>
      <trkpt lat="41.6035" lon="-74.18088">
        <ele>84.8</ele>
      </trkpt>
      <trkpt lat="41.60306" lon="-74.18098">
        <ele>84.3</ele>
      </trkpt>
      <trkpt lat="41.60261" lon="-74.18106">
        <ele>83.1</ele>
      </trkpt>
      <trkpt lat="41.6018" lon="-74.18115">
        <ele>80.9</ele>
      </trkpt>
      <trkpt lat="41.60097" lon="-74.18127">
        <ele>79.8</ele>
      </trkpt>
      <trkpt lat="41.60015" lon="-74.18138">
        <ele>79.3</ele>
      </trkpt>
      <trkpt lat="41.59932" lon="-74.18149">
        <ele>79.3</ele>
      </trkpt>
      <trkpt lat="41.5985" lon="-74.18161">
        <ele>79.4</ele>
      </trkpt>
      <trkpt lat="41.59767" lon="-74.18172">
        <ele>80.1</ele>
      </trkpt>
      <trkpt lat="41.59699" lon="-74.18181">
        <ele>80.4</ele>
      </trkpt>
      <trkpt lat="41.5963" lon="-74.1819">
        <ele>80.4</ele>
      </trkpt>
      <trkpt lat="41.59562" lon="-74.18199">
        <ele>80.8</ele>
      </trkpt>
      <trkpt lat="41.5949" lon="-74.18209">
        <ele>81.9</ele>
      </trkpt>
      <trkpt lat="41.59418" lon="-74.18219">
        <ele>83.7</ele>
      </trkpt>
      <trkpt lat="41.59345" lon="-74.1823">
        <ele>86.1</ele>
      </trkpt>
      <trkpt lat="41.59271" lon="-74.18235">
        <ele>86.6</ele>
      </trkpt>
      <trkpt lat="41.59196" lon="-74.1823">
        <ele>86.6</ele>
      </trkpt>
      <trkpt lat="41.5912" lon="-74.18226">
        <ele>87.3</ele>
      </trkpt>
      <trkpt lat="41.59045" lon="-74.18221">
        <ele>86.3</ele>
      </trkpt>
      <trkpt lat="41.5897" lon="-74.18217">
        <ele>85.4</ele>
      </trkpt>
      <trkpt lat="41.58882" lon="-74.1821">
        <ele>87.3</ele>
      </trkpt>
      <trkpt lat="41.58795" lon="-74.18204">
        <ele>89.9</ele>
      </trkpt>
      <trkpt lat="41.58707" lon="-74.18198">
        <ele>90.2</ele>
      </trkpt>
      <trkpt lat="41.5862" lon="-74.18192">
        <ele>88.5</ele>
      </trkpt>
      <trkpt lat="41.58604" lon="-74.18191">
        <ele>88.2</ele>
      </trkpt>
      <trkpt lat="41.58539" lon="-74.18186">
        <ele>87.0</ele>
      </trkpt>
      <trkpt lat="41.58475" lon="-74.18182">
        <ele>88.4</ele>
      </trkpt>
      <trkpt lat="41.58466" lon="-74.18181">
        <ele>88.6</ele>
      </trkpt>
      <trkpt lat="41.58385" lon="-74.18176">
        <ele>90.4</ele>
      </trkpt>
      <trkpt lat="41.58304" lon="-74.1817">
        <ele>90.4</ele>
      </trkpt>
      <trkpt lat="41.58223" lon="-74.18164">
        <ele>90.0</ele>
      </trkpt>
      <trkpt lat="41.58142" lon="-74.18159">
        <ele>90.5</ele>
      </trkpt>
      <trkpt lat="41.58061" lon="-74.18153">
        <ele>90.6</ele>
      </trkpt>
      <trkpt lat="41.5798" lon="-74.18147">
        <ele>93.2</ele>
      </trkpt>
      <trkpt lat="41.57899" lon="-74.18142">
        <ele>94.3</ele>
      </trkpt>
      <trkpt lat="41.57818" lon="-74.18136">
        <ele>94.5</ele>
      </trkpt>
      <trkpt lat="41.57809" lon="-74.18135">
        <ele>94.5</ele>
      </trkpt>
      <trkpt lat="41.57723" lon="-74.18129">
        <ele>94.8</ele>
      </trkpt>
      <trkpt lat="41.57637" lon="-74.18123">
        <ele>95.5</ele>
      </trkpt>
      <trkpt lat="41.57551" lon="-74.18117">
        <ele>96.4</ele>
      </trkpt>
      <trkpt lat="41.57493" lon="-74.18114">
        <ele>96.6</ele>
      </trkpt>
      <trkpt lat="41.57435" lon="-74.18111">
        <ele>96.4</ele>
      </trkpt>
      <trkpt lat="41.57386" lon="-74.18107">
        <ele>96.7</ele>
      </trkpt>
      <trkpt lat="41.57323" lon="-74.18104">
        <ele>96.4</ele>
      </trkpt>
      <trkpt lat="41.57259" lon="-74.18101">
        <ele>95.8</ele>
      </trkpt>
      <trkpt lat="41.57196" lon="-74.18097">
        <ele>99.5</ele>
      </trkpt>
      <trkpt lat="41.57111" lon="-74.18117">
        <ele>101.6</ele>
      </trkpt>
      <trkpt lat="41.57032" lon="-74.18148">
        <ele>105.0</ele>
      </trkpt>
      <trkpt lat="41.56987" lon="-74.18179">
        <ele>106.3</ele>
      </trkpt>
      <trkpt lat="41.56942" lon="-74.18209">
        <ele>107.9</ele>
      </trkpt>
      <trkpt lat="41.56901" lon="-74.18243">
        <ele>108.3</ele>
      </trkpt>
      <trkpt lat="41.56859" lon="-74.18276">
        <ele>108.5</ele>
      </trkpt>
      <trkpt lat="41.5681" lon="-74.1831">
        <ele>107.5</ele>
      </trkpt>
      <trkpt lat="41.56746" lon="-74.18335">
        <ele>108.6</ele>
      </trkpt>
      <trkpt lat="41.56681" lon="-74.18361">
        <ele>108.3</ele>
      </trkpt>
      <trkpt lat="41.56615" lon="-74.18379">
        <ele>108.6</ele>
      </trkpt>
      <trkpt lat="41.56549" lon="-74.18398">
        <ele>108.1</ele>
      </trkpt>
      <trkpt lat="41.56475" lon="-74.18418">
        <ele>107.5</ele>
      </trkpt>
      <trkpt lat="41.56401" lon="-74.18437">
        <ele>107.8</ele>
      </trkpt>
      <trkpt lat="41.56327" lon="-74.18457">
        <ele>107.8</ele>
      </trkpt>
      <trkpt lat="41.56256" lon="-74.18467">
        <ele>108.1</ele>
      </trkpt>
      <trkpt lat="41.56253" lon="-74.18466">
        <ele>108.2</ele>
      </trkpt>
      <trkpt lat="41.56252" lon="-74.18464">
        <ele>108.3</ele>
      </trkpt>
      <trkpt lat="41.56252" lon="-74.18463">
        <ele>108.3</ele>
      </trkpt>
      <trkpt lat="41.56255" lon="-74.18459">
        <ele>108.5</ele>
      </trkpt>
      <trkpt lat="41.56255" lon="-74.18457">
        <ele>108.6</ele>
      </trkpt>
      <trkpt lat="41.56251" lon="-74.18456">
        <ele>108.7</ele>
      </trkpt>
      <trkpt lat="41.5625" lon="-74.18455">
        <ele>108.8</ele>
      </trkpt>
      <trkpt lat="41.56251" lon="-74.18453">
        <ele>108.9</ele>
      </trkpt>
      <trkpt lat="41.56255" lon="-74.1845">
        <ele>109.1</ele>
      </trkpt>
      <trkpt lat="41.56255" lon="-74.18448">
        <ele>109.2</ele>
      </trkpt>
      <trkpt lat="41.56254" lon="-74.18447">
        <ele>109.3</ele>
      </trkpt>
      <trkpt lat="41.56249" lon="-74.18447">
        <ele>109.3</ele>
      </trkpt>
      <trkpt lat="41.56248" lon="-74.18446">
        <ele>109.4</ele>
      </trkpt>
      <trkpt lat="41.56248" lon="-74.18444">
        <ele>109.5</ele>
      </trkpt>
      <trkpt lat="41.56253" lon="-74.1844">
        <ele>109.9</ele>
      </trkpt>
      <trkpt lat="41.56253" lon="-74.18438">
        <ele>110.1</ele>
      </trkpt>
      <trkpt lat="41.56252" lon="-74.18437">
        <ele>110.2</ele>
      </trkpt>
      <trkpt lat="41.56247" lon="-74.18438">
        <ele>110.2</ele>
      </trkpt>
      <trkpt lat="41.56246" lon="-74.18437">
        <ele>110.3</ele>
      </trkpt>
      <trkpt lat="41.56246" lon="-74.18436">
        <ele>110.4</ele>
      </trkpt>
      <trkpt lat="41.5625" lon="-74.18432">
        <ele>110.9</ele>
      </trkpt>
      <trkpt lat="41.56251" lon="-74.1843">
        <ele>111.2</ele>
      </trkpt>
      <trkpt lat="41.56249" lon="-74.18429">
        <ele>111.4</ele>
      </trkpt>
      <trkpt lat="41.56244" lon="-74.18429">
        <ele>111.5</ele>
      </trkpt>
      <trkpt lat="41.56244" lon="-74.18428">
        <ele>111.6</ele>
      </trkpt>
      <trkpt lat="41.56244" lon="-74.18427">
        <ele>111.8</ele>
      </trkpt>
      <trkpt lat="41.56249" lon="-74.18423">
        <ele>112.3</ele>
      </trkpt>
      <trkpt lat="41.56249" lon="-74.18421">
        <ele>112.6</ele>
      </trkpt>
      <trkpt lat="41.56242" lon="-74.18419">
        <ele>113.1</ele>
      </trkpt>
      <trkpt lat="41.56242" lon="-74.18417">
        <ele>113.4</ele>
      </trkpt>
      <trkpt lat="41.56246" lon="-74.18414">
        <ele>113.7</ele>
      </trkpt>
      <trkpt lat="41.56249" lon="-74.18406">
        <ele>114.6</ele>
      </trkpt>
      <trkpt lat="41.56247" lon="-74.18405">
        <ele>114.8</ele>
      </trkpt>
      <trkpt lat="41.56244" lon="-74.18403">
        <ele>115.2</ele>
      </trkpt>
      <trkpt lat="41.56242" lon="-74.18397">
        <ele>115.9</ele>
      </trkpt>
      <trkpt lat="41.56215" lon="-74.18285">
        <ele>112.7</ele>
      </trkpt>
      <trkpt lat="41.56209" lon="-74.18288">
        <ele>112.3</ele>
      </trkpt>
      <trkpt lat="41.56204" lon="-74.18294">
        <ele>112.2</ele>
      </trkpt>
      <trkpt lat="41.56173" lon="-74.18345">
        <ele>111.9</ele>
      </trkpt>
      <trkpt lat="41.56143" lon="-74.18396">
        <ele>109.7</ele>
      </trkpt>
      <trkpt lat="41.56131" lon="-74.18413">
        <ele>108.5</ele>
      </trkpt>
      <trkpt lat="41.56124" lon="-74.18418">
        <ele>107.9</ele>
      </trkpt>
      <trkpt lat="41.5612" lon="-74.18419">
        <ele>107.7</ele>
      </trkpt>
      <trkpt lat="41.56108" lon="-74.18419">
        <ele>106.9</ele>
      </trkpt>
      <trkpt lat="41.56098" lon="-74.18419">
        <ele>106.2</ele>
      </trkpt>
      <trkpt lat="41.561" lon="-74.18349">
        <ele>102.7</ele>
      </trkpt>
      <trkpt lat="41.56047" lon="-74.18354">
        <ele>103.0</ele>
      </trkpt>
      <trkpt lat="41.55995" lon="-74.18359">
        <ele>103.3</ele>
      </trkpt>
      <trkpt lat="41.55911" lon="-74.18364">
        <ele>104.9</ele>
      </trkpt>
      <trkpt lat="41.5587" lon="-74.18368">
        <ele>105.3</ele>
      </trkpt>
      <trkpt lat="41.55856" lon="-74.18262">
        <ele>103.6</ele>
      </trkpt>
      <trkpt lat="41.55842" lon="-74.18157">
        <ele>105.9</ele>
      </trkpt>
      <trkpt lat="41.55832" lon="-74.18088">
        <ele>108.7</ele>
      </trkpt>
      <trkpt lat="41.55823" lon="-74.1802">
        <ele>113.8</ele>
      </trkpt>
      <trkpt lat="41.55809" lon="-74.17917">
        <ele>120.2</ele>
      </trkpt>
      <trkpt lat="41.55757" lon="-74.17928">
        <ele>120.2</ele>
      </trkpt>
      <trkpt lat="41.55705" lon="-74.1794">
        <ele>119.7</ele>
      </trkpt>
      <trkpt lat="41.55684" lon="-74.17942">
        <ele>119.5</ele>
      </trkpt>
      <trkpt lat="41.55638" lon="-74.17941">
        <ele>117.9</ele>
      </trkpt>
      <trkpt lat="41.5561" lon="-74.17945">
        <ele>115.9</ele>
      </trkpt>
      <trkpt lat="41.5553" lon="-74.17967">
        <ele>115.3</ele>
      </trkpt>
      <trkpt lat="41.55515" lon="-74.17969">
        <ele>115.3</ele>
      </trkpt>
      <trkpt lat="41.55473" lon="-74.17967">
        <ele>115.2</ele>
      </trkpt>
      <trkpt lat="41.55428" lon="-74.17967">
        <ele>115.4</ele>
      </trkpt>
      <trkpt lat="41.55409" lon="-74.1797">
        <ele>115.5</ele>
      </trkpt>
      <trkpt lat="41.55393" lon="-74.17976">
        <ele>115.5</ele>
      </trkpt>
      <trkpt lat="41.55374" lon="-74.17986">
        <ele>115.6</ele>
      </trkpt>
      <trkpt lat="41.55353" lon="-74.18001">
        <ele>115.8</ele>
      </trkpt>
      <trkpt lat="41.55334" lon="-74.18019">
        <ele>115.8</ele>
      </trkpt>
      <trkpt lat="41.55265" lon="-74.18089">
        <ele>115.5</ele>
      </trkpt>
      <trkpt lat="41.55197" lon="-74.1816">
        <ele>115.5</ele>
      </trkpt>
      <trkpt lat="41.55182" lon="-74.18174">
        <ele>115.5</ele>
      </trkpt>
      <trkpt lat="41.55133" lon="-74.18211">
        <ele>115.5</ele>
      </trkpt>
      <trkpt lat="41.55091" lon="-74.18138">
        <ele>114.9</ele>
      </trkpt>
      <trkpt lat="41.55048" lon="-74.18064">
        <ele>114.9</ele>
      </trkpt>
      <trkpt lat="41.55006" lon="-74.17991">
        <ele>114.9</ele>
      </trkpt>
      <trkpt lat="41.54999" lon="-74.17978">
        <ele>114.9</ele>
      </trkpt>
      <trkpt lat="41.54991" lon="-74.1796">
        <ele>114.9</ele>
      </trkpt>
      <trkpt lat="41.5498" lon="-74.17935">
        <ele>114.9</ele>
      </trkpt>
      <trkpt lat="41.54954" lon="-74.17853">
        <ele>114.9</ele>
      </trkpt>
      <trkpt lat="41.54923" lon="-74.17747">
        <ele>114.9</ele>
      </trkpt>
      <trkpt lat="41.54893" lon="-74.17639">
        <ele>115.7</ele>
      </trkpt>
      <trkpt lat="41.54886" lon="-74.17604">
        <ele>119.0</ele>
      </trkpt>
      <trkpt lat="41.54878" lon="-74.17547">
        <ele>123.3</ele>
      </trkpt>
      <trkpt lat="41.54875" lon="-74.17515">
        <ele>124.1</ele>
      </trkpt>
      <trkpt lat="41.5487" lon="-74.1742">
        <ele>122.1</ele>
      </trkpt>
      <trkpt lat="41.54865" lon="-74.17324">
        <ele>117.6</ele>
      </trkpt>
      <trkpt lat="41.5486" lon="-74.17273">
        <ele>117.2</ele>
      </trkpt>
      <trkpt lat="41.54854" lon="-74.17227">
        <ele>117.1</ele>
      </trkpt>
      <trkpt lat="41.5484" lon="-74.17148">
        <ele>116.6</ele>
      </trkpt>
      <trkpt lat="41.54827" lon="-74.17068">
        <ele>116.0</ele>
      </trkpt>
      <trkpt lat="41.54816" lon="-74.1701">
        <ele>115.1</ele>
      </trkpt>
      <trkpt lat="41.54811" lon="-74.16983">
        <ele>114.3</ele>
      </trkpt>
      <trkpt lat="41.54804" lon="-74.16955">
        <ele>114.4</ele>
      </trkpt>
      <trkpt lat="41.54791" lon="-74.16917">
        <ele>114.1</ele>
      </trkpt>
      <trkpt lat="41.54773" lon="-74.16874">
        <ele>113.9</ele>
      </trkpt>
      <trkpt lat="41.54748" lon="-74.16827">
        <ele>113.8</ele>
      </trkpt>
      <trkpt lat="41.54728" lon="-74.16798">
        <ele>113.8</ele>
      </trkpt>
      <trkpt lat="41.54706" lon="-74.16771">
        <ele>113.8</ele>
      </trkpt>
      <trkpt lat="41.54693" lon="-74.16757">
        <ele>113.9</ele>
      </trkpt>
      <trkpt lat="41.54644" lon="-74.16708">
        <ele>114.2</ele>
      </trkpt>
      <trkpt lat="41.54596" lon="-74.1666">
        <ele>115.4</ele>
      </trkpt>
      <trkpt lat="41.54547" lon="-74.16611">
        <ele>117.8</ele>
      </trkpt>
      <trkpt lat="41.545" lon="-74.16561">
        <ele>117.7</ele>
      </trkpt>
      <trkpt lat="41.54456" lon="-74.16512">
        <ele>118.1</ele>
      </trkpt>
      <trkpt lat="41.54413" lon="-74.16462">
        <ele>119.4</ele>
      </trkpt>
      <trkpt lat="41.54377" lon="-74.16425">
        <ele>120.4</ele>
      </trkpt>
      <trkpt lat="41.5436" lon="-74.1641">
        <ele>120.7</ele>
      </trkpt>
      <trkpt lat="41.54348" lon="-74.16402">
        <ele>120.8</ele>
      </trkpt>
      <trkpt lat="41.54311" lon="-74.16384">
        <ele>121.6</ele>
      </trkpt>
      <trkpt lat="41.54288" lon="-74.16375">
        <ele>121.8</ele>
      </trkpt>
      <trkpt lat="41.54239" lon="-74.16359">
        <ele>122.1</ele>
      </trkpt>
      <trkpt lat="41.542" lon="-74.16343">
        <ele>126.3</ele>
      </trkpt>
      <trkpt lat="41.54174" lon="-74.16329">
        <ele>127.2</ele>
      </trkpt>
      <trkpt lat="41.5415" lon="-74.16311">
        <ele>127.7</ele>
      </trkpt>
      <trkpt lat="41.54122" lon="-74.16286">
        <ele>129.2</ele>
      </trkpt>
      <trkpt lat="41.54075" lon="-74.16238">
        <ele>121.7</ele>
      </trkpt>
      <trkpt lat="41.54058" lon="-74.16222">
        <ele>122.7</ele>
      </trkpt>
      <trkpt lat="41.54033" lon="-74.16201">
        <ele>125.8</ele>
      </trkpt>
      <trkpt lat="41.54003" lon="-74.16183">
        <ele>128.5</ele>
      </trkpt>
      <trkpt lat="41.53933" lon="-74.16151">
        <ele>129.8</ele>
      </trkpt>
      <trkpt lat="41.53903" lon="-74.16135">
        <ele>128.7</ele>
      </trkpt>
      <trkpt lat="41.53885" lon="-74.16124">
        <ele>128.0</ele>
      </trkpt>
      <trkpt lat="41.53838" lon="-74.16087">
        <ele>124.1</ele>
      </trkpt>
      <trkpt lat="41.53791" lon="-74.1605">
        <ele>122.5</ele>
      </trkpt>
      <trkpt lat="41.53728" lon="-74.15999">
        <ele>120.8</ele>
      </trkpt>
      <trkpt lat="41.53666" lon="-74.15948">
        <ele>123.0</ele>
      </trkpt>
      <trkpt lat="41.53603" lon="-74.15898">
        <ele>129.7</ele>
      </trkpt>
      <trkpt lat="41.53567" lon="-74.1587">
        <ele>131.4</ele>
      </trkpt>
      <trkpt lat="41.53517" lon="-74.15838">
        <ele>131.1</ele>
      </trkpt>
      <trkpt lat="41.53458" lon="-74.15806">
        <ele>128.9</ele>
      </trkpt>
      <trkpt lat="41.53399" lon="-74.15775">
        <ele>124.5</ele>
      </trkpt>
      <trkpt lat="41.53341" lon="-74.15744">
        <ele>122.5</ele>
      </trkpt>
      <trkpt lat="41.53315" lon="-74.15727">
        <ele>123.4</ele>
      </trkpt>
      <trkpt lat="41.53293" lon="-74.1571">
        <ele>123.5</ele>
      </trkpt>
      <trkpt lat="41.53264" lon="-74.15683">
        <ele>124.6</ele>
      </trkpt>
      <trkpt lat="41.53243" lon="-74.15657">
        <ele>125.4</ele>
      </trkpt>
      <trkpt lat="41.53222" lon="-74.15625">
        <ele>127.1</ele>
      </trkpt>
      <trkpt lat="41.53194" lon="-74.15574">
        <ele>128.1</ele>
      </trkpt>
      <trkpt lat="41.53167" lon="-74.15524">
        <ele>128.9</ele>
      </trkpt>
      <trkpt lat="41.53161" lon="-74.15515">
        <ele>129.3</ele>
      </trkpt>
      <trkpt lat="41.53147" lon="-74.15495">
        <ele>130.8</ele>
      </trkpt>
      <trkpt lat="41.53135" lon="-74.1548">
        <ele>132.2</ele>
      </trkpt>
      <trkpt lat="41.53113" lon="-74.15458">
        <ele>133.8</ele>
      </trkpt>
      <trkpt lat="41.53084" lon="-74.15434">
        <ele>134.1</ele>
      </trkpt>
      <trkpt lat="41.53066" lon="-74.15422">
        <ele>134.1</ele>
      </trkpt>
      <trkpt lat="41.53037" lon="-74.15406">
        <ele>134.2</ele>
      </trkpt>
      <trkpt lat="41.52966" lon="-74.15376">
        <ele>134.0</ele>
      </trkpt>
      <trkpt lat="41.52895" lon="-74.15346">
        <ele>134.0</ele>
      </trkpt>
      <trkpt lat="41.52835" lon="-74.15324">
        <ele>134.2</ele>
      </trkpt>
      <trkpt lat="41.52776" lon="-74.15302">
        <ele>134.5</ele>
      </trkpt>
      <trkpt lat="41.52716" lon="-74.15281">
        <ele>134.7</ele>
      </trkpt>
      <trkpt lat="41.52695" lon="-74.15272">
        <ele>134.7</ele>
      </trkpt>
      <trkpt lat="41.52667" lon="-74.15257">
        <ele>134.7</ele>
      </trkpt>
      <trkpt lat="41.52651" lon="-74.15246">
        <ele>134.6</ele>
      </trkpt>
      <trkpt lat="41.52629" lon="-74.15223">
        <ele>134.2</ele>
      </trkpt>
      <trkpt lat="41.52619" lon="-74.15211">
        <ele>134.1</ele>
      </trkpt>
      <trkpt lat="41.52573" lon="-74.15264">
        <ele>134.9</ele>
      </trkpt>
      <trkpt lat="41.52564" lon="-74.15263">
        <ele>135.0</ele>
      </trkpt>
      <trkpt lat="41.52562" lon="-74.1529">
        <ele>135.3</ele>
      </trkpt>
      <trkpt lat="41.52526" lon="-74.15314">
        <ele>135.7</ele>
      </trkpt>
      <trkpt lat="41.52452" lon="-74.15376">
        <ele>136.8</ele>
      </trkpt>
      <trkpt lat="41.52379" lon="-74.15437">
        <ele>138.4</ele>
      </trkpt>
      <trkpt lat="41.52342" lon="-74.15467">
        <ele>139.1</ele>
      </trkpt>
      <trkpt lat="41.52309" lon="-74.15479">
        <ele>139.8</ele>
      </trkpt>
      <trkpt lat="41.52282" lon="-74.15484">
        <ele>141.5</ele>
      </trkpt>
      <trkpt lat="41.52199" lon="-74.155">
        <ele>147.3</ele>
      </trkpt>
      <trkpt lat="41.52115" lon="-74.15515">
        <ele>147.7</ele>
      </trkpt>
      <trkpt lat="41.52086" lon="-74.15521">
        <ele>147.7</ele>
      </trkpt>
      <trkpt lat="41.52017" lon="-74.1554">
        <ele>147.5</ele>
      </trkpt>
      <trkpt lat="41.51948" lon="-74.15558">
        <ele>147.1</ele>
      </trkpt>
      <trkpt lat="41.5188" lon="-74.15583">
        <ele>146.7</ele>
      </trkpt>
      <trkpt lat="41.51812" lon="-74.15608">
        <ele>146.8</ele>
      </trkpt>
      <trkpt lat="41.51746" lon="-74.15633">
        <ele>147.7</ele>
      </trkpt>
      <trkpt lat="41.5168" lon="-74.15659">
        <ele>148.0</ele>
      </trkpt>
      <trkpt lat="41.51613" lon="-74.15685">
        <ele>148.4</ele>
      </trkpt>
      <trkpt lat="41.51547" lon="-74.15711">
        <ele>148.0</ele>
      </trkpt>
      <trkpt lat="41.51487" lon="-74.15731">
        <ele>145.6</ele>
      </trkpt>
      <trkpt lat="41.51426" lon="-74.15751">
        <ele>144.2</ele>
      </trkpt>
      <trkpt lat="41.51361" lon="-74.15774">
        <ele>142.7</ele>
      </trkpt>
      <trkpt lat="41.51306" lon="-74.15791">
        <ele>141.5</ele>
      </trkpt>
      <trkpt lat="41.51296" lon="-74.15755">
        <ele>139.9</ele>
      </trkpt>
      <trkpt lat="41.51285" lon="-74.15713">
        <ele>140.5</ele>
      </trkpt>
      <trkpt lat="41.51271" lon="-74.15718">
        <ele>140.8</ele>
      </trkpt>
      <trkpt lat="41.51268" lon="-74.15722">
        <ele>140.7</ele>
      </trkpt>
      <trkpt lat="41.51262" lon="-74.1572">
        <ele>141.0</ele>
      </trkpt>
      <trkpt lat="41.51236" lon="-74.15717">
        <ele>142.8</ele>
      </trkpt>
      <trkpt lat="41.51223" lon="-74.15718">
        <ele>143.5</ele>
      </trkpt>
      <trkpt lat="41.51211" lon="-74.15714">
        <ele>144.0</ele>
      </trkpt>
      <trkpt lat="41.51198" lon="-74.15697">
        <ele>144.6</ele>
      </trkpt>
      <trkpt lat="41.5118" lon="-74.1568">
        <ele>145.0</ele>
      </trkpt>
      <trkpt lat="41.51166" lon="-74.15675">
        <ele>145.0</ele>
      </trkpt>
      <trkpt lat="41.51157" lon="-74.15664">
        <ele>145.2</ele>
      </trkpt>
      <trkpt lat="41.51151" lon="-74.15646">
        <ele>145.5</ele>
      </trkpt>
      <trkpt lat="41.51147" lon="-74.15639">
        <ele>145.7</ele>
      </trkpt>
      <trkpt lat="41.5114" lon="-74.15638">
        <ele>145.7</ele>
      </trkpt>
      <trkpt lat="41.51133" lon="-74.15636">
        <ele>145.7</ele>
      </trkpt>
      <trkpt lat="41.51126" lon="-74.15626">
        <ele>145.9</ele>
      </trkpt>
      <trkpt lat="41.51113" lon="-74.15574">
        <ele>146.8</ele>
      </trkpt>
      <trkpt lat="41.51103" lon="-74.15557">
        <ele>147.0</ele>
      </trkpt>
      <trkpt lat="41.51042" lon="-74.15488">
        <ele>142.0</ele>
      </trkpt>
      <trkpt lat="41.51019" lon="-74.15469">
        <ele>142.1</ele>
      </trkpt>
      <trkpt lat="41.50992" lon="-74.15454">
        <ele>142.7</ele>
      </trkpt>
      <trkpt lat="41.50974" lon="-74.15453">
        <ele>143.7</ele>
      </trkpt>
      <trkpt lat="41.50969" lon="-74.15457">
        <ele>144.4</ele>
      </trkpt>
      <trkpt lat="41.50966" lon="-74.15463">
        <ele>145.1</ele>
      </trkpt>
      <trkpt lat="41.50961" lon="-74.15464">
        <ele>145.4</ele>
      </trkpt>
      <trkpt lat="41.50952" lon="-74.15455">
        <ele>144.8</ele>
      </trkpt>
      <trkpt lat="41.50947" lon="-74.15456">
        <ele>145.0</ele>
      </trkpt>
      <trkpt lat="41.50941" lon="-74.1546">
        <ele>145.6</ele>
      </trkpt>
      <trkpt lat="41.50932" lon="-74.15462">
        <ele>146.1</ele>
      </trkpt>
      <trkpt lat="41.5092" lon="-74.1546">
        <ele>146.1</ele>
      </trkpt>
      <trkpt lat="41.50904" lon="-74.15455">
        <ele>146.2</ele>
      </trkpt>
      <trkpt lat="41.50898" lon="-74.15458">
        <ele>146.6</ele>
      </trkpt>
      <trkpt lat="41.50892" lon="-74.15469">
        <ele>147.5</ele>
      </trkpt>
      <trkpt lat="41.50882" lon="-74.15475">
        <ele>148.5</ele>
      </trkpt>
      <trkpt lat="41.5087" lon="-74.15476">
        <ele>149.5</ele>
      </trkpt>
      <trkpt lat="41.50859" lon="-74.15473">
        <ele>150.5</ele>
      </trkpt>
      <trkpt lat="41.50847" lon="-74.15474">
        <ele>151.7</ele>
      </trkpt>
      <trkpt lat="41.50837" lon="-74.15476">
        <ele>152.4</ele>
      </trkpt>
      <trkpt lat="41.50824" lon="-74.15488">
        <ele>153.2</ele>
      </trkpt>
      <trkpt lat="41.50808" lon="-74.1551">
        <ele>152.7</ele>
      </trkpt>
      <trkpt lat="41.50799" lon="-74.15514">
        <ele>152.8</ele>
      </trkpt>
      <trkpt lat="41.5079" lon="-74.15525">
        <ele>152.4</ele>
      </trkpt>
      <trkpt lat="41.50783" lon="-74.15526">
        <ele>152.4</ele>
      </trkpt>
      <trkpt lat="41.50769" lon="-74.15526">
        <ele>152.5</ele>
      </trkpt>
      <trkpt lat="41.5072" lon="-74.15539">
        <ele>152.3</ele>
      </trkpt>
      <trkpt lat="41.50707" lon="-74.1554">
        <ele>152.7</ele>
      </trkpt>
      <trkpt lat="41.50692" lon="-74.15546">
        <ele>152.9</ele>
      </trkpt>
      <trkpt lat="41.50677" lon="-74.15548">
        <ele>153.5</ele>
      </trkpt>
      <trkpt lat="41.50663" lon="-74.15554">
        <ele>153.7</ele>
      </trkpt>
      <trkpt lat="41.50626" lon="-74.15574">
        <ele>153.4</ele>
      </trkpt>
      <trkpt lat="41.50611" lon="-74.15571">
        <ele>153.0</ele>
      </trkpt>
      <trkpt lat="41.50606" lon="-74.15574">
        <ele>152.7</ele>
      </trkpt>
      <trkpt lat="41.50603" lon="-74.15579">
        <ele>151.9</ele>
      </trkpt>
      <trkpt lat="41.50597" lon="-74.1558">
        <ele>151.0</ele>
      </trkpt>
      <trkpt lat="41.50592" lon="-74.15577">
        <ele>150.7</ele>
      </trkpt>
      <trkpt lat="41.50586" lon="-74.1557">
        <ele>150.5</ele>
      </trkpt>
      <trkpt lat="41.5058" lon="-74.15567">
        <ele>150.1</ele>
      </trkpt>
      <trkpt lat="41.50575" lon="-74.15567">
        <ele>149.6</ele>
      </trkpt>
      <trkpt lat="41.50571" lon="-74.15572">
        <ele>148.9</ele>
      </trkpt>
      <trkpt lat="41.5057" lon="-74.1558">
        <ele>148.1</ele>
      </trkpt>
      <trkpt lat="41.50567" lon="-74.15586">
        <ele>147.4</ele>
      </trkpt>
      <trkpt lat="41.50561" lon="-74.1559">
        <ele>147.1</ele>
      </trkpt>
      <trkpt lat="41.50548" lon="-74.15591">
        <ele>147.0</ele>
      </trkpt>
      <trkpt lat="41.50541" lon="-74.15588">
        <ele>147.1</ele>
      </trkpt>
      <trkpt lat="41.50534" lon="-74.15587">
        <ele>147.1</ele>
      </trkpt>
      <trkpt lat="41.50527" lon="-74.15591">
        <ele>146.8</ele>
      </trkpt>
      <trkpt lat="41.5052" lon="-74.15605">
        <ele>146.2</ele>
      </trkpt>
      <trkpt lat="41.50514" lon="-74.15614">
        <ele>145.6</ele>
      </trkpt>
      <trkpt lat="41.50513" lon="-74.15622">
        <ele>145.1</ele>
      </trkpt>
      <trkpt lat="41.5051" lon="-74.15628">
        <ele>144.6</ele>
      </trkpt>
      <trkpt lat="41.50503" lon="-74.15631">
        <ele>144.4</ele>
      </trkpt>
      <trkpt lat="41.50491" lon="-74.15637">
        <ele>143.8</ele>
      </trkpt>
      <trkpt lat="41.50487" lon="-74.15641">
        <ele>143.6</ele>
      </trkpt>
      <trkpt lat="41.50478" lon="-74.15637">
        <ele>143.9</ele>
      </trkpt>
      <trkpt lat="41.50461" lon="-74.15644">
        <ele>144.3</ele>
      </trkpt>
      <trkpt lat="41.50417" lon="-74.15648">
        <ele>146.4</ele>
      </trkpt>
      <trkpt lat="41.50409" lon="-74.1564">
        <ele>146.7</ele>
      </trkpt>
      <trkpt lat="41.50398" lon="-74.15637">
        <ele>147.2</ele>
      </trkpt>
      <trkpt lat="41.50353" lon="-74.15645">
        <ele>149.8</ele>
      </trkpt>
      <trkpt lat="41.50334" lon="-74.15646">
        <ele>151.1</ele>
      </trkpt>
      <trkpt lat="41.50308" lon="-74.15649">
        <ele>152.6</ele>
      </trkpt>
      <trkpt lat="41.5026" lon="-74.15652">
        <ele>154.6</ele>
      </trkpt>
      <trkpt lat="41.50255" lon="-74.15656">
        <ele>154.8</ele>
      </trkpt>
      <trkpt lat="41.50232" lon="-74.15657">
        <ele>156.0</ele>
      </trkpt>
      <trkpt lat="41.50199" lon="-74.15663">
        <ele>157.6</ele>
      </trkpt>
      <trkpt lat="41.50182" lon="-74.15663">
        <ele>158.3</ele>
      </trkpt>
      <trkpt lat="41.50178" lon="-74.15655">
        <ele>158.8</ele>
      </trkpt>
      <trkpt lat="41.50175" lon="-74.15617">
        <ele>159.6</ele>
      </trkpt>
      <trkpt lat="41.5017" lon="-74.15602">
        <ele>159.7</ele>
      </trkpt>
      <trkpt lat="41.50163" lon="-74.15598">
        <ele>160.0</ele>
      </trkpt>
      <trkpt lat="41.50153" lon="-74.15603">
        <ele>160.5</ele>
      </trkpt>
      <trkpt lat="41.50113" lon="-74.15607">
        <ele>162.9</ele>
      </trkpt>
      <trkpt lat="41.50106" lon="-74.15604">
        <ele>163.3</ele>
      </trkpt>
      <trkpt lat="41.50098" lon="-74.15596">
        <ele>163.6</ele>
      </trkpt>
      <trkpt lat="41.50089" lon="-74.15591">
        <ele>164.1</ele>
      </trkpt>
      <trkpt lat="41.50075" lon="-74.15593">
        <ele>165.0</ele>
      </trkpt>
      <trkpt lat="41.50063" lon="-74.15598">
        <ele>165.5</ele>
      </trkpt>
      <trkpt lat="41.5004" lon="-74.15601">
        <ele>166.2</ele>
      </trkpt>
      <trkpt lat="41.50033" lon="-74.15604">
        <ele>166.3</ele>
      </trkpt>
      <trkpt lat="41.50028" lon="-74.15616">
        <ele>166.7</ele>
      </trkpt>
      <trkpt lat="41.50027" lon="-74.15626">
        <ele>166.7</ele>
      </trkpt>
      <trkpt lat="41.50032" lon="-74.15645">
        <ele>166.2</ele>
      </trkpt>
      <trkpt lat="41.50032" lon="-74.15657">
        <ele>165.8</ele>
      </trkpt>
      <trkpt lat="41.50028" lon="-74.15667">
        <ele>165.6</ele>
      </trkpt>
      <trkpt lat="41.50022" lon="-74.15673">
        <ele>165.6</ele>
      </trkpt>
      <trkpt lat="41.49999" lon="-74.15698">
        <ele>165.9</ele>
      </trkpt>
      <trkpt lat="41.49981" lon="-74.1571">
        <ele>167.2</ele>
      </trkpt>
      <trkpt lat="41.49954" lon="-74.15732">
        <ele>170.2</ele>
      </trkpt>
      <trkpt lat="41.49924" lon="-74.1576">
        <ele>172.8</ele>
      </trkpt>
      <trkpt lat="41.499" lon="-74.15775">
        <ele>175.3</ele>
      </trkpt>
      <trkpt lat="41.49882" lon="-74.1579">
        <ele>177.2</ele>
      </trkpt>
      <trkpt lat="41.49875" lon="-74.15797">
        <ele>177.8</ele>
      </trkpt>
      <trkpt lat="41.49866" lon="-74.15806">
        <ele>178.1</ele>
      </trkpt>
      <trkpt lat="41.49859" lon="-74.15808">
        <ele>178.3</ele>
      </trkpt>
      <trkpt lat="41.49853" lon="-74.15805">
        <ele>178.4</ele>
      </trkpt>
      <trkpt lat="41.49851" lon="-74.15797">
        <ele>178.3</ele>
      </trkpt>
      <trkpt lat="41.49848" lon="-74.15791">
        <ele>178.0</ele>
      </trkpt>
      <trkpt lat="41.49839" lon="-74.15787">
        <ele>177.6</ele>
      </trkpt>
      <trkpt lat="41.49834" lon="-74.15781">
        <ele>177.0</ele>
      </trkpt>
      <trkpt lat="41.49829" lon="-74.15768">
        <ele>175.5</ele>
      </trkpt>
      <trkpt lat="41.49827" lon="-74.15747">
        <ele>172.8</ele>
      </trkpt>
      <trkpt lat="41.49821" lon="-74.15718">
        <ele>169.4</ele>
      </trkpt>
      <trkpt lat="41.49812" lon="-74.15702">
        <ele>168.0</ele>
      </trkpt>
      <trkpt lat="41.498" lon="-74.15687">
        <ele>166.5</ele>
      </trkpt>
      <trkpt lat="41.49786" lon="-74.15682">
        <ele>165.8</ele>
      </trkpt>
      <trkpt lat="41.49777" lon="-74.15684">
        <ele>165.8</ele>
      </trkpt>
      <trkpt lat="41.49761" lon="-74.15695">
        <ele>166.0</ele>
      </trkpt>
      <trkpt lat="41.49749" lon="-74.15703">
        <ele>166.2</ele>
      </trkpt>
      <trkpt lat="41.4973" lon="-74.15703">
        <ele>165.5</ele>
      </trkpt>
      <trkpt lat="41.49717" lon="-74.15706">
        <ele>165.3</ele>
      </trkpt>
      <trkpt lat="41.49681" lon="-74.15724">
        <ele>165.1</ele>
      </trkpt>
      <trkpt lat="41.4966" lon="-74.15724">
        <ele>164.0</ele>
      </trkpt>
      <trkpt lat="41.49652" lon="-74.15726">
        <ele>163.6</ele>
      </trkpt>
      <trkpt lat="41.49639" lon="-74.15741">
        <ele>162.8</ele>
      </trkpt>
      <trkpt lat="41.49634" lon="-74.15742">
        <ele>162.5</ele>
      </trkpt>
      <trkpt lat="41.49627" lon="-74.15735">
        <ele>162.0</ele>
      </trkpt>
      <trkpt lat="41.49616" lon="-74.15734">
        <ele>161.4</ele>
      </trkpt>
      <trkpt lat="41.49601" lon="-74.15735">
        <ele>161.0</ele>
      </trkpt>
      <trkpt lat="41.49591" lon="-74.15738">
        <ele>160.8</ele>
      </trkpt>
      <trkpt lat="41.49579" lon="-74.15746">
        <ele>160.3</ele>
      </trkpt>
      <trkpt lat="41.49571" lon="-74.15754">
        <ele>159.5</ele>
      </trkpt>
      <trkpt lat="41.49544" lon="-74.15755">
        <ele>158.4</ele>
      </trkpt>
      <trkpt lat="41.4952" lon="-74.15752">
        <ele>158.2</ele>
      </trkpt>
      <trkpt lat="41.49507" lon="-74.15744">
        <ele>158.1</ele>
      </trkpt>
      <trkpt lat="41.49499" lon="-74.15733">
        <ele>158.2</ele>
      </trkpt>
      <trkpt lat="41.49487" lon="-74.15719">
        <ele>157.4</ele>
      </trkpt>
      <trkpt lat="41.49467" lon="-74.15708">
        <ele>154.8</ele>
      </trkpt>
      <trkpt lat="41.49457" lon="-74.15704">
        <ele>153.9</ele>
      </trkpt>
      <trkpt lat="41.49443" lon="-74.157">
        <ele>153.3</ele>
      </trkpt>
      <trkpt lat="41.49413" lon="-74.15706">
        <ele>153.0</ele>
      </trkpt>
      <trkpt lat="41.49392" lon="-74.15713">
        <ele>153.0</ele>
      </trkpt>
      <trkpt lat="41.49398" lon="-74.15684">
        <ele>150.7</ele>
      </trkpt>
      <trkpt lat="41.49412" lon="-74.15663">
        <ele>148.2</ele>
      </trkpt>
      <trkpt lat="41.49427" lon="-74.15648">
        <ele>146.7</ele>
      </trkpt>
      <trkpt lat="41.49437" lon="-74.15631">
        <ele>144.4</ele>
      </trkpt>
      <trkpt lat="41.49436" lon="-74.15579">
        <ele>138.9</ele>
      </trkpt>
      <trkpt lat="41.4943" lon="-74.15566">
        <ele>138.3</ele>
      </trkpt>
      <trkpt lat="41.49423" lon="-74.15562">
        <ele>138.1</ele>
      </trkpt>
      <trkpt lat="41.49416" lon="-74.15556">
        <ele>137.8</ele>
      </trkpt>
      <trkpt lat="41.49411" lon="-74.15549">
        <ele>137.6</ele>
      </trkpt>
      <trkpt lat="41.494" lon="-74.15532">
        <ele>137.0</ele>
      </trkpt>
      <trkpt lat="41.49402" lon="-74.1552">
        <ele>136.7</ele>
      </trkpt>
      <trkpt lat="41.49414" lon="-74.15499">
        <ele>136.1</ele>
      </trkpt>
      <trkpt lat="41.49418" lon="-74.15483">
        <ele>135.6</ele>
      </trkpt>
      <trkpt lat="41.49426" lon="-74.15457">
        <ele>134.9</ele>
      </trkpt>
      <trkpt lat="41.49438" lon="-74.1544">
        <ele>134.2</ele>
      </trkpt>
      <trkpt lat="41.49442" lon="-74.15423">
        <ele>133.8</ele>
      </trkpt>
      <trkpt lat="41.49453" lon="-74.15404">
        <ele>133.8</ele>
      </trkpt>
      <trkpt lat="41.49464" lon="-74.1539">
        <ele>133.8</ele>
      </trkpt>
      <trkpt lat="41.49486" lon="-74.1533">
        <ele>133.8</ele>
      </trkpt>
      <trkpt lat="41.49508" lon="-74.15269">
        <ele>133.8</ele>
      </trkpt>
      <trkpt lat="41.49506" lon="-74.15256">
        <ele>133.8</ele>
      </trkpt>
      <trkpt lat="41.49506" lon="-74.15248">
        <ele>133.8</ele>
      </trkpt>
      <trkpt lat="41.49508" lon="-74.15237">
        <ele>133.8</ele>
      </trkpt>
      <trkpt lat="41.49516" lon="-74.15224">
        <ele>133.8</ele>
      </trkpt>
      <trkpt lat="41.49523" lon="-74.15216">
        <ele>133.8</ele>
      </trkpt>
      <trkpt lat="41.49531" lon="-74.15212">
        <ele>133.8</ele>
      </trkpt>
      <trkpt lat="41.4954" lon="-74.15213">
        <ele>133.8</ele>
      </trkpt>
      <trkpt lat="41.49545" lon="-74.15217">
        <ele>133.8</ele>
      </trkpt>
      <trkpt lat="41.49553" lon="-74.15236">
        <ele>133.8</ele>
      </trkpt>
      <trkpt lat="41.49557" lon="-74.1524">
        <ele>133.8</ele>
      </trkpt>
      <trkpt lat="41.49561" lon="-74.15241">
        <ele>133.8</ele>
      </trkpt>
      <trkpt lat="41.49565" lon="-74.15239">
        <ele>133.8</ele>
      </trkpt>
      <trkpt lat="41.49602" lon="-74.15162">
        <ele>133.8</ele>
      </trkpt>
      <trkpt lat="41.49622" lon="-74.15121">
        <ele>133.8</ele>
      </trkpt>
      <trkpt lat="41.49628" lon="-74.15105">
        <ele>133.8</ele>
      </trkpt>
      <trkpt lat="41.49636" lon="-74.15092">
        <ele>133.8</ele>
      </trkpt>
      <trkpt lat="41.49644" lon="-74.15086">
        <ele>133.8</ele>
      </trkpt>
      <trkpt lat="41.49654" lon="-74.15081">
        <ele>133.8</ele>
      </trkpt>
      <trkpt lat="41.49683" lon="-74.15082">
        <ele>133.8</ele>
      </trkpt>
      <trkpt lat="41.49717" lon="-74.15089">
        <ele>133.8</ele>
      </trkpt>
      <trkpt lat="41.49738" lon="-74.1509">
        <ele>133.8</ele>
      </trkpt>
      <trkpt lat="41.49786" lon="-74.15073">
        <ele>133.8</ele>
      </trkpt>
      <trkpt lat="41.49826" lon="-74.15069">
        <ele>133.9</ele>
      </trkpt>
      <trkpt lat="41.49843" lon="-74.15061">
        <ele>133.9</ele>
      </trkpt>
      <trkpt lat="41.49855" lon="-74.15048">
        <ele>133.9</ele>
      </trkpt>
      <trkpt lat="41.49857" lon="-74.15035">
        <ele>133.9</ele>
      </trkpt>
      <trkpt lat="41.49855" lon="-74.15013">
        <ele>133.9</ele>
      </trkpt>
      <trkpt lat="41.49862" lon="-74.14978">
        <ele>134.8</ele>
      </trkpt>
      <trkpt lat="41.49881" lon="-74.14952">
        <ele>139.0</ele>
      </trkpt>
      <trkpt lat="41.4992" lon="-74.14916">
        <ele>141.4</ele>
      </trkpt>
      <trkpt lat="41.4996" lon="-74.1488">
        <ele>142.2</ele>
      </trkpt>
      <trkpt lat="41.49964" lon="-74.14861">
        <ele>143.0</ele>
      </trkpt>
      <trkpt lat="41.49958" lon="-74.14848">
        <ele>143.3</ele>
      </trkpt>
      <trkpt lat="41.49897" lon="-74.14838">
        <ele>140.1</ele>
      </trkpt>
      <trkpt lat="41.4989" lon="-74.14827">
        <ele>139.8</ele>
      </trkpt>
      <trkpt lat="41.49886" lon="-74.14811">
        <ele>139.4</ele>
      </trkpt>
      <trkpt lat="41.49885" lon="-74.14774">
        <ele>140.8</ele>
      </trkpt>
      <trkpt lat="41.49882" lon="-74.1474">
        <ele>143.3</ele>
      </trkpt>
      <trkpt lat="41.49884" lon="-74.14723">
        <ele>144.5</ele>
      </trkpt>
      <trkpt lat="41.49885" lon="-74.14702">
        <ele>145.6</ele>
      </trkpt>
      <trkpt lat="41.49876" lon="-74.14682">
        <ele>145.3</ele>
      </trkpt>
      <trkpt lat="41.49874" lon="-74.14669">
        <ele>145.3</ele>
      </trkpt>
      <trkpt lat="41.49882" lon="-74.14663">
        <ele>145.8</ele>
      </trkpt>
      <trkpt lat="41.49881" lon="-74.14651">
        <ele>145.6</ele>
      </trkpt>
      <trkpt lat="41.49833" lon="-74.14641">
        <ele>142.1</ele>
      </trkpt>
      <trkpt lat="41.49786" lon="-74.1463">
        <ele>140.8</ele>
      </trkpt>
      <trkpt lat="41.49763" lon="-74.14629">
        <ele>140.4</ele>
      </trkpt>
      <trkpt lat="41.49699" lon="-74.14632">
        <ele>136.9</ele>
      </trkpt>
      <trkpt lat="41.49635" lon="-74.14635">
        <ele>135.7</ele>
      </trkpt>
      <trkpt lat="41.49592" lon="-74.14636">
        <ele>135.9</ele>
      </trkpt>
      <trkpt lat="41.49521" lon="-74.1464">
        <ele>136.8</ele>
      </trkpt>
      <trkpt lat="41.49472" lon="-74.14645">
        <ele>137.5</ele>
      </trkpt>
      <trkpt lat="41.49424" lon="-74.1465">
        <ele>138.0</ele>
      </trkpt>
      <trkpt lat="41.49377" lon="-74.14659">
        <ele>138.6</ele>
      </trkpt>
      <trkpt lat="41.49313" lon="-74.14669">
        <ele>141.7</ele>
      </trkpt>
      <trkpt lat="41.49266" lon="-74.14675">
        <ele>141.6</ele>
      </trkpt>
      <trkpt lat="41.49219" lon="-74.14681">
        <ele>142.5</ele>
      </trkpt>
      <trkpt lat="41.49198" lon="-74.1468">
        <ele>143.5</ele>
      </trkpt>
      <trkpt lat="41.49179" lon="-74.14676">
        <ele>144.4</ele>
      </trkpt>
      <trkpt lat="41.49138" lon="-74.1466">
        <ele>146.6</ele>
      </trkpt>
      <trkpt lat="41.49078" lon="-74.14635">
        <ele>150.4</ele>
      </trkpt>
      <trkpt lat="41.49018" lon="-74.1461">
        <ele>155.7</ele>
      </trkpt>
      <trkpt lat="41.49006" lon="-74.14607">
        <ele>156.3</ele>
      </trkpt>
      <trkpt lat="41.48994" lon="-74.14607">
        <ele>156.4</ele>
      </trkpt>
      <trkpt lat="41.48922" lon="-74.14634">
        <ele>158.2</ele>
      </trkpt>
      <trkpt lat="41.48857" lon="-74.14661">
        <ele>159.7</ele>
      </trkpt>
      <trkpt lat="41.48792" lon="-74.14688">
        <ele>159.8</ele>
      </trkpt>
      <trkpt lat="41.48728" lon="-74.14716">
        <ele>159.4</ele>
      </trkpt>
      <trkpt lat="41.48691" lon="-74.14727">
        <ele>157.3</ele>
      </trkpt>
      <trkpt lat="41.48661" lon="-74.14731">
        <ele>154.8</ele>
      </trkpt>
      <trkpt lat="41.48589" lon="-74.14726">
        <ele>152.6</ele>
      </trkpt>
      <trkpt lat="41.48518" lon="-74.1472">
        <ele>149.6</ele>
      </trkpt>
      <trkpt lat="41.48443" lon="-74.14718">
        <ele>148.7</ele>
      </trkpt>
      <trkpt lat="41.48368" lon="-74.14715">
        <ele>148.3</ele>
      </trkpt>
      <trkpt lat="41.48294" lon="-74.14713">
        <ele>147.8</ele>
      </trkpt>
      <trkpt lat="41.48224" lon="-74.14706">
        <ele>146.9</ele>
      </trkpt>
      <trkpt lat="41.48206" lon="-74.14708">
        <ele>146.8</ele>
      </trkpt>
      <trkpt lat="41.48144" lon="-74.14722">
        <ele>146.3</ele>
      </trkpt>
      <trkpt lat="41.4812" lon="-74.14726">
        <ele>146.3</ele>
      </trkpt>
      <trkpt lat="41.48042" lon="-74.14734">
        <ele>146.1</ele>
      </trkpt>
      <trkpt lat="41.47964" lon="-74.14742">
        <ele>145.9</ele>
      </trkpt>
      <trkpt lat="41.47917" lon="-74.14748">
        <ele>144.7</ele>
      </trkpt>
      <trkpt lat="41.47915" lon="-74.14724">
        <ele>144.8</ele>
      </trkpt>
      <trkpt lat="41.47909" lon="-74.14695">
        <ele>145.3</ele>
      </trkpt>
      <trkpt lat="41.47901" lon="-74.1465">
        <ele>146.0</ele>
      </trkpt>
      <trkpt lat="41.47896" lon="-74.1463">
        <ele>146.0</ele>
      </trkpt>
      <trkpt lat="41.47889" lon="-74.14611">
        <ele>146.0</ele>
      </trkpt>
      <trkpt lat="41.47877" lon="-74.14556">
        <ele>146.0</ele>
      </trkpt>
      <trkpt lat="41.47876" lon="-74.1454">
        <ele>146.0</ele>
      </trkpt>
      <trkpt lat="41.47867" lon="-74.14487">
        <ele>146.9</ele>
      </trkpt>
      <trkpt lat="41.47868" lon="-74.14471">
        <ele>147.9</ele>
      </trkpt>
      <trkpt lat="41.4787" lon="-74.14454">
        <ele>149.0</ele>
      </trkpt>
      <trkpt lat="41.47873" lon="-74.14444">
        <ele>149.7</ele>
      </trkpt>
      <trkpt lat="41.47872" lon="-74.14427">
        <ele>150.8</ele>
      </trkpt>
      <trkpt lat="41.47868" lon="-74.14417">
        <ele>151.4</ele>
      </trkpt>
      <trkpt lat="41.47859" lon="-74.14415">
        <ele>151.7</ele>
      </trkpt>
      <trkpt lat="41.47851" lon="-74.14415">
        <ele>151.8</ele>
      </trkpt>
      <trkpt lat="41.4784" lon="-74.14416">
        <ele>151.9</ele>
      </trkpt>
      <trkpt lat="41.4783" lon="-74.1442">
        <ele>151.9</ele>
      </trkpt>
      <trkpt lat="41.47817" lon="-74.1442">
        <ele>152.0</ele>
      </trkpt>
      <trkpt lat="41.47809" lon="-74.14422">
        <ele>151.9</ele>
      </trkpt>
      <trkpt lat="41.47806" lon="-74.1443">
        <ele>151.5</ele>
      </trkpt>
      <trkpt lat="41.47801" lon="-74.14434">
        <ele>151.3</ele>
      </trkpt>
      <trkpt lat="41.47715" lon="-74.14455">
        <ele>151.8</ele>
      </trkpt>
      <trkpt lat="41.4763" lon="-74.14476">
        <ele>153.6</ele>
      </trkpt>
      <trkpt lat="41.47544" lon="-74.14496">
        <ele>154.2</ele>
      </trkpt>
      <trkpt lat="41.47458" lon="-74.14517">
        <ele>151.6</ele>
      </trkpt>
      <trkpt lat="41.47437" lon="-74.14516">
        <ele>151.4</ele>
      </trkpt>
      <trkpt lat="41.47449" lon="-74.14406">
        <ele>156.2</ele>
      </trkpt>
      <trkpt lat="41.47462" lon="-74.14297">
        <ele>160.7</ele>
      </trkpt>
      <trkpt lat="41.47468" lon="-74.14258">
        <ele>162.1</ele>
      </trkpt>
      <trkpt lat="41.47476" lon="-74.14223">
        <ele>162.5</ele>
      </trkpt>
      <trkpt lat="41.47504" lon="-74.14123">
        <ele>165.4</ele>
      </trkpt>
      <trkpt lat="41.47521" lon="-74.14058">
        <ele>168.9</ele>
      </trkpt>
      <trkpt lat="41.47538" lon="-74.13994">
        <ele>169.5</ele>
      </trkpt>
      <trkpt lat="41.47565" lon="-74.13897">
        <ele>165.5</ele>
      </trkpt>
      <trkpt lat="41.47593" lon="-74.138">
        <ele>159.3</ele>
      </trkpt>
      <trkpt lat="41.47602" lon="-74.13761">
        <ele>158.2</ele>
      </trkpt>
      <trkpt lat="41.47556" lon="-74.13764">
        <ele>158.8</ele>
      </trkpt>
      <trkpt lat="41.4751" lon="-74.13767">
        <ele>157.5</ele>
      </trkpt>
      <trkpt lat="41.47432" lon="-74.13774">
        <ele>156.9</ele>
      </trkpt>
      <trkpt lat="41.47392" lon="-74.13779">
        <ele>156.5</ele>
      </trkpt>
      <trkpt lat="41.47342" lon="-74.13789">
        <ele>156.2</ele>
      </trkpt>
      <trkpt lat="41.47292" lon="-74.13799">
        <ele>155.6</ele>
      </trkpt>
      <trkpt lat="41.47221" lon="-74.13817">
        <ele>155.0</ele>
      </trkpt>
      <trkpt lat="41.4715" lon="-74.13836">
        <ele>154.3</ele>
      </trkpt>
      <trkpt lat="41.47078" lon="-74.13855">
        <ele>150.4</ele>
      </trkpt>
      <trkpt lat="41.4705" lon="-74.13861">
        <ele>149.5</ele>
      </trkpt>
      <trkpt lat="41.47017" lon="-74.13872">
        <ele>148.1</ele>
      </trkpt>
      <trkpt lat="41.46945" lon="-74.13888">
        <ele>147.1</ele>
      </trkpt>
      <trkpt lat="41.46915" lon="-74.13895">
        <ele>147.1</ele>
      </trkpt>
      <trkpt lat="41.46839" lon="-74.13911">
        <ele>146.8</ele>
      </trkpt>
      <trkpt lat="41.46762" lon="-74.13928">
        <ele>146.1</ele>
      </trkpt>
      <trkpt lat="41.46686" lon="-74.13944">
        <ele>146.8</ele>
      </trkpt>
      <trkpt lat="41.46635" lon="-74.13957">
        <ele>147.8</ele>
      </trkpt>
      <trkpt lat="41.46585" lon="-74.13969">
        <ele>149.1</ele>
      </trkpt>
      <trkpt lat="41.46514" lon="-74.13989">
        <ele>150.1</ele>
      </trkpt>
      <trkpt lat="41.46443" lon="-74.14008">
        <ele>149.6</ele>
      </trkpt>
      <trkpt lat="41.46372" lon="-74.14028">
        <ele>148.2</ele>
      </trkpt>
      <trkpt lat="41.46301" lon="-74.14048">
        <ele>146.9</ele>
      </trkpt>
      <trkpt lat="41.4623" lon="-74.14068">
        <ele>143.8</ele>
      </trkpt>
      <trkpt lat="41.46166" lon="-74.14087">
        <ele>141.6</ele>
      </trkpt>
      <trkpt lat="41.46102" lon="-74.14107">
        <ele>139.2</ele>
      </trkpt>
      <trkpt lat="41.46038" lon="-74.14126">
        <ele>135.0</ele>
      </trkpt>
      <trkpt lat="41.45997" lon="-74.14137">
        <ele>132.5</ele>
      </trkpt>
      <trkpt lat="41.45967" lon="-74.14144">
        <ele>130.1</ele>
      </trkpt>
      <trkpt lat="41.45945" lon="-74.14148">
        <ele>128.9</ele>
      </trkpt>
      <trkpt lat="41.45861" lon="-74.14156">
        <ele>123.3</ele>
      </trkpt>
      <trkpt lat="41.45807" lon="-74.14165">
        <ele>121.4</ele>
      </trkpt>
      <trkpt lat="41.45739" lon="-74.14178">
        <ele>121.0</ele>
      </trkpt>
      <trkpt lat="41.45705" lon="-74.14182">
        <ele>121.0</ele>
      </trkpt>
      <trkpt lat="41.45655" lon="-74.14185">
        <ele>120.8</ele>
      </trkpt>
      <trkpt lat="41.45576" lon="-74.14199">
        <ele>120.7</ele>
      </trkpt>
      <trkpt lat="41.45496" lon="-74.14207">
        <ele>120.5</ele>
      </trkpt>
      <trkpt lat="41.45417" lon="-74.14215">
        <ele>120.6</ele>
      </trkpt>
      <trkpt lat="41.45348" lon="-74.14218">
        <ele>120.3</ele>
      </trkpt>
      <trkpt lat="41.45259" lon="-74.14218">
        <ele>120.0</ele>
      </trkpt>
      <trkpt lat="41.45191" lon="-74.14217">
        <ele>120.3</ele>
      </trkpt>
      <trkpt lat="41.45111" lon="-74.14207">
        <ele>120.0</ele>
      </trkpt>
      <trkpt lat="41.45098" lon="-74.14203">
        <ele>120.0</ele>
      </trkpt>
      <trkpt lat="41.45079" lon="-74.14195">
        <ele>119.9</ele>
      </trkpt>
      <trkpt lat="41.45074" lon="-74.14193">
        <ele>119.9</ele>
      </trkpt>
      <trkpt lat="41.45058" lon="-74.14188">
        <ele>119.9</ele>
      </trkpt>
      <trkpt lat="41.45028" lon="-74.14183">
        <ele>114.4</ele>
      </trkpt>
      <trkpt lat="41.45011" lon="-74.14182">
        <ele>114.1</ele>
      </trkpt>
      <trkpt lat="41.44999" lon="-74.14184">
        <ele>113.7</ele>
      </trkpt>
      <trkpt lat="41.4498" lon="-74.14192">
        <ele>114.0</ele>
      </trkpt>
      <trkpt lat="41.44964" lon="-74.14206">
        <ele>114.6</ele>
      </trkpt>
      <trkpt lat="41.44923" lon="-74.14248">
        <ele>117.8</ele>
      </trkpt>
      <trkpt lat="41.44888" lon="-74.14286">
        <ele>119.4</ele>
      </trkpt>
      <trkpt lat="41.44853" lon="-74.14324">
        <ele>120.0</ele>
      </trkpt>
      <trkpt lat="41.44829" lon="-74.14351">
        <ele>120.3</ele>
      </trkpt>
      <trkpt lat="41.44764" lon="-74.14421">
        <ele>120.7</ele>
      </trkpt>
      <trkpt lat="41.4472" lon="-74.14463">
        <ele>120.8</ele>
      </trkpt>
      <trkpt lat="41.44677" lon="-74.14504">
        <ele>120.6</ele>
      </trkpt>
      <trkpt lat="41.44607" lon="-74.14576">
        <ele>120.4</ele>
      </trkpt>
      <trkpt lat="41.44538" lon="-74.14647">
        <ele>119.2</ele>
      </trkpt>
      <trkpt lat="41.44468" lon="-74.14718">
        <ele>119.2</ele>
      </trkpt>
      <trkpt lat="41.4441" lon="-74.14778">
        <ele>118.5</ele>
      </trkpt>
      <trkpt lat="41.44352" lon="-74.14838">
        <ele>118.9</ele>
      </trkpt>
      <trkpt lat="41.44294" lon="-74.14899">
        <ele>117.8</ele>
      </trkpt>
      <trkpt lat="41.44279" lon="-74.14878">
        <ele>116.2</ele>
      </trkpt>
      <trkpt lat="41.44273" lon="-74.14864">
        <ele>115.6</ele>
      </trkpt>
      <trkpt lat="41.44271" lon="-74.14855">
        <ele>115.5</ele>
      </trkpt>
      <trkpt lat="41.44267" lon="-74.14772">
        <ele>114.1</ele>
      </trkpt>
      <trkpt lat="41.44263" lon="-74.14689">
        <ele>116.1</ele>
      </trkpt>
      <trkpt lat="41.44258" lon="-74.14606">
        <ele>121.1</ele>
      </trkpt>
      <trkpt lat="41.44256" lon="-74.14586">
        <ele>122.5</ele>
      </trkpt>
      <trkpt lat="41.4425" lon="-74.14567">
        <ele>124.7</ele>
      </trkpt>
      <trkpt lat="41.44228" lon="-74.14522">
        <ele>131.2</ele>
      </trkpt>
      <trkpt lat="41.44224" lon="-74.14509">
        <ele>133.2</ele>
      </trkpt>
      <trkpt lat="41.44221" lon="-74.1449">
        <ele>135.2</ele>
      </trkpt>
      <trkpt lat="41.44223" lon="-74.14429">
        <ele>139.0</ele>
      </trkpt>
      <trkpt lat="41.44222" lon="-74.14405">
        <ele>140.4</ele>
      </trkpt>
      <trkpt lat="41.44219" lon="-74.14379">
        <ele>141.2</ele>
      </trkpt>
      <trkpt lat="41.44217" lon="-74.14362">
        <ele>141.4</ele>
      </trkpt>
      <trkpt lat="41.44207" lon="-74.14356">
        <ele>141.6</ele>
      </trkpt>
      <trkpt lat="41.44185" lon="-74.1435">
        <ele>142.0</ele>
      </trkpt>
      <trkpt lat="41.44167" lon="-74.14343">
        <ele>141.6</ele>
      </trkpt>
      <trkpt lat="41.44152" lon="-74.14325">
        <ele>140.5</ele>
      </trkpt>
      <trkpt lat="41.44129" lon="-74.14248">
        <ele>142.1</ele>
      </trkpt>
      <trkpt lat="41.44116" lon="-74.14182">
        <ele>146.5</ele>
      </trkpt>
      <trkpt lat="41.44113" lon="-74.14149">
        <ele>148.3</ele>
      </trkpt>
      <trkpt lat="41.44118" lon="-74.14114">
        <ele>150.6</ele>
      </trkpt>
      <trkpt lat="41.44128" lon="-74.14078">
        <ele>152.4</ele>
      </trkpt>
      <trkpt lat="41.44137" lon="-74.14039">
        <ele>153.3</ele>
      </trkpt>
      <trkpt lat="41.44141" lon="-74.14033">
        <ele>153.1</ele>
      </trkpt>
      <trkpt lat="41.44161" lon="-74.14024">
        <ele>151.2</ele>
      </trkpt>
      <trkpt lat="41.4416" lon="-74.13988">
        <ele>153.2</ele>
      </trkpt>
      <trkpt lat="41.44154" lon="-74.13969">
        <ele>153.2</ele>
      </trkpt>
      <trkpt lat="41.44134" lon="-74.13962">
        <ele>151.1</ele>
      </trkpt>
      <trkpt lat="41.44061" lon="-74.1396">
        <ele>145.5</ele>
      </trkpt>
      <trkpt lat="41.44043" lon="-74.13955">
        <ele>142.6</ele>
      </trkpt>
      <trkpt lat="41.4404" lon="-74.13939">
        <ele>140.1</ele>
      </trkpt>
      <trkpt lat="41.44056" lon="-74.13917">
        <ele>138.7</ele>
      </trkpt>
      <trkpt lat="41.44089" lon="-74.13861">
        <ele>134.7</ele>
      </trkpt>
      <trkpt lat="41.44122" lon="-74.13804">
        <ele>129.6</ele>
      </trkpt>
      <trkpt lat="41.44168" lon="-74.1374">
        <ele>123.2</ele>
      </trkpt>
      <trkpt lat="41.44213" lon="-74.13677">
        <ele>116.6</ele>
      </trkpt>
      <trkpt lat="41.44228" lon="-74.13642">
        <ele>113.1</ele>
      </trkpt>
      <trkpt lat="41.44236" lon="-74.13595">
        <ele>109.0</ele>
      </trkpt>
      <trkpt lat="41.44243" lon="-74.13573">
        <ele>108.3</ele>
      </trkpt>
      <trkpt lat="41.44248" lon="-74.13567">
        <ele>108.0</ele>
      </trkpt>
      <trkpt lat="41.44242" lon="-74.1356">
        <ele>107.4</ele>
      </trkpt>
      <trkpt lat="41.44237" lon="-74.13551">
        <ele>106.8</ele>
      </trkpt>
      <trkpt lat="41.44217" lon="-74.13493">
        <ele>105.4</ele>
      </trkpt>
      <trkpt lat="41.44211" lon="-74.13471">
        <ele>105.4</ele>
      </trkpt>
      <trkpt lat="41.44209" lon="-74.13458">
        <ele>105.5</ele>
      </trkpt>
      <trkpt lat="41.44211" lon="-74.13445">
        <ele>105.7</ele>
      </trkpt>
      <trkpt lat="41.44215" lon="-74.13432">
        <ele>105.9</ele>
      </trkpt>
      <trkpt lat="41.4422" lon="-74.13423">
        <ele>106.2</ele>
      </trkpt>
      <trkpt lat="41.4425" lon="-74.13393">
        <ele>107.2</ele>
      </trkpt>
      <trkpt lat="41.44263" lon="-74.13374">
        <ele>107.9</ele>
      </trkpt>
      <trkpt lat="41.44272" lon="-74.13355">
        <ele>108.6</ele>
      </trkpt>
      <trkpt lat="41.44279" lon="-74.1333">
        <ele>109.3</ele>
      </trkpt>
      <trkpt lat="41.44281" lon="-74.133">
        <ele>109.4</ele>
      </trkpt>
      <trkpt lat="41.44283" lon="-74.13222">
        <ele>108.8</ele>
      </trkpt>
      <trkpt lat="41.44285" lon="-74.13145">
        <ele>110.4</ele>
      </trkpt>
      <trkpt lat="41.44226" lon="-74.13143">
        <ele>110.0</ele>
      </trkpt>
      <trkpt lat="41.44168" lon="-74.13142">
        <ele>109.5</ele>
      </trkpt>
      <trkpt lat="41.4412" lon="-74.13134">
        <ele>108.2</ele>
      </trkpt>
      <trkpt lat="41.44079" lon="-74.13126">
        <ele>107.1</ele>
      </trkpt>
      <trkpt lat="41.44055" lon="-74.13116">
        <ele>106.6</ele>
      </trkpt>
      <trkpt lat="41.44045" lon="-74.1311">
        <ele>106.4</ele>
      </trkpt>
      <trkpt lat="41.43991" lon="-74.13074">
        <ele>105.4</ele>
      </trkpt>
      <trkpt lat="41.43957" lon="-74.13054">
        <ele>106.4</ele>
      </trkpt>
      <trkpt lat="41.43881" lon="-74.13017">
        <ele>107.6</ele>
      </trkpt>
      <trkpt lat="41.43805" lon="-74.12979">
        <ele>105.2</ele>
      </trkpt>
      <trkpt lat="41.43729" lon="-74.12942">
        <ele>102.6</ele>
      </trkpt>
      <trkpt lat="41.43686" lon="-74.1292">
        <ele>101.9</ele>
      </trkpt>
      <trkpt lat="41.43644" lon="-74.12898">
        <ele>101.8</ele>
      </trkpt>
      <trkpt lat="41.43578" lon="-74.12862">
        <ele>101.9</ele>
      </trkpt>
      <trkpt lat="41.43536" lon="-74.1284">
        <ele>99.9</ele>
      </trkpt>
      <trkpt lat="41.43517" lon="-74.12833">
        <ele>98.6</ele>
      </trkpt>
      <trkpt lat="41.43454" lon="-74.12807">
        <ele>95.4</ele>
      </trkpt>
      <trkpt lat="41.43384" lon="-74.12774">
        <ele>92.9</ele>
      </trkpt>
      <trkpt lat="41.43314" lon="-74.12741">
        <ele>91.2</ele>
      </trkpt>
      <trkpt lat="41.43263" lon="-74.12719">
        <ele>91.1</ele>
      </trkpt>
      <trkpt lat="41.43224" lon="-74.12708">
        <ele>91.1</ele>
      </trkpt>
      <trkpt lat="41.43155" lon="-74.12694">
        <ele>89.9</ele>
      </trkpt>
      <trkpt lat="41.43128" lon="-74.12686">
        <ele>89.1</ele>
      </trkpt>
      <trkpt lat="41.43137" lon="-74.12672">
        <ele>88.8</ele>
      </trkpt>
      <trkpt lat="41.43149" lon="-74.1265">
        <ele>88.3</ele>
      </trkpt>
      <trkpt lat="41.43158" lon="-74.12632">
        <ele>87.9</ele>
      </trkpt>
      <trkpt lat="41.43157" lon="-74.12626">
        <ele>87.8</ele>
      </trkpt>
      <trkpt lat="41.43155" lon="-74.12619">
        <ele>87.6</ele>
      </trkpt>
      <trkpt lat="41.43153" lon="-74.12538">
        <ele>91.3</ele>
      </trkpt>
      <trkpt lat="41.43148" lon="-74.12474">
        <ele>91.3</ele>
      </trkpt>
      <trkpt lat="41.43142" lon="-74.12409">
        <ele>91.6</ele>
      </trkpt>
      <trkpt lat="41.43141" lon="-74.12383">
        <ele>91.5</ele>
      </trkpt>
      <trkpt lat="41.43142" lon="-74.12345">
        <ele>91.7</ele>
      </trkpt>
      <trkpt lat="41.43146" lon="-74.12269">
        <ele>92.7</ele>
      </trkpt>
      <trkpt lat="41.43145" lon="-74.12232">
        <ele>92.9</ele>
      </trkpt>
      <trkpt lat="41.43144" lon="-74.1221">
        <ele>93.4</ele>
      </trkpt>
      <trkpt lat="41.43141" lon="-74.12196">
        <ele>93.6</ele>
      </trkpt>
      <trkpt lat="41.43137" lon="-74.1218">
        <ele>93.9</ele>
      </trkpt>
      <trkpt lat="41.43127" lon="-74.12145">
        <ele>94.1</ele>
      </trkpt>
      <trkpt lat="41.43101" lon="-74.12088">
        <ele>92.7</ele>
      </trkpt>
      <trkpt lat="41.4309" lon="-74.12056">
        <ele>93.1</ele>
      </trkpt>
      <trkpt lat="41.43081" lon="-74.12022">
        <ele>93.9</ele>
      </trkpt>
      <trkpt lat="41.43075" lon="-74.11994">
        <ele>93.9</ele>
      </trkpt>
      <trkpt lat="41.43071" lon="-74.11964">
        <ele>93.7</ele>
      </trkpt>
      <trkpt lat="41.43069" lon="-74.11915">
        <ele>93.5</ele>
      </trkpt>
      <trkpt lat="41.43065" lon="-74.11862">
        <ele>92.8</ele>
      </trkpt>
      <trkpt lat="41.43055" lon="-74.11751">
        <ele>92.2</ele>
      </trkpt>
      <trkpt lat="41.43048" lon="-74.1166">
        <ele>92.2</ele>
      </trkpt>
      <trkpt lat="41.43042" lon="-74.11602">
        <ele>95.0</ele>
      </trkpt>
      <trkpt lat="41.43034" lon="-74.11562">
        <ele>96.8</ele>
      </trkpt>
      <trkpt lat="41.43026" lon="-74.11524">
        <ele>97.3</ele>
      </trkpt>
      <trkpt lat="41.43009" lon="-74.1147">
        <ele>97.4</ele>
      </trkpt>
      <trkpt lat="41.42994" lon="-74.11429">
        <ele>95.9</ele>
      </trkpt>
      <trkpt lat="41.42956" lon="-74.11336">
        <ele>89.6</ele>
      </trkpt>
      <trkpt lat="41.42948" lon="-74.11311">
        <ele>88.4</ele>
      </trkpt>
      <trkpt lat="41.42942" lon="-74.11284">
        <ele>87.2</ele>
      </trkpt>
      <trkpt lat="41.42935" lon="-74.11245">
        <ele>86.7</ele>
      </trkpt>
      <trkpt lat="41.42927" lon="-74.11186">
        <ele>87.5</ele>
      </trkpt>
      <trkpt lat="41.42917" lon="-74.11091">
        <ele>89.3</ele>
      </trkpt>
      <trkpt lat="41.42907" lon="-74.10995">
        <ele>89.7</ele>
      </trkpt>
      <trkpt lat="41.42904" lon="-74.10946">
        <ele>89.2</ele>
      </trkpt>
      <trkpt lat="41.42903" lon="-74.10908">
        <ele>88.9</ele>
      </trkpt>
      <trkpt lat="41.42904" lon="-74.10862">
        <ele>89.1</ele>
      </trkpt>
      <trkpt lat="41.42908" lon="-74.10801">
        <ele>89.3</ele>
      </trkpt>
      <trkpt lat="41.4291" lon="-74.10775">
        <ele>89.1</ele>
      </trkpt>
      <trkpt lat="41.42914" lon="-74.10753">
        <ele>88.9</ele>
      </trkpt>
      <trkpt lat="41.42929" lon="-74.10677">
        <ele>88.3</ele>
      </trkpt>
      <trkpt lat="41.42944" lon="-74.10602">
        <ele>90.1</ele>
      </trkpt>
      <trkpt lat="41.42958" lon="-74.10522">
        <ele>93.6</ele>
      </trkpt>
      <trkpt lat="41.42966" lon="-74.10459">
        <ele>94.4</ele>
      </trkpt>
      <trkpt lat="41.42973" lon="-74.10382">
        <ele>94.4</ele>
      </trkpt>
      <trkpt lat="41.42979" lon="-74.10305">
        <ele>94.1</ele>
      </trkpt>
      <trkpt lat="41.42995" lon="-74.10218">
        <ele>93.8</ele>
      </trkpt>
      <trkpt lat="41.43015" lon="-74.10124">
        <ele>91.1</ele>
      </trkpt>
      <trkpt lat="41.43035" lon="-74.1003">
        <ele>87.5</ele>
      </trkpt>
      <trkpt lat="41.43054" lon="-74.09936">
        <ele>83.1</ele>
      </trkpt>
      <trkpt lat="41.43066" lon="-74.09875">
        <ele>85.3</ele>
      </trkpt>
      <trkpt lat="41.4308" lon="-74.09822">
        <ele>86.9</ele>
      </trkpt>
      <trkpt lat="41.43091" lon="-74.09784">
        <ele>88.6</ele>
      </trkpt>
      <trkpt lat="41.43127" lon="-74.09683">
        <ele>94.5</ele>
      </trkpt>
      <trkpt lat="41.43163" lon="-74.09582">
        <ele>100.2</ele>
      </trkpt>
      <trkpt lat="41.43171" lon="-74.09556">
        <ele>100.7</ele>
      </trkpt>
      <trkpt lat="41.43194" lon="-74.09478">
        <ele>105.2</ele>
      </trkpt>
      <trkpt lat="41.43217" lon="-74.09399">
        <ele>109.8</ele>
      </trkpt>
      <trkpt lat="41.43245" lon="-74.09292">
        <ele>111.0</ele>
      </trkpt>
      <trkpt lat="41.43251" lon="-74.09263">
        <ele>111.0</ele>
      </trkpt>
      <trkpt lat="41.43254" lon="-74.09236">
        <ele>111.7</ele>
      </trkpt>
      <trkpt lat="41.43256" lon="-74.09208">
        <ele>112.7</ele>
      </trkpt>
      <trkpt lat="41.43256" lon="-74.0917">
        <ele>113.8</ele>
      </trkpt>
      <trkpt lat="41.43254" lon="-74.09149">
        <ele>114.8</ele>
      </trkpt>
      <trkpt lat="41.43251" lon="-74.09129">
        <ele>115.2</ele>
      </trkpt>
      <trkpt lat="41.4324" lon="-74.0907">
        <ele>119.2</ele>
      </trkpt>
      <trkpt lat="41.43226" lon="-74.09005">
        <ele>122.2</ele>
      </trkpt>
      <trkpt lat="41.43223" lon="-74.08984">
        <ele>122.5</ele>
      </trkpt>
      <trkpt lat="41.43218" lon="-74.08942">
        <ele>122.4</ele>
      </trkpt>
      <trkpt lat="41.43217" lon="-74.08918">
        <ele>121.8</ele>
      </trkpt>
      <trkpt lat="41.43215" lon="-74.08876">
        <ele>122.0</ele>
      </trkpt>
      <trkpt lat="41.43215" lon="-74.08796">
        <ele>125.8</ele>
      </trkpt>
      <trkpt lat="41.43213" lon="-74.08744">
        <ele>126.6</ele>
      </trkpt>
      <trkpt lat="41.43207" lon="-74.08688">
        <ele>126.8</ele>
      </trkpt>
      <trkpt lat="41.43195" lon="-74.08587">
        <ele>118.5</ele>
      </trkpt>
      <trkpt lat="41.43183" lon="-74.08485">
        <ele>113.6</ele>
      </trkpt>
      <trkpt lat="41.43171" lon="-74.0843">
        <ele>113.5</ele>
      </trkpt>
      <trkpt lat="41.43155" lon="-74.08368">
        <ele>115.0</ele>
      </trkpt>
      <trkpt lat="41.43139" lon="-74.08307">
        <ele>116.6</ele>
      </trkpt>
      <trkpt lat="41.43135" lon="-74.08287">
        <ele>116.7</ele>
      </trkpt>
      <trkpt lat="41.43131" lon="-74.08267">
        <ele>116.6</ele>
      </trkpt>
      <trkpt lat="41.43129" lon="-74.08236">
        <ele>114.9</ele>
      </trkpt>
      <trkpt lat="41.43123" lon="-74.08157">
        <ele>109.8</ele>
      </trkpt>
      <trkpt lat="41.43118" lon="-74.08077">
        <ele>113.2</ele>
      </trkpt>
      <trkpt lat="41.43112" lon="-74.0801">
        <ele>116.5</ele>
      </trkpt>
      <trkpt lat="41.43109" lon="-74.07993">
        <ele>115.3</ele>
      </trkpt>
      <trkpt lat="41.43105" lon="-74.07974">
        <ele>112.2</ele>
      </trkpt>
      <trkpt lat="41.43092" lon="-74.07927">
        <ele>107.9</ele>
      </trkpt>
      <trkpt lat="41.43082" lon="-74.0788">
        <ele>106.5</ele>
      </trkpt>
      <trkpt lat="41.43076" lon="-74.07848">
        <ele>107.3</ele>
      </trkpt>
      <trkpt lat="41.43066" lon="-74.07758">
        <ele>112.7</ele>
      </trkpt>
      <trkpt lat="41.4305" lon="-74.07668">
        <ele>117.5</ele>
      </trkpt>
      <trkpt lat="41.43046" lon="-74.07637">
        <ele>118.3</ele>
      </trkpt>
      <trkpt lat="41.43043" lon="-74.07602">
        <ele>118.6</ele>
      </trkpt>
      <trkpt lat="41.43041" lon="-74.07555">
        <ele>117.7</ele>
      </trkpt>
      <trkpt lat="41.4304" lon="-74.07518">
        <ele>116.1</ele>
      </trkpt>
      <trkpt lat="41.43042" lon="-74.07455">
        <ele>111.4</ele>
      </trkpt>
      <trkpt lat="41.4304" lon="-74.07409">
        <ele>106.5</ele>
      </trkpt>
      <trkpt lat="41.43037" lon="-74.07389">
        <ele>104.4</ele>
      </trkpt>
      <trkpt lat="41.43033" lon="-74.07368">
        <ele>102.7</ele>
      </trkpt>
      <trkpt lat="41.43011" lon="-74.07277">
        <ele>100.1</ele>
      </trkpt>
      <trkpt lat="41.43" lon="-74.07237">
        <ele>100.1</ele>
      </trkpt>
      <trkpt lat="41.42989" lon="-74.07203">
        <ele>100.9</ele>
      </trkpt>
      <trkpt lat="41.42979" lon="-74.07179">
        <ele>101.7</ele>
      </trkpt>
      <trkpt lat="41.42967" lon="-74.07156">
        <ele>102.7</ele>
      </trkpt>
      <trkpt lat="41.42932" lon="-74.07098">
        <ele>107.5</ele>
      </trkpt>
      <trkpt lat="41.42925" lon="-74.07083">
        <ele>108.5</ele>
      </trkpt>
      <trkpt lat="41.42918" lon="-74.07064">
        <ele>109.8</ele>
      </trkpt>
      <trkpt lat="41.42915" lon="-74.07048">
        <ele>110.9</ele>
      </trkpt>
      <trkpt lat="41.42913" lon="-74.07031">
        <ele>111.3</ele>
      </trkpt>
      <trkpt lat="41.42912" lon="-74.07011">
        <ele>110.1</ele>
      </trkpt>
      <trkpt lat="41.42914" lon="-74.06991">
        <ele>108.8</ele>
      </trkpt>
      <trkpt lat="41.42919" lon="-74.06964">
        <ele>108.4</ele>
      </trkpt>
      <trkpt lat="41.42923" lon="-74.0695">
        <ele>108.2</ele>
      </trkpt>
      <trkpt lat="41.42936" lon="-74.06912">
        <ele>106.1</ele>
      </trkpt>
      <trkpt lat="41.42958" lon="-74.06862">
        <ele>102.6</ele>
      </trkpt>
      <trkpt lat="41.43001" lon="-74.06758">
        <ele>95.7</ele>
      </trkpt>
      <trkpt lat="41.43028" lon="-74.06694">
        <ele>91.4</ele>
      </trkpt>
      <trkpt lat="41.43056" lon="-74.06629">
        <ele>90.1</ele>
      </trkpt>
      <trkpt lat="41.4309" lon="-74.06545">
        <ele>87.9</ele>
      </trkpt>
      <trkpt lat="41.43098" lon="-74.0652">
        <ele>86.8</ele>
      </trkpt>
      <trkpt lat="41.43115" lon="-74.06438">
        <ele>83.8</ele>
      </trkpt>
      <trkpt lat="41.4312" lon="-74.06416">
        <ele>83.4</ele>
      </trkpt>
      <trkpt lat="41.43133" lon="-74.06375">
        <ele>81.8</ele>
      </trkpt>
      <trkpt lat="41.43151" lon="-74.06327">
        <ele>80.4</ele>
      </trkpt>
      <trkpt lat="41.43136" lon="-74.06329">
        <ele>81.9</ele>
      </trkpt>
      <trkpt lat="41.43074" lon="-74.06345">
        <ele>84.3</ele>
      </trkpt>
      <trkpt lat="41.43048" lon="-74.0635">
        <ele>85.1</ele>
      </trkpt>
      <trkpt lat="41.4302" lon="-74.06352">
        <ele>87.1</ele>
      </trkpt>
      <trkpt lat="41.42998" lon="-74.06413">
        <ele>87.9</ele>
      </trkpt>
      <trkpt lat="41.42913" lon="-74.06415">
        <ele>86.8</ele>
      </trkpt>
      <trkpt lat="41.4291" lon="-74.06413">
        <ele>86.7</ele>
      </trkpt>
      <trkpt lat="41.42901" lon="-74.06421">
        <ele>86.6</ele>
      </trkpt>
      <trkpt lat="41.42891" lon="-74.06422">
        <ele>86.3</ele>
      </trkpt>
      <trkpt lat="41.42887" lon="-74.06422">
        <ele>86.3</ele>
      </trkpt>
      <trkpt lat="41.42871" lon="-74.06411">
        <ele>85.7</ele>
      </trkpt>
      <trkpt lat="41.42863" lon="-74.06429">
        <ele>85.8</ele>
      </trkpt>
      <trkpt lat="41.42861" lon="-74.06428">
        <ele>85.8</ele>
      </trkpt>
      <trkpt lat="41.4285" lon="-74.06387">
        <ele>85.0</ele>
      </trkpt>
      <trkpt lat="41.42847" lon="-74.06376">
        <ele>84.9</ele>
      </trkpt>
      <trkpt lat="41.42842" lon="-74.06369">
        <ele>84.8</ele>
      </trkpt>
      <trkpt lat="41.42832" lon="-74.06365">
        <ele>84.6</ele>
      </trkpt>
      <trkpt lat="41.42823" lon="-74.06356">
        <ele>84.5</ele>
      </trkpt>
      <trkpt lat="41.42813" lon="-74.06337">
        <ele>84.3</ele>
      </trkpt>
      <trkpt lat="41.42808" lon="-74.06322">
        <ele>84.3</ele>
      </trkpt>
      <trkpt lat="41.42807" lon="-74.06301">
        <ele>84.2</ele>
      </trkpt>
      <trkpt lat="41.42807" lon="-74.06269">
        <ele>84.1</ele>
      </trkpt>
      <trkpt lat="41.42776" lon="-74.06271">
        <ele>84.6</ele>
      </trkpt>
      <trkpt lat="41.42693" lon="-74.06282">
        <ele>89.3</ele>
      </trkpt>
      <trkpt lat="41.42641" lon="-74.06287">
        <ele>91.3</ele>
      </trkpt>
      <trkpt lat="41.42625" lon="-74.06286">
        <ele>91.4</ele>
      </trkpt>
      <trkpt lat="41.42609" lon="-74.06284">
        <ele>91.2</ele>
      </trkpt>
      <trkpt lat="41.42584" lon="-74.06275">
        <ele>90.9</ele>
      </trkpt>
      <trkpt lat="41.42559" lon="-74.0627">
        <ele>90.7</ele>
      </trkpt>
      <trkpt lat="41.42546" lon="-74.06272">
        <ele>90.7</ele>
      </trkpt>
      <trkpt lat="41.42535" lon="-74.06277">
        <ele>91.0</ele>
      </trkpt>
      <trkpt lat="41.42524" lon="-74.06286">
        <ele>91.7</ele>
      </trkpt>
      <trkpt lat="41.42518" lon="-74.06292">
        <ele>91.9</ele>
      </trkpt>
      <trkpt lat="41.42509" lon="-74.06304">
        <ele>92.9</ele>
      </trkpt>
      <trkpt lat="41.42503" lon="-74.06317">
        <ele>93.6</ele>
      </trkpt>
      <trkpt lat="41.425" lon="-74.06327">
        <ele>93.4</ele>
      </trkpt>
      <trkpt lat="41.42499" lon="-74.06335">
        <ele>92.9</ele>
      </trkpt>
      <trkpt lat="41.42499" lon="-74.06348">
        <ele>91.5</ele>
      </trkpt>
      <trkpt lat="41.42484" lon="-74.06354">
        <ele>95.3</ele>
      </trkpt>
      <trkpt lat="41.42469" lon="-74.06354">
        <ele>98.7</ele>
      </trkpt>
      <trkpt lat="41.42451" lon="-74.06345">
        <ele>97.6</ele>
      </trkpt>
      <trkpt lat="41.42398" lon="-74.06304">
        <ele>90.7</ele>
      </trkpt>
      <trkpt lat="41.42389" lon="-74.06294">
        <ele>90.4</ele>
      </trkpt>
      <trkpt lat="41.42383" lon="-74.06283">
        <ele>90.3</ele>
      </trkpt>
      <trkpt lat="41.4238" lon="-74.06272">
        <ele>90.3</ele>
      </trkpt>
      <trkpt lat="41.42374" lon="-74.06225">
        <ele>90.8</ele>
      </trkpt>
      <trkpt lat="41.42382" lon="-74.06221">
        <ele>91.2</ele>
      </trkpt>
      <trkpt lat="41.42387" lon="-74.06216">
        <ele>91.9</ele>
      </trkpt>
      <trkpt lat="41.42405" lon="-74.06175">
        <ele>96.6</ele>
      </trkpt>
      <trkpt lat="41.42422" lon="-74.06143">
        <ele>96.4</ele>
      </trkpt>
      <trkpt lat="41.4243" lon="-74.06131">
        <ele>93.7</ele>
      </trkpt>
    </trkseg>
  </trk>
</gpx>
